<Identification>,Filename,BuilderRawFirst5,BuilderAssignedCode
2001-2015-row-end_EX-001,2001-2015-row-end_EX-001.H2K,,1000
2001-2015-row-end_EX-0016,2001-2015-row-end_EX-0016.H2K,,1000
2001-2015-row-end_EX-0017,2001-2015-row-end_EX-0017.H2K,,1000
2001-2015-row-end_EX-002,2001-2015-row-end_EX-002.H2K,,1000
2001-2015-row-end_EX-0029,2001-2015-row-end_EX-0029.H2K,,1000
2001-2015-row-end_EX-003,2001-2015-row-end_EX-003.H2K,,1000
2001-2015-row-end_EX-0031,2001-2015-row-end_EX-0031.H2K,,1000
2001-2015-row-end_EX-004,2001-2015-row-end_EX-004.H2K,,1000
2001-2015-row-end_EX-005,2001-2015-row-end_EX-005.H2K,,1000
2001-2015-row-end_EX-006,2001-2015-row-end_EX-006.H2K,,1000
2001-2015-row-end_EX-007,2001-2015-row-end_EX-007.H2K,,1000
2001-2015-row-end_EX-008,2001-2015-row-end_EX-008.H2K,,1000
2001-2015-row-end_EX-009,2001-2015-row-end_EX-009.H2K,,1000
2001-2015-row-end_EX-010,2001-2015-row-end_EX-010.H2K,,1000
2001-2015-row-end_EX-011,2001-2015-row-end_EX-011.H2K,,1000
2001-2015-row-end_EX-012,2001-2015-row-end_EX-012.H2K,,1000
2001-2015-row-end_EX-013,2001-2015-row-end_EX-013.H2K,,1000
2001-2015-row-end_EX-014,2001-2015-row-end_EX-014.H2K,,1000
2001-2015-row-end_EX-015,2001-2015-row-end_EX-015.H2K,,1000
2001-2015-row-end_EX-018,2001-2015-row-end_EX-018.H2K,,1000
2001-2015-row-end_EX-019,2001-2015-row-end_EX-019.H2K,,1000
2001-2015-row-end_EX-020,2001-2015-row-end_EX-020.H2K,,1000
2001-2015-row-end_EX-021,2001-2015-row-end_EX-021.H2K,,1000
2001-2015-row-end_EX-022,2001-2015-row-end_EX-022.H2K,,1000
2001-2015-row-end_EX-023,2001-2015-row-end_EX-023.H2K,,1000
2001-2015-row-end_EX-024,2001-2015-row-end_EX-024.H2K,,1000
2001-2015-row-end_EX-025,2001-2015-row-end_EX-025.H2K,,1000
2001-2015-row-end_EX-026,2001-2015-row-end_EX-026.H2K,,1000
2001-2015-row-end_EX-027,2001-2015-row-end_EX-027.H2K,,1000
2001-2015-row-end_EX-028,2001-2015-row-end_EX-028.H2K,,1000
2001-2015-row-end_EX-030,2001-2015-row-end_EX-030.H2K,,1000
2001-2015-row-mid_EX-0001,2001-2015-row-mid_EX-0001.H2K,,1000
2001-2015-row-mid_EX-0052,2001-2015-row-mid_EX-0052.H2K,,1000
2001-2015-row-mid_EX-0054,2001-2015-row-mid_EX-0054.H2K,,1000
2001-2015-row-mid_EX-0055,2001-2015-row-mid_EX-0055.H2K,,1000
2001-2015-row-mid_EX-0056,2001-2015-row-mid_EX-0056.H2K,,1000
2001-2015-row-mid_EX-0057,2001-2015-row-mid_EX-0057.H2K,,1000
2001-2015-row-mid_EX-0058,2001-2015-row-mid_EX-0058.H2K,,1000
2001-2015-row-mid_EX-0059,2001-2015-row-mid_EX-0059.H2K,,1000
2001-2015-row-mid_EX-0060,2001-2015-row-mid_EX-0060.H2K,,1000
2001-2015-semi_EX-0001,2001-2015-semi_EX-0001.H2K,,1000
2001-2015-semi_EX-0002,2001-2015-semi_EX-0002.H2K,,1000
2001-2015-semi_EX-0003,2001-2015-semi_EX-0003.H2K,,1000
2001-2015-semi_EX-0004,2001-2015-semi_EX-0004.H2K,,1000
2001-2015-single_EX-0001,2001-2015-single_EX-0001.H2K,,1000
2001-2015-single_EX-0002,2001-2015-single_EX-0002.H2K,,1000
2001-2015-single_EX-0003,2001-2015-single_EX-0003.H2K,,1000
2001-2015-single_EX-0004,2001-2015-single_EX-0004.H2K,,1000
2001-2015-single_EX-0005,2001-2015-single_EX-0005.H2K,,1000
2001-2015-single_EX-0006,2001-2015-single_EX-0006.H2K,,1000
2001-2015-single_EX-0007,2001-2015-single_EX-0007.H2K,,1000
2001-2015-single_EX-0008,2001-2015-single_EX-0008.H2K,,1000
2001-2015-single_EX-0009,2001-2015-single_EX-0009.H2K,,1000
2001-2015-single_EX-0010,2001-2015-single_EX-0010.H2K,,1000
2001-2015-single_EX-0011,2001-2015-single_EX-0011.H2K,,1000
2001-2015-single_EX-0012,2001-2015-single_EX-0012.H2K,,1000
2001-2015-single_EX-0013,2001-2015-single_EX-0013.H2K,,1000
2001-2015-single_EX-0014,2001-2015-single_EX-0014.H2K,,1000
2001-2015-single_EX-0015,2001-2015-single_EX-0015.H2K,,1000
2001-2015-single_EX-0016,2001-2015-single_EX-0016.H2K,,1000
2001-2015-single_EX-0017,2001-2015-single_EX-0017.H2K,,1000
2001-2015-single_EX-0018,2001-2015-single_EX-0018.H2K,,1000
2001-2015-single_EX-0019,2001-2015-single_EX-0019.H2K,,1000
2001-2015-single_EX-0020,2001-2015-single_EX-0020.H2K,,1000
2001-2015-single_EX-0021,2001-2015-single_EX-0021.H2K,,1000
2001-2015-single_EX-0022,2001-2015-single_EX-0022.H2K,,1000
2001-2015-single_EX-0023,2001-2015-single_EX-0023.H2K,,1000
2001-2015-single_EX-0024,2001-2015-single_EX-0024.H2K,,1000
2001-2015-single_EX-0025,2001-2015-single_EX-0025.H2K,,1000
2001-2015-single_EX-0026,2001-2015-single_EX-0026.H2K,,1000
2001-2015-single_EX-0027,2001-2015-single_EX-0027.H2K,,1000
2001-2015-single_EX-0028,2001-2015-single_EX-0028.H2K,,1000
2001-2015-single_EX-0029,2001-2015-single_EX-0029.H2K,,1000
2001-2015-single_EX-0030,2001-2015-single_EX-0030.H2K,,1000
2001-2015-single_EX-0031,2001-2015-single_EX-0031.H2K,,1000
2001-2015-single_EX-0032,2001-2015-single_EX-0032.H2K,,1000
2001-2015-single_EX-0033,2001-2015-single_EX-0033.H2K,,1000
2001-2015-single_EX-0034,2001-2015-single_EX-0034.H2K,,1000
2001-2015-single_EX-0035,2001-2015-single_EX-0035.H2K,,1000
2001-2015-single_EX-0036,2001-2015-single_EX-0036.H2K,,1000
2001-2015-single_EX-0037,2001-2015-single_EX-0037.H2K,,1000
2001-2015-single_EX-0038,2001-2015-single_EX-0038.H2K,,1000
2001-2015-single_EX-0039,2001-2015-single_EX-0039.H2K,,1000
2001-2015-single_EX-0040,2001-2015-single_EX-0040.H2K,,1000
2001-2015-single_EX-0041,2001-2015-single_EX-0041.H2K,,1000
2001-2015-single_EX-0042,2001-2015-single_EX-0042.H2K,,1000
2001-2015-single_EX-0043,2001-2015-single_EX-0043.H2K,,1000
2001-2015-single_EX-0044,2001-2015-single_EX-0044.H2K,,1000
2001-2015-single_EX-0045,2001-2015-single_EX-0045.H2K,,1000
2001-2015-single_EX-0046,2001-2015-single_EX-0046.H2K,,1000
2001-2015-single_EX-0047,2001-2015-single_EX-0047.H2K,,1000
2001-2015-single_EX-0048,2001-2015-single_EX-0048.H2K,,1000
2001-2015-single_EX-0049,2001-2015-single_EX-0049.H2K,,1000
2001-2015-single_EX-0050,2001-2015-single_EX-0050.H2K,,1000
2001-2015-single_EX-0051,2001-2015-single_EX-0051.H2K,,1000
2001-2015-single_EX-0052,2001-2015-single_EX-0052.H2K,,1000
2001-2015-single_EX-0053,2001-2015-single_EX-0053.H2K,,1000
2001-2015-single_EX-0054,2001-2015-single_EX-0054.H2K,,1000
2001-2015-single_EX-0055,2001-2015-single_EX-0055.H2K,,1000
2001-2015-single_EX-0056,2001-2015-single_EX-0056.H2K,,1000
2001-2015-single_EX-0057,2001-2015-single_EX-0057.H2K,,1000
2001-2015-single_EX-0058,2001-2015-single_EX-0058.H2K,,1000
2001-2015-single_EX-0059,2001-2015-single_EX-0059.H2K,,1000
2001-2015-single_EX-0060,2001-2015-single_EX-0060.H2K,,1000
2001-2015-single_EX-0061,2001-2015-single_EX-0061.H2K,,1000
2001-2015-single_EX-0062,2001-2015-single_EX-0062.H2K,,1000
2001-2015-single_EX-0063,2001-2015-single_EX-0063.H2K,,1000
2001-2015-single_EX-0064,2001-2015-single_EX-0064.H2K,,1000
2001-2015-single_EX-0065,2001-2015-single_EX-0065.H2K,,1000
2001-2015-single_EX-0066,2001-2015-single_EX-0066.H2K,,1000
2001-2015-single_EX-0067,2001-2015-single_EX-0067.H2K,,1000
2001-2015-single_EX-0068,2001-2015-single_EX-0068.H2K,,1000
2001-2015-single_EX-0069,2001-2015-single_EX-0069.H2K,,1000
2001-2015-single_EX-0070,2001-2015-single_EX-0070.H2K,,1000
2001-2015-single_EX-0071,2001-2015-single_EX-0071.H2K,,1000
2001-2015-single_EX-0072,2001-2015-single_EX-0072.H2K,,1000
2001-2015-single_EX-0073,2001-2015-single_EX-0073.H2K,,1000
2001-2015-single_EX-0074,2001-2015-single_EX-0074.H2K,,1000
2001-2015-single_EX-0075,2001-2015-single_EX-0075.H2K,,1000
2001-2015-single_EX-0076,2001-2015-single_EX-0076.H2K,,1000
2001-2015-single_EX-0077,2001-2015-single_EX-0077.H2K,,1000
2001-2015-single_EX-0078,2001-2015-single_EX-0078.H2K,,1000
2001-2015-single_EX-0079,2001-2015-single_EX-0079.H2K,,1000
2001-2015-single_EX-0080,2001-2015-single_EX-0080.H2K,,1000
2001-2015-single_EX-0081,2001-2015-single_EX-0081.H2K,,1000
2001-2015-single_EX-0082,2001-2015-single_EX-0082.H2K,,1000
2001-2015-single_EX-0083,2001-2015-single_EX-0083.H2K,,1000
2001-2015-single_EX-0084,2001-2015-single_EX-0084.H2K,,1000
2001-2015-single_EX-0085,2001-2015-single_EX-0085.H2K,,1000
2001-2015-single_EX-0086,2001-2015-single_EX-0086.H2K,,1000
2001-2015-single_EX-0087,2001-2015-single_EX-0087.H2K,,1000
2001-2015-single_EX-0088,2001-2015-single_EX-0088.H2K,,1000
2001-2015-single_EX-0089,2001-2015-single_EX-0089.H2K,,1000
2001-2015-single_EX-0090,2001-2015-single_EX-0090.H2K,,1000
2001-2015-single_EX-0091,2001-2015-single_EX-0091.H2K,,1000
2001-2015-single_EX-0092,2001-2015-single_EX-0092.H2K,,1000
2001-2015-single_EX-0093,2001-2015-single_EX-0093.H2K,,1000
2001-2015-single_EX-0094,2001-2015-single_EX-0094.H2K,,1000
2001-2015-single_EX-0095,2001-2015-single_EX-0095.H2K,,1000
2001-2015-single_EX-0096,2001-2015-single_EX-0096.H2K,,1000
2001-2015-single_EX-0097,2001-2015-single_EX-0097.H2K,,1000
2001-2015-single_EX-0098,2001-2015-single_EX-0098.H2K,,1000
2001-2015-single_EX-0099,2001-2015-single_EX-0099.H2K,,1000
2001-2015-single_EX-0100,2001-2015-single_EX-0100.H2K,,1000
2001-2015-single_EX-0101,2001-2015-single_EX-0101.H2K,,1000
2001-2015-single_EX-0102,2001-2015-single_EX-0102.H2K,,1000
2001-2015-single_EX-0103,2001-2015-single_EX-0103.H2K,,1000
2001-2015-single_EX-0104,2001-2015-single_EX-0104.H2K,,1000
2001-2015-single_EX-0105,2001-2015-single_EX-0105.H2K,,1000
2001-2015-single_EX-0106,2001-2015-single_EX-0106.H2K,,1000
2001-2015-single_EX-0107,2001-2015-single_EX-0107.H2K,,1000
2001-2015-single_EX-0108,2001-2015-single_EX-0108.H2K,,1000
2001-2015-single_EX-0109,2001-2015-single_EX-0109.H2K,,1000
2001-2015-single_EX-0110,2001-2015-single_EX-0110.H2K,,1000
2001-2015-single_EX-0111,2001-2015-single_EX-0111.H2K,,1000
2001-2015-single_EX-0112,2001-2015-single_EX-0112.H2K,,1000
2001-2015-single_EX-0113,2001-2015-single_EX-0113.H2K,,1000
2001-2015-single_EX-0114,2001-2015-single_EX-0114.H2K,,1000
2001-2015-single_EX-0115,2001-2015-single_EX-0115.H2K,,1000
2001-2015-single_EX-0116,2001-2015-single_EX-0116.H2K,,1000
2001-2015-single_EX-0117,2001-2015-single_EX-0117.H2K,,1000
2001-2015-single_EX-0118,2001-2015-single_EX-0118.H2K,,1000
2001-2015-single_EX-0119,2001-2015-single_EX-0119.H2K,,1000
2001-2015-single_EX-0120,2001-2015-single_EX-0120.H2K,,1000
2001-2015-single_EX-0121,2001-2015-single_EX-0121.H2K,,1000
2001-2015-single_EX-0122,2001-2015-single_EX-0122.H2K,,1000
2001-2015-single_EX-0123,2001-2015-single_EX-0123.H2K,,1000
2001-2015-single_EX-0124,2001-2015-single_EX-0124.H2K,,1000
2001-2015-single_EX-0125,2001-2015-single_EX-0125.H2K,,1000
2001-2015-single_EX-0126,2001-2015-single_EX-0126.H2K,,1000
2001-2015-single_EX-0127,2001-2015-single_EX-0127.H2K,,1000
2001-2015-single_EX-0128,2001-2015-single_EX-0128.H2K,,1000
2001-2015-single_EX-0129,2001-2015-single_EX-0129.H2K,,1000
2001-2015-single_EX-0130,2001-2015-single_EX-0130.H2K,,1000
2001-2015-single_EX-0131,2001-2015-single_EX-0131.H2K,,1000
2001-2015-single_EX-0132,2001-2015-single_EX-0132.H2K,,1000
2001-2015-single_EX-0133,2001-2015-single_EX-0133.H2K,,1000
2001-2015-single_EX-0134,2001-2015-single_EX-0134.H2K,,1000
2001-2015-single_EX-0135,2001-2015-single_EX-0135.H2K,,1000
2001-2015-single_EX-0136,2001-2015-single_EX-0136.H2K,,1000
2001-2015-single_EX-0137,2001-2015-single_EX-0137.H2K,,1000
2001-2015-single_EX-0138,2001-2015-single_EX-0138.H2K,,1000
2001-2015-single_EX-0139,2001-2015-single_EX-0139.H2K,,1000
2001-2015-single_EX-0140,2001-2015-single_EX-0140.H2K,,1000
2001-2015-single_EX-0141,2001-2015-single_EX-0141.H2K,,1000
2001-2015-single_EX-0142,2001-2015-single_EX-0142.H2K,,1000
2001-2015-single_EX-0143,2001-2015-single_EX-0143.H2K,,1000
2001-2015-single_EX-0144,2001-2015-single_EX-0144.H2K,,1000
2001-2015-single_EX-0145,2001-2015-single_EX-0145.H2K,,1000
2001-2015-single_EX-0146,2001-2015-single_EX-0146.H2K,,1000
2001-2015-single_EX-0147,2001-2015-single_EX-0147.H2K,,1000
2001-2015-single_EX-0148,2001-2015-single_EX-0148.H2K,,1000
2001-2015-single_EX-0149,2001-2015-single_EX-0149.H2K,,1000
2001-2015-single_EX-0150,2001-2015-single_EX-0150.H2K,,1000
2001-2015-single_EX-0151,2001-2015-single_EX-0151.H2K,,1000
2001-2015-single_EX-0152,2001-2015-single_EX-0152.H2K,,1000
2001-2015-single_EX-0153,2001-2015-single_EX-0153.H2K,,1000
2001-2015-single_EX-0154,2001-2015-single_EX-0154.H2K,,1000
2001-2015-single_EX-0155,2001-2015-single_EX-0155.H2K,,1000
2001-2015-single_EX-0156,2001-2015-single_EX-0156.H2K,,1000
2001-2015-single_EX-0157,2001-2015-single_EX-0157.H2K,,1000
2001-2015-single_EX-0158,2001-2015-single_EX-0158.H2K,,1000
2001-2015-single_EX-0159,2001-2015-single_EX-0159.H2K,,1000
2001-2015-single_EX-0160,2001-2015-single_EX-0160.H2K,,1000
2001-2015-single_EX-0161,2001-2015-single_EX-0161.H2K,,1000
2001-2015-single_EX-0162,2001-2015-single_EX-0162.H2K,,1000
2001-2015-single_EX-0163,2001-2015-single_EX-0163.H2K,,1000
2001-2015-single_EX-0164,2001-2015-single_EX-0164.H2K,,1000
2001-2015-single_EX-0165,2001-2015-single_EX-0165.H2K,,1000
2001-2015-single_EX-0166,2001-2015-single_EX-0166.H2K,,1000
2001-2015-single_EX-0167,2001-2015-single_EX-0167.H2K,,1000
2001-2015-single_EX-0168,2001-2015-single_EX-0168.H2K,,1000
2001-2015-single_EX-0169,2001-2015-single_EX-0169.H2K,,1000
2001-2015-single_EX-0170,2001-2015-single_EX-0170.H2K,,1000
2001-2015-single_EX-0171,2001-2015-single_EX-0171.H2K,,1000
2001-2015-single_EX-0172,2001-2015-single_EX-0172.H2K,,1000
2001-2015-single_EX-0173,2001-2015-single_EX-0173.H2K,,1000
2001-2015-single_EX-0174,2001-2015-single_EX-0174.H2K,,1000
2001-2015-single_EX-0175,2001-2015-single_EX-0175.H2K,,1000
2001-2015-single_EX-0176,2001-2015-single_EX-0176.H2K,,1000
2001-2015-single_EX-0177,2001-2015-single_EX-0177.H2K,,1000
2001-2015-single_EX-0178,2001-2015-single_EX-0178.H2K,,1000
2001-2015-single_EX-0179,2001-2015-single_EX-0179.H2K,,1000
2001-2015-single_EX-0180,2001-2015-single_EX-0180.H2K,,1000
2001-2015-single_EX-0181,2001-2015-single_EX-0181.H2K,,1000
2001-2015-single_EX-0182,2001-2015-single_EX-0182.H2K,,1000
2001-2015-single_EX-0183,2001-2015-single_EX-0183.H2K,,1000
2001-2015-single_EX-0184,2001-2015-single_EX-0184.H2K,,1000
2001-2015-single_EX-0185,2001-2015-single_EX-0185.H2K,,1000
2001-2015-single_EX-0186,2001-2015-single_EX-0186.H2K,,1000
2001-2015-single_EX-0187,2001-2015-single_EX-0187.H2K,,1000
2001-2015-single_EX-0188,2001-2015-single_EX-0188.H2K,,1000
2001-2015-single_EX-0189,2001-2015-single_EX-0189.H2K,,1000
2001-2015-single_EX-0190,2001-2015-single_EX-0190.H2K,,1000
2001-2015-single_EX-0191,2001-2015-single_EX-0191.H2K,,1000
2001-2015-single_EX-0192,2001-2015-single_EX-0192.H2K,,1000
2001-2015-single_EX-0193,2001-2015-single_EX-0193.H2K,,1000
2001-2015-single_EX-0194,2001-2015-single_EX-0194.H2K,,1000
2001-2015-single_EX-0195,2001-2015-single_EX-0195.H2K,,1000
2001-2015-single_EX-0196,2001-2015-single_EX-0196.H2K,,1000
2001-2015-single_EX-0197,2001-2015-single_EX-0197.H2K,,1000
2001-2015-single_EX-0198,2001-2015-single_EX-0198.H2K,,1000
2001-2015-single_EX-0199,2001-2015-single_EX-0199.H2K,,1000
2001-2015-single_EX-0200,2001-2015-single_EX-0200.H2K,,1000
2001-2015-single_EX-0201,2001-2015-single_EX-0201.H2K,,1000
2001-2015-single_EX-0202,2001-2015-single_EX-0202.H2K,,1000
2001-2015-single_EX-0203,2001-2015-single_EX-0203.H2K,,1000
2001-2015-single_EX-0204,2001-2015-single_EX-0204.H2K,,1000
2001-2015-single_EX-0205,2001-2015-single_EX-0205.H2K,,1000
2001-2015-single_EX-0206,2001-2015-single_EX-0206.H2K,,1000
2001-2015-single_EX-0207,2001-2015-single_EX-0207.H2K,,1000
2001-2015-single_EX-0208,2001-2015-single_EX-0208.H2K,,1000
2001-2015-single_EX-0209,2001-2015-single_EX-0209.H2K,,1000
2001-2015-single_EX-0210,2001-2015-single_EX-0210.H2K,,1000
2001-2015-single_EX-0211,2001-2015-single_EX-0211.H2K,,1000
2001-2015-single_EX-0212,2001-2015-single_EX-0212.H2K,,1000
2001-2015-single_EX-0213,2001-2015-single_EX-0213.H2K,,1000
2001-2015-single_EX-0214,2001-2015-single_EX-0214.H2K,,1000
2001-2015-single_EX-0215,2001-2015-single_EX-0215.H2K,,1000
2001-2015-single_EX-0216,2001-2015-single_EX-0216.H2K,,1000
2001-2015-single_EX-0217,2001-2015-single_EX-0217.H2K,,1000
2001-2015-single_EX-0218,2001-2015-single_EX-0218.H2K,,1000
2001-2015-single_EX-0219,2001-2015-single_EX-0219.H2K,,1000
2001-2015-single_EX-0220,2001-2015-single_EX-0220.H2K,,1000
2001-2015-single_EX-0221,2001-2015-single_EX-0221.H2K,,1000
2001-2015-single_EX-0222,2001-2015-single_EX-0222.H2K,,1000
2001-2015-single_EX-0223,2001-2015-single_EX-0223.H2K,,1000
2001-2015-single_EX-0224,2001-2015-single_EX-0224.H2K,,1000
2001-2015-single_EX-0225,2001-2015-single_EX-0225.H2K,,1000
2001-2015-single_EX-0226,2001-2015-single_EX-0226.H2K,,1000
2001-2015-single_EX-0227,2001-2015-single_EX-0227.H2K,,1000
2001-2015-single_EX-0228,2001-2015-single_EX-0228.H2K,,1000
2001-2015-single_EX-0229,2001-2015-single_EX-0229.H2K,,1000
2001-2015-single_EX-0230,2001-2015-single_EX-0230.H2K,,1000
2001-2015-single_EX-0231,2001-2015-single_EX-0231.H2K,,1000
2001-2015-single_EX-0232,2001-2015-single_EX-0232.H2K,,1000
2001-2015-single_EX-0233,2001-2015-single_EX-0233.H2K,,1000
2001-2015-single_EX-0234,2001-2015-single_EX-0234.H2K,,1000
2001-2015-single_EX-0235,2001-2015-single_EX-0235.H2K,,1000
2001-2015-single_EX-0236,2001-2015-single_EX-0236.H2K,,1000
2001-2015-single_EX-0237,2001-2015-single_EX-0237.H2K,,1000
2001-2015-single_EX-0238,2001-2015-single_EX-0238.H2K,,1000
2001-2015-single_EX-0239,2001-2015-single_EX-0239.H2K,,1000
2001-2015-single_EX-0240,2001-2015-single_EX-0240.H2K,,1000
2001-2015-single_EX-0241,2001-2015-single_EX-0241.H2K,,1000
2001-2015-single_EX-0242,2001-2015-single_EX-0242.H2K,,1000
2001-2015-single_EX-0243,2001-2015-single_EX-0243.H2K,,1000
2001-2015-single_EX-0244,2001-2015-single_EX-0244.H2K,,1000
2001-2015-single_EX-0245,2001-2015-single_EX-0245.H2K,,1000
2001-2015-single_EX-0246,2001-2015-single_EX-0246.H2K,,1000
2001-2015-single_EX-0247,2001-2015-single_EX-0247.H2K,,1000
2001-2015-single_EX-0248,2001-2015-single_EX-0248.H2K,,1000
2001-2015-single_EX-0249,2001-2015-single_EX-0249.H2K,,1000
2001-2015-single_EX-0250,2001-2015-single_EX-0250.H2K,,1000
2001-2015-single_EX-0251,2001-2015-single_EX-0251.H2K,,1000
2001-2015-single_EX-0252,2001-2015-single_EX-0252.H2K,,1000
2001-2015-single_EX-0253,2001-2015-single_EX-0253.H2K,,1000
2001-2015-single_EX-0254,2001-2015-single_EX-0254.H2K,,1000
2001-2015-single_EX-0255,2001-2015-single_EX-0255.H2K,,1000
2001-2015-single_EX-0256,2001-2015-single_EX-0256.H2K,,1000
2001-2015-single_EX-0257,2001-2015-single_EX-0257.H2K,,1000
2001-2015-single_EX-0258,2001-2015-single_EX-0258.H2K,,1000
2001-2015-single_EX-0259,2001-2015-single_EX-0259.H2K,,1000
2001-2015-single_EX-0260,2001-2015-single_EX-0260.H2K,,1000
2001-2015-single_EX-0261,2001-2015-single_EX-0261.H2K,,1000
2001-2015-single_EX-0262,2001-2015-single_EX-0262.H2K,,1000
2001-2015-single_EX-0263,2001-2015-single_EX-0263.H2K,,1000
2001-2015-single_EX-0264,2001-2015-single_EX-0264.H2K,,1000
2001-2015-single_EX-0265,2001-2015-single_EX-0265.H2K,,1000
2001-2015-single_EX-0266,2001-2015-single_EX-0266.H2K,,1000
2001-2015-single_EX-0267,2001-2015-single_EX-0267.H2K,,1000
2001-2015-single_EX-0268,2001-2015-single_EX-0268.H2K,,1000
2001-2015-single_EX-0269,2001-2015-single_EX-0269.H2K,,1000
2001-2015-single_EX-0270,2001-2015-single_EX-0270.H2K,,1000
2001-2015-single_EX-0271,2001-2015-single_EX-0271.H2K,,1000
2001-2015-single_EX-0272,2001-2015-single_EX-0272.H2K,,1000
2001-2015-single_EX-0273,2001-2015-single_EX-0273.H2K,,1000
2001-2015-single_EX-0274,2001-2015-single_EX-0274.H2K,,1000
2001-2015-single_EX-0275,2001-2015-single_EX-0275.H2K,,1000
2001-2015-single_EX-0276,2001-2015-single_EX-0276.H2K,,1000
2001-2015-single_EX-0277,2001-2015-single_EX-0277.H2K,,1000
2001-2015-single_EX-0278,2001-2015-single_EX-0278.H2K,,1000
2001-2015-single_EX-0279,2001-2015-single_EX-0279.H2K,,1000
2001-2015-single_EX-0280,2001-2015-single_EX-0280.H2K,,1000
2001-2015-single_EX-0281,2001-2015-single_EX-0281.H2K,,1000
2001-2015-single_EX-0282,2001-2015-single_EX-0282.H2K,,1000
2001-2015-single_EX-0283,2001-2015-single_EX-0283.H2K,,1000
2001-2015-single_EX-0284,2001-2015-single_EX-0284.H2K,,1000
2001-2015-single_EX-0285,2001-2015-single_EX-0285.H2K,,1000
2001-2015-single_EX-0286,2001-2015-single_EX-0286.H2K,,1000
2001-2015-single_EX-0287,2001-2015-single_EX-0287.H2K,,1000
2001-2015-single_EX-0288,2001-2015-single_EX-0288.H2K,,1000
2001-2015-single_EX-0289,2001-2015-single_EX-0289.H2K,,1000
2001-2015-single_EX-0290,2001-2015-single_EX-0290.H2K,,1000
2001-2015-single_EX-0291,2001-2015-single_EX-0291.H2K,,1000
2001-2015-single_EX-0292,2001-2015-single_EX-0292.H2K,,1000
2001-2015-single_EX-0293,2001-2015-single_EX-0293.H2K,,1000
2001-2015-single_EX-0294,2001-2015-single_EX-0294.H2K,,1000
2001-2015-single_EX-0295,2001-2015-single_EX-0295.H2K,,1000
2001-2015-single_EX-0296,2001-2015-single_EX-0296.H2K,,1000
2001-2015-single_EX-0297,2001-2015-single_EX-0297.H2K,,1000
2001-2015-single_EX-0298,2001-2015-single_EX-0298.H2K,,1000
2001-2015-single_EX-0299,2001-2015-single_EX-0299.H2K,,1000
2001-2015-single_EX-0300,2001-2015-single_EX-0300.H2K,,1000
2001-2015-single_EX-0301,2001-2015-single_EX-0301.H2K,,1000
post-2016-row-end_EX-0001,post-2016-row-end_EX-0001.H2K,,1000
post-2016-row-end_EX-0002,post-2016-row-end_EX-0002.H2K,,1000
post-2016-row-end_EX-0003,post-2016-row-end_EX-0003.H2K,,1000
post-2016-row-end_EX-0004,post-2016-row-end_EX-0004.H2K,,1000
post-2016-row-end_EX-0005,post-2016-row-end_EX-0005.H2K,,1000
post-2016-row-end_EX-0006,post-2016-row-end_EX-0006.H2K,,1000
post-2016-row-end_EX-0007,post-2016-row-end_EX-0007.H2K,,1000
post-2016-row-end_EX-0008,post-2016-row-end_EX-0008.H2K,,1000
post-2016-row-end_EX-0009,post-2016-row-end_EX-0009.H2K,,1000
post-2016-row-end_EX-0010,post-2016-row-end_EX-0010.H2K,,1000
post-2016-row-end_EX-0011,post-2016-row-end_EX-0011.H2K,,1000
post-2016-row-end_EX-0012,post-2016-row-end_EX-0012.H2K,,1000
post-2016-row-end_EX-0013,post-2016-row-end_EX-0013.H2K,,1000
post-2016-row-end_EX-0014,post-2016-row-end_EX-0014.H2K,,1000
post-2016-row-mid_EX-0001,post-2016-row-mid_EX-0001.H2K,,1000
post-2016-row-mid_EX-0002,post-2016-row-mid_EX-0002.H2K,,1000
post-2016-row-mid_EX-0003,post-2016-row-mid_EX-0003.H2K,,1000
post-2016-row-mid_EX-0004,post-2016-row-mid_EX-0004.H2K,,1000
post-2016-semi_EX-0001,post-2016-semi_EX-0001.H2K,,1000
post-2016-semi_EX-0002,post-2016-semi_EX-0002.H2K,,1000
post-2016-semi_EX-0003,post-2016-semi_EX-0003.H2K,,1000
post-2016-semi_EX-0004,post-2016-semi_EX-0004.H2K,,1000
post-2016-semi_EX-0005,post-2016-semi_EX-0005.H2K,,1000
post-2016-semi_EX-0006,post-2016-semi_EX-0006.H2K,,1000
post-2016-semi_EX-0007,post-2016-semi_EX-0007.H2K,,1000
post-2016-semi_EX-0008,post-2016-semi_EX-0008.H2K,,1000
post-2016-single_EX-0001,post-2016-single_EX-0001.H2K,,1000
post-2016-single_EX-0002,post-2016-single_EX-0002.H2K,,1000
post-2016-single_EX-0003,post-2016-single_EX-0003.H2K,,1000
post-2016-single_EX-0004,post-2016-single_EX-0004.H2K,,1000
post-2016-single_EX-0005,post-2016-single_EX-0005.H2K,,1000
post-2016-single_EX-0006,post-2016-single_EX-0006.H2K,,1000
post-2016-single_EX-0007,post-2016-single_EX-0007.H2K,,1000
post-2016-single_EX-0008,post-2016-single_EX-0008.H2K,,1000
post-2016-single_EX-0009,post-2016-single_EX-0009.H2K,,1000
post-2016-single_EX-0010,post-2016-single_EX-0010.H2K,,1000
post-2016-single_EX-0011,post-2016-single_EX-0011.H2K,,1000
post-2016-single_EX-0012,post-2016-single_EX-0012.H2K,,1000
post-2016-single_EX-0013,post-2016-single_EX-0013.H2K,,1000
post-2016-single_EX-0014,post-2016-single_EX-0014.H2K,,1000
post-2016-single_EX-0015,post-2016-single_EX-0015.H2K,,1000
post-2016-single_EX-0016,post-2016-single_EX-0016.H2K,,1000
post-2016-single_EX-0017,post-2016-single_EX-0017.H2K,,1000
post-2016-single_EX-0018,post-2016-single_EX-0018.H2K,,1000
post-2016-single_EX-0019,post-2016-single_EX-0019.H2K,,1000
post-2016-single_EX-0020,post-2016-single_EX-0020.H2K,,1000
post-2016-single_EX-0021,post-2016-single_EX-0021.H2K,,1000
post-2016-single_EX-0022,post-2016-single_EX-0022.H2K,,1000
post-2016-single_EX-0023,post-2016-single_EX-0023.H2K,,1000
post-2016-single_EX-0024,post-2016-single_EX-0024.H2K,,1000
post-2016-single_EX-0025,post-2016-single_EX-0025.H2K,,1000
post-2016-single_EX-0026,post-2016-single_EX-0026.H2K,,1000
post-2016-single_EX-0027,post-2016-single_EX-0027.H2K,,1000
post-2016-single_EX-0028,post-2016-single_EX-0028.H2K,,1000
post-2016-single_EX-0029,post-2016-single_EX-0029.H2K,,1000
post-2016-single_EX-0030,post-2016-single_EX-0030.H2K,,1000
post-2016-single_EX-0031,post-2016-single_EX-0031.H2K,,1000
post-2016-single_EX-0032,post-2016-single_EX-0032.H2K,,1000
post-2016-single_EX-0033,post-2016-single_EX-0033.H2K,,1000
post-2016-single_EX-0034,post-2016-single_EX-0034.H2K,,1000
post-2016-single_EX-0035,post-2016-single_EX-0035.H2K,,1000
post-2016-single_EX-0036,post-2016-single_EX-0036.H2K,,1000
post-2016-single_EX-0037,post-2016-single_EX-0037.H2K,,1000
post-2016-single_EX-0038,post-2016-single_EX-0038.H2K,,1000
post-2016-single_EX-0039,post-2016-single_EX-0039.H2K,,1000
post-2016-single_EX-0040,post-2016-single_EX-0040.H2K,,1000
post-2016-single_EX-0041,post-2016-single_EX-0041.H2K,,1000
post-2016-single_EX-0042,post-2016-single_EX-0042.H2K,,1000
post-2016-single_EX-0043,post-2016-single_EX-0043.H2K,,1000
post-2016-single_EX-0044,post-2016-single_EX-0044.H2K,,1000
post-2016-single_EX-0045,post-2016-single_EX-0045.H2K,,1000
post-2016-single_EX-0046,post-2016-single_EX-0046.H2K,,1000
post-2016-single_EX-0047,post-2016-single_EX-0047.H2K,,1000
post-2016-single_EX-0048,post-2016-single_EX-0048.H2K,,1000
post-2016-single_EX-0049,post-2016-single_EX-0049.H2K,,1000
post-2016-single_EX-0050,post-2016-single_EX-0050.H2K,,1000
post-2016-single_EX-0051,post-2016-single_EX-0051.H2K,,1000
post-2016-single_EX-0052,post-2016-single_EX-0052.H2K,,1000
post-2016-single_EX-0053,post-2016-single_EX-0053.H2K,,1000
post-2016-single_EX-0054,post-2016-single_EX-0054.H2K,,1000
post-2016-single_EX-0055,post-2016-single_EX-0055.H2K,,1000
post-2016-single_EX-0056,post-2016-single_EX-0056.H2K,,1000
post-2016-single_EX-0057,post-2016-single_EX-0057.H2K,,1000
post-2016-single_EX-0058,post-2016-single_EX-0058.H2K,,1000
post-2016-single_EX-0059,post-2016-single_EX-0059.H2K,,1000
post-2016-single_EX-0060,post-2016-single_EX-0060.H2K,,1000
post-2016-single_EX-0061,post-2016-single_EX-0061.H2K,,1000
post-2016-single_EX-0062,post-2016-single_EX-0062.H2K,,1000
post-2016-single_EX-0063,post-2016-single_EX-0063.H2K,,1000
post-2016-single_EX-0064,post-2016-single_EX-0064.H2K,,1000
post-2016-single_EX-0065,post-2016-single_EX-0065.H2K,,1000
post-2016-single_EX-0066,post-2016-single_EX-0066.H2K,,1000
post-2016-single_EX-0067,post-2016-single_EX-0067.H2K,,1000
post-2016-single_EX-0068,post-2016-single_EX-0068.H2K,,1000
post-2016-single_EX-0069,post-2016-single_EX-0069.H2K,,1000
pre-2000-row-end_EX-0001,pre-2000-row-end_EX-0001.H2K,,1000
pre-2000-row-end_EX-0002,pre-2000-row-end_EX-0002.H2K,,1000
pre-2000-row-end_EX-0003,pre-2000-row-end_EX-0003.H2K,,1000
pre-2000-row-end_EX-0004,pre-2000-row-end_EX-0004.H2K,,1000
pre-2000-row-end_EX-0005,pre-2000-row-end_EX-0005.H2K,,1000
pre-2000-row-end_EX-0006,pre-2000-row-end_EX-0006.H2K,,1000
pre-2000-row-end_EX-0007,pre-2000-row-end_EX-0007.H2K,,1000
pre-2000-row-end_EX-0008,pre-2000-row-end_EX-0008.H2K,,1000
pre-2000-row-end_EX-0009,pre-2000-row-end_EX-0009.H2K,,1000
pre-2000-row-end_EX-0010,pre-2000-row-end_EX-0010.H2K,,1000
pre-2000-row-end_EX-0011,pre-2000-row-end_EX-0011.H2K,,1000
pre-2000-row-end_EX-0012,pre-2000-row-end_EX-0012.H2K,,1000
pre-2000-row-end_EX-0013,pre-2000-row-end_EX-0013.H2K,,1000
pre-2000-row-end_EX-0014,pre-2000-row-end_EX-0014.H2K,,1000
pre-2000-row-end_EX-0015,pre-2000-row-end_EX-0015.H2K,,1000
pre-2000-row-end_EX-0016,pre-2000-row-end_EX-0016.H2K,,1000
pre-2000-row-end_EX-0017,pre-2000-row-end_EX-0017.H2K,,1000
pre-2000-row-end_EX-0018,pre-2000-row-end_EX-0018.H2K,,1000
pre-2000-row-end_EX-0019,pre-2000-row-end_EX-0019.H2K,,1000
pre-2000-row-end_EX-0020,pre-2000-row-end_EX-0020.H2K,,1000
pre-2000-row-end_EX-0021,pre-2000-row-end_EX-0021.H2K,,1000
pre-2000-row-end_EX-0022,pre-2000-row-end_EX-0022.H2K,,1000
pre-2000-row-end_EX-0023,pre-2000-row-end_EX-0023.H2K,,1000
pre-2000-row-end_EX-0024,pre-2000-row-end_EX-0024.H2K,,1000
pre-2000-row-end_EX-0025,pre-2000-row-end_EX-0025.H2K,,1000
pre-2000-row-end_EX-0026,pre-2000-row-end_EX-0026.H2K,,1000
pre-2000-row-end_EX-0027,pre-2000-row-end_EX-0027.H2K,,1000
pre-2000-row-end_EX-0028,pre-2000-row-end_EX-0028.H2K,,1000
pre-2000-row-end_EX-0029,pre-2000-row-end_EX-0029.H2K,,1000
pre-2000-row-end_EX-0030,pre-2000-row-end_EX-0030.H2K,,1000
pre-2000-row-end_EX-0031,pre-2000-row-end_EX-0031.H2K,,1000
pre-2000-row-end_EX-0032,pre-2000-row-end_EX-0032.H2K,,1000
pre-2000-row-end_EX-0033,pre-2000-row-end_EX-0033.H2K,,1000
pre-2000-row-end_EX-0034,pre-2000-row-end_EX-0034.H2K,,1000
pre-2000-row-end_EX-0035,pre-2000-row-end_EX-0035.H2K,,1000
pre-2000-row-end_EX-0036,pre-2000-row-end_EX-0036.H2K,,1000
pre-2000-row-end_EX-0037,pre-2000-row-end_EX-0037.H2K,,1000
pre-2000-row-end_EX-0038,pre-2000-row-end_EX-0038.H2K,,1000
pre-2000-row-end_EX-0039,pre-2000-row-end_EX-0039.H2K,,1000
pre-2000-row-end_EX-0040,pre-2000-row-end_EX-0040.H2K,,1000
pre-2000-row-end_EX-0041,pre-2000-row-end_EX-0041.H2K,,1000
pre-2000-row-end_EX-0042,pre-2000-row-end_EX-0042.H2K,,1000
pre-2000-row-end_EX-0043,pre-2000-row-end_EX-0043.H2K,,1000
pre-2000-row-end_EX-0044,pre-2000-row-end_EX-0044.H2K,,1000
pre-2000-row-end_EX-0045,pre-2000-row-end_EX-0045.H2K,,1000
pre-2000-row-end_EX-0046,pre-2000-row-end_EX-0046.H2K,,1000
pre-2000-row-end_EX-0047,pre-2000-row-end_EX-0047.H2K,,1000
pre-2000-row-end_EX-0048,pre-2000-row-end_EX-0048.H2K,,1000
pre-2000-row-end_EX-0049,pre-2000-row-end_EX-0049.H2K,,1000
pre-2000-row-end_EX-0050,pre-2000-row-end_EX-0050.H2K,,1000
pre-2000-row-end_EX-0051,pre-2000-row-end_EX-0051.H2K,,1000
pre-2000-row-end_EX-0052,pre-2000-row-end_EX-0052.H2K,,1000
pre-2000-row-end_EX-0053,pre-2000-row-end_EX-0053.H2K,,1000
pre-2000-row-end_EX-0054,pre-2000-row-end_EX-0054.H2K,,1000
pre-2000-row-end_EX-0055,pre-2000-row-end_EX-0055.H2K,,1000
pre-2000-row-end_EX-0056,pre-2000-row-end_EX-0056.H2K,,1000
pre-2000-row-end_EX-0057,pre-2000-row-end_EX-0057.H2K,,1000
pre-2000-row-end_EX-0058,pre-2000-row-end_EX-0058.H2K,,1000
pre-2000-row-end_EX-0059,pre-2000-row-end_EX-0059.H2K,,1000
pre-2000-row-end_EX-0060,pre-2000-row-end_EX-0060.H2K,,1000
pre-2000-row-end_EX-0061,pre-2000-row-end_EX-0061.H2K,,1000
pre-2000-row-end_EX-0062,pre-2000-row-end_EX-0062.H2K,,1000
pre-2000-row-end_EX-0063,pre-2000-row-end_EX-0063.H2K,,1000
pre-2000-row-end_EX-0064,pre-2000-row-end_EX-0064.H2K,,1000
pre-2000-row-end_EX-0065,pre-2000-row-end_EX-0065.H2K,,1000
pre-2000-row-end_EX-0066,pre-2000-row-end_EX-0066.H2K,,1000
pre-2000-row-end_EX-0067,pre-2000-row-end_EX-0067.H2K,,1000
pre-2000-row-end_EX-0068,pre-2000-row-end_EX-0068.H2K,,1000
pre-2000-row-end_EX-0069,pre-2000-row-end_EX-0069.H2K,,1000
pre-2000-row-end_EX-0070,pre-2000-row-end_EX-0070.H2K,,1000
pre-2000-row-end_EX-0071,pre-2000-row-end_EX-0071.H2K,,1000
pre-2000-row-end_EX-0072,pre-2000-row-end_EX-0072.H2K,,1000
pre-2000-row-end_EX-0073,pre-2000-row-end_EX-0073.H2K,,1000
pre-2000-row-end_EX-0074,pre-2000-row-end_EX-0074.H2K,,1000
pre-2000-row-end_EX-0075,pre-2000-row-end_EX-0075.H2K,,1000
pre-2000-row-end_EX-0076,pre-2000-row-end_EX-0076.H2K,,1000
pre-2000-row-end_EX-0077,pre-2000-row-end_EX-0077.H2K,,1000
pre-2000-row-end_EX-0078,pre-2000-row-end_EX-0078.H2K,,1000
pre-2000-row-end_EX-0079,pre-2000-row-end_EX-0079.H2K,,1000
pre-2000-row-end_EX-0080,pre-2000-row-end_EX-0080.H2K,,1000
pre-2000-row-end_EX-0081,pre-2000-row-end_EX-0081.H2K,,1000
pre-2000-row-end_EX-0082,pre-2000-row-end_EX-0082.H2K,,1000
pre-2000-row-end_EX-0083,pre-2000-row-end_EX-0083.H2K,,1000
pre-2000-row-end_EX-0084,pre-2000-row-end_EX-0084.H2K,,1000
pre-2000-row-end_EX-0085,pre-2000-row-end_EX-0085.H2K,,1000
pre-2000-row-end_EX-0086,pre-2000-row-end_EX-0086.H2K,,1000
pre-2000-row-end_EX-0087,pre-2000-row-end_EX-0087.H2K,,1000
pre-2000-row-end_EX-0088,pre-2000-row-end_EX-0088.H2K,,1000
pre-2000-row-end_EX-0089,pre-2000-row-end_EX-0089.H2K,,1000
pre-2000-row-end_EX-0090,pre-2000-row-end_EX-0090.H2K,,1000
pre-2000-row-end_EX-0091,pre-2000-row-end_EX-0091.H2K,,1000
pre-2000-row-end_EX-0092,pre-2000-row-end_EX-0092.H2K,,1000
pre-2000-row-end_EX-0093,pre-2000-row-end_EX-0093.H2K,,1000
pre-2000-row-end_EX-0094,pre-2000-row-end_EX-0094.H2K,,1000
pre-2000-row-end_EX-0095,pre-2000-row-end_EX-0095.H2K,,1000
pre-2000-row-end_EX-0096,pre-2000-row-end_EX-0096.H2K,,1000
pre-2000-row-end_EX-0097,pre-2000-row-end_EX-0097.H2K,,1000
pre-2000-row-end_EX-0098,pre-2000-row-end_EX-0098.H2K,,1000
pre-2000-row-end_EX-0099,pre-2000-row-end_EX-0099.H2K,,1000
pre-2000-row-end_EX-0100,pre-2000-row-end_EX-0100.H2K,,1000
pre-2000-row-end_EX-0101,pre-2000-row-end_EX-0101.H2K,,1000
pre-2000-row-end_EX-0102,pre-2000-row-end_EX-0102.H2K,,1000
pre-2000-row-end_EX-0103,pre-2000-row-end_EX-0103.H2K,,1000
pre-2000-row-end_EX-0104,pre-2000-row-end_EX-0104.H2K,,1000
pre-2000-row-end_EX-0105,pre-2000-row-end_EX-0105.H2K,,1000
pre-2000-row-end_EX-0106,pre-2000-row-end_EX-0106.H2K,,1000
pre-2000-row-end_EX-0107,pre-2000-row-end_EX-0107.H2K,,1000
pre-2000-row-end_EX-0108,pre-2000-row-end_EX-0108.H2K,,1000
pre-2000-row-end_EX-0109,pre-2000-row-end_EX-0109.H2K,,1000
pre-2000-row-end_EX-0110,pre-2000-row-end_EX-0110.H2K,,1000
pre-2000-row-end_EX-0111,pre-2000-row-end_EX-0111.H2K,,1000
pre-2000-row-end_EX-0112,pre-2000-row-end_EX-0112.H2K,,1000
pre-2000-row-end_EX-0113,pre-2000-row-end_EX-0113.H2K,,1000
pre-2000-row-end_EX-0114,pre-2000-row-end_EX-0114.H2K,,1000
pre-2000-row-end_EX-0115,pre-2000-row-end_EX-0115.H2K,,1000
pre-2000-row-end_EX-0116,pre-2000-row-end_EX-0116.H2K,,1000
pre-2000-row-end_EX-0117,pre-2000-row-end_EX-0117.H2K,,1000
pre-2000-row-end_EX-0118,pre-2000-row-end_EX-0118.H2K,,1000
pre-2000-row-end_EX-0119,pre-2000-row-end_EX-0119.H2K,,1000
pre-2000-row-end_EX-0120,pre-2000-row-end_EX-0120.H2K,,1000
pre-2000-row-end_EX-0121,pre-2000-row-end_EX-0121.H2K,,1000
pre-2000-row-end_EX-0122,pre-2000-row-end_EX-0122.H2K,,1000
pre-2000-row-end_EX-0123,pre-2000-row-end_EX-0123.H2K,,1000
pre-2000-row-end_EX-0124,pre-2000-row-end_EX-0124.H2K,,1000
pre-2000-row-end_EX-0125,pre-2000-row-end_EX-0125.H2K,,1000
pre-2000-row-end_EX-0126,pre-2000-row-end_EX-0126.H2K,,1000
pre-2000-row-end_EX-0127,pre-2000-row-end_EX-0127.H2K,,1000
pre-2000-row-end_EX-0128,pre-2000-row-end_EX-0128.H2K,,1000
pre-2000-row-end_EX-0129,pre-2000-row-end_EX-0129.H2K,,1000
pre-2000-row-end_EX-0130,pre-2000-row-end_EX-0130.H2K,,1000
pre-2000-row-end_EX-0131,pre-2000-row-end_EX-0131.H2K,,1000
pre-2000-row-end_EX-0132,pre-2000-row-end_EX-0132.H2K,,1000
pre-2000-row-end_EX-0133,pre-2000-row-end_EX-0133.H2K,,1000
pre-2000-row-end_EX-0134,pre-2000-row-end_EX-0134.H2K,,1000
pre-2000-row-end_EX-0135,pre-2000-row-end_EX-0135.H2K,,1000
pre-2000-row-end_EX-0136,pre-2000-row-end_EX-0136.H2K,,1000
pre-2000-row-end_EX-0137,pre-2000-row-end_EX-0137.H2K,,1000
pre-2000-row-end_EX-0138,pre-2000-row-end_EX-0138.H2K,,1000
pre-2000-row-end_EX-0139,pre-2000-row-end_EX-0139.H2K,,1000
pre-2000-row-end_EX-0140,pre-2000-row-end_EX-0140.H2K,,1000
pre-2000-row-end_EX-0141,pre-2000-row-end_EX-0141.H2K,,1000
pre-2000-row-end_EX-0142,pre-2000-row-end_EX-0142.H2K,,1000
pre-2000-row-end_EX-0143,pre-2000-row-end_EX-0143.H2K,,1000
pre-2000-row-end_EX-0144,pre-2000-row-end_EX-0144.H2K,,1000
pre-2000-row-end_EX-0145,pre-2000-row-end_EX-0145.H2K,,1000
pre-2000-row-end_EX-0146,pre-2000-row-end_EX-0146.H2K,,1000
pre-2000-row-end_EX-0147,pre-2000-row-end_EX-0147.H2K,,1000
pre-2000-row-end_EX-0148,pre-2000-row-end_EX-0148.H2K,,1000
pre-2000-row-end_EX-0149,pre-2000-row-end_EX-0149.H2K,,1000
pre-2000-row-end_EX-0150,pre-2000-row-end_EX-0150.H2K,,1000
pre-2000-row-end_EX-0151,pre-2000-row-end_EX-0151.H2K,,1000
pre-2000-row-end_EX-0152,pre-2000-row-end_EX-0152.H2K,,1000
pre-2000-row-end_EX-0153,pre-2000-row-end_EX-0153.H2K,,1000
pre-2000-row-end_EX-0154,pre-2000-row-end_EX-0154.H2K,,1000
pre-2000-row-end_EX-0155,pre-2000-row-end_EX-0155.H2K,,1000
pre-2000-row-end_EX-0156,pre-2000-row-end_EX-0156.H2K,,1000
pre-2000-row-end_EX-0157,pre-2000-row-end_EX-0157.H2K,,1000
pre-2000-row-end_EX-0158,pre-2000-row-end_EX-0158.H2K,,1000
pre-2000-row-end_EX-0159,pre-2000-row-end_EX-0159.H2K,,1000
pre-2000-row-end_EX-0160,pre-2000-row-end_EX-0160.H2K,,1000
pre-2000-row-end_EX-0161,pre-2000-row-end_EX-0161.H2K,,1000
pre-2000-row-end_EX-0162,pre-2000-row-end_EX-0162.H2K,,1000
pre-2000-row-end_EX-0163,pre-2000-row-end_EX-0163.H2K,,1000
pre-2000-row-end_EX-0164,pre-2000-row-end_EX-0164.H2K,,1000
pre-2000-row-end_EX-0165,pre-2000-row-end_EX-0165.H2K,,1000
pre-2000-row-end_EX-0166,pre-2000-row-end_EX-0166.H2K,,1000
pre-2000-row-end_EX-0167,pre-2000-row-end_EX-0167.H2K,,1000
pre-2000-row-end_EX-0168,pre-2000-row-end_EX-0168.H2K,,1000
pre-2000-row-end_EX-0169,pre-2000-row-end_EX-0169.H2K,,1000
pre-2000-row-end_EX-0170,pre-2000-row-end_EX-0170.H2K,,1000
pre-2000-row-end_EX-0171,pre-2000-row-end_EX-0171.H2K,,1000
pre-2000-row-end_EX-0172,pre-2000-row-end_EX-0172.H2K,,1000
pre-2000-row-end_EX-0173,pre-2000-row-end_EX-0173.H2K,,1000
pre-2000-row-end_EX-0174,pre-2000-row-end_EX-0174.H2K,,1000
pre-2000-row-end_EX-0175,pre-2000-row-end_EX-0175.H2K,,1000
pre-2000-row-end_EX-0176,pre-2000-row-end_EX-0176.H2K,,1000
pre-2000-row-end_EX-0177,pre-2000-row-end_EX-0177.H2K,,1000
pre-2000-row-end_EX-0178,pre-2000-row-end_EX-0178.H2K,,1000
pre-2000-row-end_EX-0179,pre-2000-row-end_EX-0179.H2K,,1000
pre-2000-row-end_EX-0180,pre-2000-row-end_EX-0180.H2K,,1000
pre-2000-row-end_EX-0181,pre-2000-row-end_EX-0181.H2K,,1000
pre-2000-row-end_EX-0182,pre-2000-row-end_EX-0182.H2K,,1000
pre-2000-row-mid_EX-0001,pre-2000-row-mid_EX-0001.H2K,,1000
pre-2000-row-mid_EX-0002,pre-2000-row-mid_EX-0002.H2K,,1000
pre-2000-row-mid_EX-0003,pre-2000-row-mid_EX-0003.H2K,,1000
pre-2000-row-mid_EX-0004,pre-2000-row-mid_EX-0004.H2K,,1000
pre-2000-row-mid_EX-0005,pre-2000-row-mid_EX-0005.H2K,,1000
pre-2000-row-mid_EX-0006,pre-2000-row-mid_EX-0006.H2K,,1000
pre-2000-row-mid_EX-0007,pre-2000-row-mid_EX-0007.H2K,,1000
pre-2000-row-mid_EX-0008,pre-2000-row-mid_EX-0008.H2K,,1000
pre-2000-row-mid_EX-0009,pre-2000-row-mid_EX-0009.H2K,,1000
pre-2000-row-mid_EX-0010,pre-2000-row-mid_EX-0010.H2K,,1000
pre-2000-row-mid_EX-0011,pre-2000-row-mid_EX-0011.H2K,,1000
pre-2000-row-mid_EX-0012,pre-2000-row-mid_EX-0012.H2K,,1000
pre-2000-row-mid_EX-0013,pre-2000-row-mid_EX-0013.H2K,,1000
pre-2000-row-mid_EX-0014,pre-2000-row-mid_EX-0014.H2K,,1000
pre-2000-row-mid_EX-0015,pre-2000-row-mid_EX-0015.H2K,,1000
pre-2000-row-mid_EX-0016,pre-2000-row-mid_EX-0016.H2K,,1000
pre-2000-row-mid_EX-0017,pre-2000-row-mid_EX-0017.H2K,,1000
pre-2000-row-mid_EX-0018,pre-2000-row-mid_EX-0018.H2K,,1000
pre-2000-row-mid_EX-0019,pre-2000-row-mid_EX-0019.H2K,,1000
pre-2000-row-mid_EX-0020,pre-2000-row-mid_EX-0020.H2K,,1000
pre-2000-row-mid_EX-0021,pre-2000-row-mid_EX-0021.H2K,,1000
pre-2000-row-mid_EX-0022,pre-2000-row-mid_EX-0022.H2K,,1000
pre-2000-row-mid_EX-0023,pre-2000-row-mid_EX-0023.H2K,,1000
pre-2000-row-mid_EX-0024,pre-2000-row-mid_EX-0024.H2K,,1000
pre-2000-row-mid_EX-0025,pre-2000-row-mid_EX-0025.H2K,,1000
pre-2000-row-mid_EX-0026,pre-2000-row-mid_EX-0026.H2K,,1000
pre-2000-row-mid_EX-0027,pre-2000-row-mid_EX-0027.H2K,,1000
pre-2000-row-mid_EX-0028,pre-2000-row-mid_EX-0028.H2K,,1000
pre-2000-row-mid_EX-0029,pre-2000-row-mid_EX-0029.H2K,,1000
pre-2000-row-mid_EX-0030,pre-2000-row-mid_EX-0030.H2K,,1000
pre-2000-row-mid_EX-0031,pre-2000-row-mid_EX-0031.H2K,,1000
pre-2000-row-mid_EX-0032,pre-2000-row-mid_EX-0032.H2K,,1000
pre-2000-semi_EX-0001,pre-2000-semi_EX-0001.H2K,,1000
pre-2000-semi_EX-0002,pre-2000-semi_EX-0002.H2K,,1000
pre-2000-semi_EX-0003,pre-2000-semi_EX-0003.H2K,,1000
pre-2000-semi_EX-0004,pre-2000-semi_EX-0004.H2K,,1000
pre-2000-semi_EX-0005,pre-2000-semi_EX-0005.H2K,,1000
pre-2000-semi_EX-0006,pre-2000-semi_EX-0006.H2K,,1000
pre-2000-semi_EX-0007,pre-2000-semi_EX-0007.H2K,,1000
pre-2000-semi_EX-0008,pre-2000-semi_EX-0008.H2K,,1000
pre-2000-semi_EX-0009,pre-2000-semi_EX-0009.H2K,,1000
pre-2000-semi_EX-0010,pre-2000-semi_EX-0010.H2K,,1000
pre-2000-semi_EX-0011,pre-2000-semi_EX-0011.H2K,,1000
pre-2000-semi_EX-0012,pre-2000-semi_EX-0012.H2K,,1000
pre-2000-semi_EX-0013,pre-2000-semi_EX-0013.H2K,,1000
pre-2000-semi_EX-0014,pre-2000-semi_EX-0014.H2K,,1000
pre-2000-semi_EX-0015,pre-2000-semi_EX-0015.H2K,,1000
pre-2000-semi_EX-0016,pre-2000-semi_EX-0016.H2K,,1000
pre-2000-semi_EX-0017,pre-2000-semi_EX-0017.H2K,,1000
pre-2000-semi_EX-0018,pre-2000-semi_EX-0018.H2K,,1000
pre-2000-semi_EX-0019,pre-2000-semi_EX-0019.H2K,,1000
pre-2000-semi_EX-0020,pre-2000-semi_EX-0020.H2K,,1000
pre-2000-semi_EX-0021,pre-2000-semi_EX-0021.H2K,,1000
pre-2000-semi_EX-0022,pre-2000-semi_EX-0022.H2K,,1000
pre-2000-semi_EX-0023,pre-2000-semi_EX-0023.H2K,,1000
pre-2000-semi_EX-0024,pre-2000-semi_EX-0024.H2K,,1000
pre-2000-semi_EX-0025,pre-2000-semi_EX-0025.H2K,,1000
pre-2000-semi_EX-0026,pre-2000-semi_EX-0026.H2K,,1000
pre-2000-semi_EX-0027,pre-2000-semi_EX-0027.H2K,,1000
pre-2000-semi_EX-0028,pre-2000-semi_EX-0028.H2K,,1000
pre-2000-semi_EX-0029,pre-2000-semi_EX-0029.H2K,,1000
pre-2000-semi_EX-0030,pre-2000-semi_EX-0030.H2K,,1000
pre-2000-semi_EX-0031,pre-2000-semi_EX-0031.H2K,,1000
pre-2000-semi_EX-0032,pre-2000-semi_EX-0032.H2K,,1000
pre-2000-semi_EX-0033,pre-2000-semi_EX-0033.H2K,,1000
pre-2000-semi_EX-0034,pre-2000-semi_EX-0034.H2K,,1000
pre-2000-semi_EX-0035,pre-2000-semi_EX-0035.H2K,,1000
pre-2000-semi_EX-0036,pre-2000-semi_EX-0036.H2K,,1000
pre-2000-semi_EX-0037,pre-2000-semi_EX-0037.H2K,,1000
pre-2000-semi_EX-0038,pre-2000-semi_EX-0038.H2K,,1000
pre-2000-semi_EX-0039,pre-2000-semi_EX-0039.H2K,,1000
pre-2000-semi_EX-0040,pre-2000-semi_EX-0040.H2K,,1000
pre-2000-semi_EX-0041,pre-2000-semi_EX-0041.H2K,,1000
pre-2000-semi_EX-0042,pre-2000-semi_EX-0042.H2K,,1000
pre-2000-semi_EX-0043,pre-2000-semi_EX-0043.H2K,,1000
pre-2000-semi_EX-0044,pre-2000-semi_EX-0044.H2K,,1000
pre-2000-semi_EX-0045,pre-2000-semi_EX-0045.H2K,,1000
pre-2000-semi_EX-0046,pre-2000-semi_EX-0046.H2K,,1000
pre-2000-semi_EX-0047,pre-2000-semi_EX-0047.H2K,,1000
pre-2000-single_EX-0001,pre-2000-single_EX-0001.H2K,,1000
pre-2000-single_EX-0002,pre-2000-single_EX-0002.H2K,,1000
pre-2000-single_EX-0003,pre-2000-single_EX-0003.H2K,,1000
pre-2000-single_EX-0004,pre-2000-single_EX-0004.H2K,,1000
pre-2000-single_EX-0005,pre-2000-single_EX-0005.H2K,,1000
pre-2000-single_EX-0006,pre-2000-single_EX-0006.H2K,,1000
pre-2000-single_EX-0007,pre-2000-single_EX-0007.H2K,,1000
pre-2000-single_EX-0008,pre-2000-single_EX-0008.H2K,,1000
pre-2000-single_EX-0009,pre-2000-single_EX-0009.H2K,,1000
pre-2000-single_EX-0010,pre-2000-single_EX-0010.H2K,,1000
pre-2000-single_EX-0011,pre-2000-single_EX-0011.H2K,,1000
pre-2000-single_EX-0012,pre-2000-single_EX-0012.H2K,,1000
pre-2000-single_EX-0013,pre-2000-single_EX-0013.H2K,,1000
pre-2000-single_EX-0014,pre-2000-single_EX-0014.H2K,,1000
pre-2000-single_EX-0015,pre-2000-single_EX-0015.H2K,,1000
pre-2000-single_EX-0016,pre-2000-single_EX-0016.H2K,,1000
pre-2000-single_EX-0017,pre-2000-single_EX-0017.H2K,,1000
pre-2000-single_EX-0018,pre-2000-single_EX-0018.H2K,,1000
pre-2000-single_EX-0019,pre-2000-single_EX-0019.H2K,,1000
pre-2000-single_EX-0020,pre-2000-single_EX-0020.H2K,,1000
pre-2000-single_EX-0021,pre-2000-single_EX-0021.H2K,,1000
pre-2000-single_EX-0022,pre-2000-single_EX-0022.H2K,,1000
pre-2000-single_EX-0023,pre-2000-single_EX-0023.H2K,,1000
pre-2000-single_EX-0024,pre-2000-single_EX-0024.H2K,,1000
pre-2000-single_EX-0025,pre-2000-single_EX-0025.H2K,,1000
pre-2000-single_EX-0026,pre-2000-single_EX-0026.H2K,,1000
pre-2000-single_EX-0027,pre-2000-single_EX-0027.H2K,,1000
pre-2000-single_EX-0028,pre-2000-single_EX-0028.H2K,,1000
pre-2000-single_EX-0029,pre-2000-single_EX-0029.H2K,,1000
pre-2000-single_EX-0030,pre-2000-single_EX-0030.H2K,,1000
pre-2000-single_EX-0031,pre-2000-single_EX-0031.H2K,,1000
pre-2000-single_EX-0032,pre-2000-single_EX-0032.H2K,,1000
pre-2000-single_EX-0033,pre-2000-single_EX-0033.H2K,,1000
pre-2000-single_EX-0034,pre-2000-single_EX-0034.H2K,,1000
pre-2000-single_EX-0035,pre-2000-single_EX-0035.H2K,,1000
pre-2000-single_EX-0036,pre-2000-single_EX-0036.H2K,,1000
pre-2000-single_EX-0037,pre-2000-single_EX-0037.H2K,,1000
pre-2000-single_EX-0038,pre-2000-single_EX-0038.H2K,,1000
pre-2000-single_EX-0039,pre-2000-single_EX-0039.H2K,,1000
pre-2000-single_EX-0040,pre-2000-single_EX-0040.H2K,,1000
pre-2000-single_EX-0041,pre-2000-single_EX-0041.H2K,,1000
pre-2000-single_EX-0042,pre-2000-single_EX-0042.H2K,,1000
pre-2000-single_EX-0043,pre-2000-single_EX-0043.H2K,,1000
pre-2000-single_EX-0044,pre-2000-single_EX-0044.H2K,,1000
pre-2000-single_EX-0045,pre-2000-single_EX-0045.H2K,,1000
pre-2000-single_EX-0046,pre-2000-single_EX-0046.H2K,,1000
pre-2000-single_EX-0047,pre-2000-single_EX-0047.H2K,,1000
pre-2000-single_EX-0048,pre-2000-single_EX-0048.H2K,,1000
pre-2000-single_EX-0049,pre-2000-single_EX-0049.H2K,,1000
pre-2000-single_EX-0050,pre-2000-single_EX-0050.H2K,,1000
pre-2000-single_EX-0051,pre-2000-single_EX-0051.H2K,,1000
pre-2000-single_EX-0052,pre-2000-single_EX-0052.H2K,,1000
pre-2000-single_EX-0053,pre-2000-single_EX-0053.H2K,,1000
pre-2000-single_EX-0054,pre-2000-single_EX-0054.H2K,,1000
pre-2000-single_EX-0055,pre-2000-single_EX-0055.H2K,,1000
pre-2000-single_EX-0056,pre-2000-single_EX-0056.H2K,,1000
pre-2000-single_EX-0057,pre-2000-single_EX-0057.H2K,,1000
pre-2000-single_EX-0058,pre-2000-single_EX-0058.H2K,,1000
pre-2000-single_EX-0059,pre-2000-single_EX-0059.H2K,,1000
pre-2000-single_EX-0060,pre-2000-single_EX-0060.H2K,,1000
pre-2000-single_EX-0061,pre-2000-single_EX-0061.H2K,,1000
pre-2000-single_EX-0062,pre-2000-single_EX-0062.H2K,,1000
pre-2000-single_EX-0063,pre-2000-single_EX-0063.H2K,,1000
pre-2000-single_EX-0064,pre-2000-single_EX-0064.H2K,,1000
pre-2000-single_EX-0065,pre-2000-single_EX-0065.H2K,,1000
pre-2000-single_EX-0066,pre-2000-single_EX-0066.H2K,,1000
pre-2000-single_EX-0067,pre-2000-single_EX-0067.H2K,,1000
pre-2000-single_EX-0068,pre-2000-single_EX-0068.H2K,,1000
pre-2000-single_EX-0069,pre-2000-single_EX-0069.H2K,,1000
pre-2000-single_EX-0070,pre-2000-single_EX-0070.H2K,,1000
pre-2000-single_EX-0071,pre-2000-single_EX-0071.H2K,,1000
pre-2000-single_EX-0072,pre-2000-single_EX-0072.H2K,,1000
pre-2000-single_EX-0073,pre-2000-single_EX-0073.H2K,,1000
pre-2000-single_EX-0074,pre-2000-single_EX-0074.H2K,,1000
pre-2000-single_EX-0075,pre-2000-single_EX-0075.H2K,,1000
pre-2000-single_EX-0076,pre-2000-single_EX-0076.H2K,,1000
pre-2000-single_EX-0077,pre-2000-single_EX-0077.H2K,,1000
pre-2000-single_EX-0078,pre-2000-single_EX-0078.H2K,,1000
pre-2000-single_EX-0079,pre-2000-single_EX-0079.H2K,,1000
pre-2000-single_EX-0080,pre-2000-single_EX-0080.H2K,,1000
pre-2000-single_EX-0081,pre-2000-single_EX-0081.H2K,,1000
pre-2000-single_EX-0082,pre-2000-single_EX-0082.H2K,,1000
pre-2000-single_EX-0083,pre-2000-single_EX-0083.H2K,,1000
pre-2000-single_EX-0084,pre-2000-single_EX-0084.H2K,,1000
pre-2000-single_EX-0085,pre-2000-single_EX-0085.H2K,,1000
pre-2000-single_EX-0086,pre-2000-single_EX-0086.H2K,,1000
pre-2000-single_EX-0087,pre-2000-single_EX-0087.H2K,,1000
pre-2000-single_EX-0088,pre-2000-single_EX-0088.H2K,,1000
pre-2000-single_EX-0089,pre-2000-single_EX-0089.H2K,,1000
pre-2000-single_EX-0090,pre-2000-single_EX-0090.H2K,,1000
pre-2000-single_EX-0091,pre-2000-single_EX-0091.H2K,,1000
pre-2000-single_EX-0092,pre-2000-single_EX-0092.H2K,,1000
pre-2000-single_EX-0093,pre-2000-single_EX-0093.H2K,,1000
pre-2000-single_EX-0094,pre-2000-single_EX-0094.H2K,,1000
pre-2000-single_EX-0095,pre-2000-single_EX-0095.H2K,,1000
pre-2000-single_EX-0096,pre-2000-single_EX-0096.H2K,,1000
pre-2000-single_EX-0097,pre-2000-single_EX-0097.H2K,,1000
pre-2000-single_EX-0098,pre-2000-single_EX-0098.H2K,,1000
pre-2000-single_EX-0099,pre-2000-single_EX-0099.H2K,,1000
pre-2000-single_EX-0100,pre-2000-single_EX-0100.H2K,,1000
pre-2000-single_EX-0101,pre-2000-single_EX-0101.H2K,,1000
pre-2000-single_EX-0102,pre-2000-single_EX-0102.H2K,,1000
pre-2000-single_EX-0103,pre-2000-single_EX-0103.H2K,,1000
pre-2000-single_EX-0104,pre-2000-single_EX-0104.H2K,,1000
pre-2000-single_EX-0105,pre-2000-single_EX-0105.H2K,,1000
pre-2000-single_EX-0106,pre-2000-single_EX-0106.H2K,,1000
pre-2000-single_EX-0107,pre-2000-single_EX-0107.H2K,,1000
pre-2000-single_EX-0108,pre-2000-single_EX-0108.H2K,,1000
pre-2000-single_EX-0109,pre-2000-single_EX-0109.H2K,,1000
pre-2000-single_EX-0110,pre-2000-single_EX-0110.H2K,,1000
pre-2000-single_EX-0111,pre-2000-single_EX-0111.H2K,,1000
pre-2000-single_EX-0112,pre-2000-single_EX-0112.H2K,,1000
pre-2000-single_EX-0113,pre-2000-single_EX-0113.H2K,,1000
pre-2000-single_EX-0114,pre-2000-single_EX-0114.H2K,,1000
pre-2000-single_EX-0115,pre-2000-single_EX-0115.H2K,,1000
pre-2000-single_EX-0116,pre-2000-single_EX-0116.H2K,,1000
pre-2000-single_EX-0117,pre-2000-single_EX-0117.H2K,,1000
pre-2000-single_EX-0118,pre-2000-single_EX-0118.H2K,,1000
pre-2000-single_EX-0119,pre-2000-single_EX-0119.H2K,,1000
pre-2000-single_EX-0120,pre-2000-single_EX-0120.H2K,,1000
pre-2000-single_EX-0121,pre-2000-single_EX-0121.H2K,,1000
pre-2000-single_EX-0122,pre-2000-single_EX-0122.H2K,,1000
pre-2000-single_EX-0123,pre-2000-single_EX-0123.H2K,,1000
pre-2000-single_EX-0124,pre-2000-single_EX-0124.H2K,,1000
pre-2000-single_EX-0125,pre-2000-single_EX-0125.H2K,,1000
pre-2000-single_EX-0126,pre-2000-single_EX-0126.H2K,,1000
pre-2000-single_EX-0127,pre-2000-single_EX-0127.H2K,,1000
pre-2000-single_EX-0128,pre-2000-single_EX-0128.H2K,,1000
pre-2000-single_EX-0129,pre-2000-single_EX-0129.H2K,,1000
pre-2000-single_EX-0130,pre-2000-single_EX-0130.H2K,,1000
pre-2000-single_EX-0131,pre-2000-single_EX-0131.H2K,,1000
pre-2000-single_EX-0132,pre-2000-single_EX-0132.H2K,,1000
pre-2000-single_EX-0133,pre-2000-single_EX-0133.H2K,,1000
pre-2000-single_EX-0134,pre-2000-single_EX-0134.H2K,,1000
pre-2000-single_EX-0135,pre-2000-single_EX-0135.H2K,,1000
pre-2000-single_EX-0136,pre-2000-single_EX-0136.H2K,,1000
pre-2000-single_EX-0137,pre-2000-single_EX-0137.H2K,,1000
pre-2000-single_EX-0138,pre-2000-single_EX-0138.H2K,,1000
pre-2000-single_EX-0139,pre-2000-single_EX-0139.H2K,,1000
pre-2000-single_EX-0140,pre-2000-single_EX-0140.H2K,,1000
pre-2000-single_EX-0141,pre-2000-single_EX-0141.H2K,,1000
pre-2000-single_EX-0142,pre-2000-single_EX-0142.H2K,,1000
pre-2000-single_EX-0143,pre-2000-single_EX-0143.H2K,,1000
pre-2000-single_EX-0144,pre-2000-single_EX-0144.H2K,,1000
pre-2000-single_EX-0145,pre-2000-single_EX-0145.H2K,,1000
pre-2000-single_EX-0146,pre-2000-single_EX-0146.H2K,,1000
pre-2000-single_EX-0147,pre-2000-single_EX-0147.H2K,,1000
pre-2000-single_EX-0148,pre-2000-single_EX-0148.H2K,,1000
pre-2000-single_EX-0149,pre-2000-single_EX-0149.H2K,,1000
pre-2000-single_EX-0150,pre-2000-single_EX-0150.H2K,,1000
pre-2000-single_EX-0151,pre-2000-single_EX-0151.H2K,,1000
pre-2000-single_EX-0152,pre-2000-single_EX-0152.H2K,,1000
pre-2000-single_EX-0153,pre-2000-single_EX-0153.H2K,,1000
pre-2000-single_EX-0154,pre-2000-single_EX-0154.H2K,,1000
pre-2000-single_EX-0155,pre-2000-single_EX-0155.H2K,,1000
pre-2000-single_EX-0156,pre-2000-single_EX-0156.H2K,,1000
pre-2000-single_EX-0157,pre-2000-single_EX-0157.H2K,,1000
pre-2000-single_EX-0158,pre-2000-single_EX-0158.H2K,,1000
pre-2000-single_EX-0159,pre-2000-single_EX-0159.H2K,,1000
pre-2000-single_EX-0160,pre-2000-single_EX-0160.H2K,,1000
pre-2000-single_EX-0161,pre-2000-single_EX-0161.H2K,,1000
pre-2000-single_EX-0162,pre-2000-single_EX-0162.H2K,,1000
pre-2000-single_EX-0163,pre-2000-single_EX-0163.H2K,,1000
pre-2000-single_EX-0164,pre-2000-single_EX-0164.H2K,,1000
pre-2000-single_EX-0165,pre-2000-single_EX-0165.H2K,,1000
pre-2000-single_EX-0166,pre-2000-single_EX-0166.H2K,,1000
pre-2000-single_EX-0167,pre-2000-single_EX-0167.H2K,,1000
pre-2000-single_EX-0168,pre-2000-single_EX-0168.H2K,,1000
pre-2000-single_EX-0169,pre-2000-single_EX-0169.H2K,,1000
pre-2000-single_EX-0170,pre-2000-single_EX-0170.H2K,,1000
pre-2000-single_EX-0171,pre-2000-single_EX-0171.H2K,,1000
pre-2000-single_EX-0172,pre-2000-single_EX-0172.H2K,,1000
pre-2000-single_EX-0173,pre-2000-single_EX-0173.H2K,,1000
pre-2000-single_EX-0174,pre-2000-single_EX-0174.H2K,,1000
pre-2000-single_EX-0175,pre-2000-single_EX-0175.H2K,,1000
pre-2000-single_EX-0176,pre-2000-single_EX-0176.H2K,,1000
pre-2000-single_EX-0177,pre-2000-single_EX-0177.H2K,,1000
pre-2000-single_EX-0178,pre-2000-single_EX-0178.H2K,,1000
pre-2000-single_EX-0179,pre-2000-single_EX-0179.H2K,,1000
pre-2000-single_EX-0180,pre-2000-single_EX-0180.H2K,,1000
pre-2000-single_EX-0181,pre-2000-single_EX-0181.H2K,,1000
pre-2000-single_EX-0182,pre-2000-single_EX-0182.H2K,,1000
pre-2000-single_EX-0183,pre-2000-single_EX-0183.H2K,,1000
pre-2000-single_EX-0184,pre-2000-single_EX-0184.H2K,,1000
pre-2000-single_EX-0185,pre-2000-single_EX-0185.H2K,,1000
pre-2000-single_EX-0186,pre-2000-single_EX-0186.H2K,,1000
pre-2000-single_EX-0187,pre-2000-single_EX-0187.H2K,,1000
pre-2000-single_EX-0188,pre-2000-single_EX-0188.H2K,,1000
pre-2000-single_EX-0189,pre-2000-single_EX-0189.H2K,,1000
pre-2000-single_EX-0190,pre-2000-single_EX-0190.H2K,,1000
pre-2000-single_EX-0191,pre-2000-single_EX-0191.H2K,,1000
pre-2000-single_EX-0192,pre-2000-single_EX-0192.H2K,,1000
pre-2000-single_EX-0193,pre-2000-single_EX-0193.H2K,,1000
pre-2000-single_EX-0194,pre-2000-single_EX-0194.H2K,,1000
pre-2000-single_EX-0195,pre-2000-single_EX-0195.H2K,,1000
pre-2000-single_EX-0196,pre-2000-single_EX-0196.H2K,,1000
pre-2000-single_EX-0197,pre-2000-single_EX-0197.H2K,,1000
pre-2000-single_EX-0198,pre-2000-single_EX-0198.H2K,,1000
pre-2000-single_EX-0199,pre-2000-single_EX-0199.H2K,,1000
pre-2000-single_EX-0200,pre-2000-single_EX-0200.H2K,,1000
pre-2000-single_EX-0201,pre-2000-single_EX-0201.H2K,,1000
pre-2000-single_EX-0202,pre-2000-single_EX-0202.H2K,,1000
pre-2000-single_EX-0203,pre-2000-single_EX-0203.H2K,,1000
pre-2000-single_EX-0204,pre-2000-single_EX-0204.H2K,,1000
pre-2000-single_EX-0205,pre-2000-single_EX-0205.H2K,,1000
pre-2000-single_EX-0206,pre-2000-single_EX-0206.H2K,,1000
pre-2000-single_EX-0207,pre-2000-single_EX-0207.H2K,,1000
pre-2000-single_EX-0208,pre-2000-single_EX-0208.H2K,,1000
pre-2000-single_EX-0209,pre-2000-single_EX-0209.H2K,,1000
pre-2000-single_EX-0210,pre-2000-single_EX-0210.H2K,,1000
pre-2000-single_EX-0211,pre-2000-single_EX-0211.H2K,,1000
pre-2000-single_EX-0212,pre-2000-single_EX-0212.H2K,,1000
pre-2000-single_EX-0213,pre-2000-single_EX-0213.H2K,,1000
pre-2000-single_EX-0214,pre-2000-single_EX-0214.H2K,,1000
pre-2000-single_EX-0215,pre-2000-single_EX-0215.H2K,,1000
pre-2000-single_EX-0216,pre-2000-single_EX-0216.H2K,,1000
pre-2000-single_EX-0217,pre-2000-single_EX-0217.H2K,,1000
pre-2000-single_EX-0218,pre-2000-single_EX-0218.H2K,,1000
pre-2000-single_EX-0219,pre-2000-single_EX-0219.H2K,,1000
pre-2000-single_EX-0220,pre-2000-single_EX-0220.H2K,,1000
pre-2000-single_EX-0221,pre-2000-single_EX-0221.H2K,,1000
pre-2000-single_EX-0222,pre-2000-single_EX-0222.H2K,,1000
pre-2000-single_EX-0223,pre-2000-single_EX-0223.H2K,,1000
pre-2000-single_EX-0224,pre-2000-single_EX-0224.H2K,,1000
pre-2000-single_EX-0225,pre-2000-single_EX-0225.H2K,,1000
pre-2000-single_EX-0226,pre-2000-single_EX-0226.H2K,,1000
pre-2000-single_EX-0227,pre-2000-single_EX-0227.H2K,,1000
pre-2000-single_EX-0228,pre-2000-single_EX-0228.H2K,,1000
pre-2000-single_EX-0229,pre-2000-single_EX-0229.H2K,,1000
pre-2000-single_EX-0230,pre-2000-single_EX-0230.H2K,,1000
pre-2000-single_EX-0231,pre-2000-single_EX-0231.H2K,,1000
pre-2000-single_EX-0232,pre-2000-single_EX-0232.H2K,,1000
pre-2000-single_EX-0233,pre-2000-single_EX-0233.H2K,,1000
pre-2000-single_EX-0234,pre-2000-single_EX-0234.H2K,,1000
pre-2000-single_EX-0235,pre-2000-single_EX-0235.H2K,,1000
pre-2000-single_EX-0236,pre-2000-single_EX-0236.H2K,,1000
pre-2000-single_EX-0237,pre-2000-single_EX-0237.H2K,,1000
pre-2000-single_EX-0238,pre-2000-single_EX-0238.H2K,,1000
pre-2000-single_EX-0239,pre-2000-single_EX-0239.H2K,,1000
pre-2000-single_EX-0240,pre-2000-single_EX-0240.H2K,,1000
pre-2000-single_EX-0241,pre-2000-single_EX-0241.H2K,,1000
pre-2000-single_EX-0242,pre-2000-single_EX-0242.H2K,,1000
pre-2000-single_EX-0243,pre-2000-single_EX-0243.H2K,,1000
pre-2000-single_EX-0244,pre-2000-single_EX-0244.H2K,,1000
pre-2000-single_EX-0245,pre-2000-single_EX-0245.H2K,,1000
pre-2000-single_EX-0246,pre-2000-single_EX-0246.H2K,,1000
pre-2000-single_EX-0247,pre-2000-single_EX-0247.H2K,,1000
pre-2000-single_EX-0248,pre-2000-single_EX-0248.H2K,,1000
pre-2000-single_EX-0249,pre-2000-single_EX-0249.H2K,,1000
pre-2000-single_EX-0250,pre-2000-single_EX-0250.H2K,,1000
pre-2000-single_EX-0251,pre-2000-single_EX-0251.H2K,,1000
pre-2000-single_EX-0252,pre-2000-single_EX-0252.H2K,,1000
pre-2000-single_EX-0253,pre-2000-single_EX-0253.H2K,,1000
pre-2000-single_EX-0254,pre-2000-single_EX-0254.H2K,,1000
pre-2000-single_EX-0255,pre-2000-single_EX-0255.H2K,,1000
pre-2000-single_EX-0256,pre-2000-single_EX-0256.H2K,,1000
pre-2000-single_EX-0257,pre-2000-single_EX-0257.H2K,,1000
pre-2000-single_EX-0258,pre-2000-single_EX-0258.H2K,,1000
pre-2000-single_EX-0259,pre-2000-single_EX-0259.H2K,,1000
pre-2000-single_EX-0260,pre-2000-single_EX-0260.H2K,,1000
pre-2000-single_EX-0261,pre-2000-single_EX-0261.H2K,,1000
pre-2000-single_EX-0262,pre-2000-single_EX-0262.H2K,,1000
pre-2000-single_EX-0263,pre-2000-single_EX-0263.H2K,,1000
pre-2000-single_EX-0264,pre-2000-single_EX-0264.H2K,,1000
pre-2000-single_EX-0265,pre-2000-single_EX-0265.H2K,,1000
pre-2000-single_EX-0266,pre-2000-single_EX-0266.H2K,,1000
pre-2000-single_EX-0267,pre-2000-single_EX-0267.H2K,,1000
pre-2000-single_EX-0268,pre-2000-single_EX-0268.H2K,,1000
pre-2000-single_EX-0269,pre-2000-single_EX-0269.H2K,,1000
pre-2000-single_EX-0270,pre-2000-single_EX-0270.H2K,,1000
pre-2000-single_EX-0271,pre-2000-single_EX-0271.H2K,,1000
pre-2000-single_EX-0272,pre-2000-single_EX-0272.H2K,,1000
pre-2000-single_EX-0273,pre-2000-single_EX-0273.H2K,,1000
pre-2000-single_EX-0274,pre-2000-single_EX-0274.H2K,,1000
pre-2000-single_EX-0275,pre-2000-single_EX-0275.H2K,,1000
pre-2000-single_EX-0276,pre-2000-single_EX-0276.H2K,,1000
pre-2000-single_EX-0277,pre-2000-single_EX-0277.H2K,,1000
pre-2000-single_EX-0278,pre-2000-single_EX-0278.H2K,,1000
pre-2000-single_EX-0279,pre-2000-single_EX-0279.H2K,,1000
pre-2000-single_EX-0280,pre-2000-single_EX-0280.H2K,,1000
pre-2000-single_EX-0281,pre-2000-single_EX-0281.H2K,,1000
pre-2000-single_EX-0282,pre-2000-single_EX-0282.H2K,,1000
pre-2000-single_EX-0283,pre-2000-single_EX-0283.H2K,,1000
pre-2000-single_EX-0284,pre-2000-single_EX-0284.H2K,,1000
pre-2000-single_EX-0285,pre-2000-single_EX-0285.H2K,,1000
pre-2000-single_EX-0286,pre-2000-single_EX-0286.H2K,,1000
pre-2000-single_EX-0287,pre-2000-single_EX-0287.H2K,,1000
pre-2000-single_EX-0288,pre-2000-single_EX-0288.H2K,,1000
pre-2000-single_EX-0289,pre-2000-single_EX-0289.H2K,,1000
pre-2000-single_EX-0290,pre-2000-single_EX-0290.H2K,,1000
pre-2000-single_EX-0291,pre-2000-single_EX-0291.H2K,,1000
pre-2000-single_EX-0292,pre-2000-single_EX-0292.H2K,,1000
pre-2000-single_EX-0293,pre-2000-single_EX-0293.H2K,,1000
pre-2000-single_EX-0294,pre-2000-single_EX-0294.H2K,,1000
pre-2000-single_EX-0295,pre-2000-single_EX-0295.H2K,,1000
pre-2000-single_EX-0296,pre-2000-single_EX-0296.H2K,,1000
pre-2000-single_EX-0297,pre-2000-single_EX-0297.H2K,,1000
pre-2000-single_EX-0298,pre-2000-single_EX-0298.H2K,,1000
pre-2000-single_EX-0299,pre-2000-single_EX-0299.H2K,,1000
pre-2000-single_EX-0300,pre-2000-single_EX-0300.H2K,,1000
pre-2000-single_EX-0301,pre-2000-single_EX-0301.H2K,,1000
pre-2000-single_EX-0302,pre-2000-single_EX-0302.H2K,,1000
pre-2000-single_EX-0303,pre-2000-single_EX-0303.H2K,,1000
pre-2000-single_EX-0304,pre-2000-single_EX-0304.H2K,,1000
pre-2000-single_EX-0305,pre-2000-single_EX-0305.H2K,,1000
pre-2000-single_EX-0306,pre-2000-single_EX-0306.H2K,,1000
pre-2000-single_EX-0307,pre-2000-single_EX-0307.H2K,,1000
pre-2000-single_EX-0308,pre-2000-single_EX-0308.H2K,,1000
pre-2000-single_EX-0309,pre-2000-single_EX-0309.H2K,,1000
pre-2000-single_EX-0310,pre-2000-single_EX-0310.H2K,,1000
pre-2000-single_EX-0311,pre-2000-single_EX-0311.H2K,,1000
pre-2000-single_EX-0312,pre-2000-single_EX-0312.H2K,,1000
pre-2000-single_EX-0313,pre-2000-single_EX-0313.H2K,,1000
pre-2000-single_EX-0314,pre-2000-single_EX-0314.H2K,,1000
pre-2000-single_EX-0315,pre-2000-single_EX-0315.H2K,,1000
pre-2000-single_EX-0316,pre-2000-single_EX-0316.H2K,,1000
pre-2000-single_EX-0317,pre-2000-single_EX-0317.H2K,,1000
pre-2000-single_EX-0318,pre-2000-single_EX-0318.H2K,,1000
pre-2000-single_EX-0319,pre-2000-single_EX-0319.H2K,,1000
pre-2000-single_EX-0320,pre-2000-single_EX-0320.H2K,,1000
pre-2000-single_EX-0321,pre-2000-single_EX-0321.H2K,,1000
pre-2000-single_EX-0322,pre-2000-single_EX-0322.H2K,,1000
pre-2000-single_EX-0323,pre-2000-single_EX-0323.H2K,,1000
pre-2000-single_EX-0324,pre-2000-single_EX-0324.H2K,,1000
pre-2000-single_EX-0325,pre-2000-single_EX-0325.H2K,,1000
pre-2000-single_EX-0326,pre-2000-single_EX-0326.H2K,,1000
pre-2000-single_EX-0327,pre-2000-single_EX-0327.H2K,,1000
pre-2000-single_EX-0328,pre-2000-single_EX-0328.H2K,,1000
pre-2000-single_EX-0329,pre-2000-single_EX-0329.H2K,,1000
pre-2000-single_EX-0330,pre-2000-single_EX-0330.H2K,,1000
pre-2000-single_EX-0331,pre-2000-single_EX-0331.H2K,,1000
pre-2000-single_EX-0332,pre-2000-single_EX-0332.H2K,,1000
pre-2000-single_EX-0333,pre-2000-single_EX-0333.H2K,,1000
pre-2000-single_EX-0334,pre-2000-single_EX-0334.H2K,,1000
pre-2000-single_EX-0335,pre-2000-single_EX-0335.H2K,,1000
pre-2000-single_EX-0336,pre-2000-single_EX-0336.H2K,,1000
pre-2000-single_EX-0337,pre-2000-single_EX-0337.H2K,,1000
pre-2000-single_EX-0338,pre-2000-single_EX-0338.H2K,,1000
pre-2000-single_EX-0339,pre-2000-single_EX-0339.H2K,,1000
pre-2000-single_EX-0340,pre-2000-single_EX-0340.H2K,,1000
pre-2000-single_EX-0341,pre-2000-single_EX-0341.H2K,,1000
pre-2000-single_EX-0342,pre-2000-single_EX-0342.H2K,,1000
pre-2000-single_EX-0343,pre-2000-single_EX-0343.H2K,,1000
pre-2000-single_EX-0344,pre-2000-single_EX-0344.H2K,,1000
pre-2000-single_EX-0345,pre-2000-single_EX-0345.H2K,,1000
pre-2000-single_EX-0346,pre-2000-single_EX-0346.H2K,,1000
pre-2000-single_EX-0347,pre-2000-single_EX-0347.H2K,,1000
pre-2000-single_EX-0348,pre-2000-single_EX-0348.H2K,,1000
pre-2000-single_EX-0349,pre-2000-single_EX-0349.H2K,,1000
pre-2000-single_EX-0350,pre-2000-single_EX-0350.H2K,,1000
pre-2000-single_EX-0351,pre-2000-single_EX-0351.H2K,,1000
pre-2000-single_EX-0352,pre-2000-single_EX-0352.H2K,,1000
pre-2000-single_EX-0353,pre-2000-single_EX-0353.H2K,,1000
pre-2000-single_EX-0354,pre-2000-single_EX-0354.H2K,,1000
pre-2000-single_EX-0355,pre-2000-single_EX-0355.H2K,,1000
pre-2000-single_EX-0356,pre-2000-single_EX-0356.H2K,,1000
pre-2000-single_EX-0357,pre-2000-single_EX-0357.H2K,,1000
pre-2000-single_EX-0358,pre-2000-single_EX-0358.H2K,,1000
pre-2000-single_EX-0359,pre-2000-single_EX-0359.H2K,,1000
pre-2000-single_EX-0360,pre-2000-single_EX-0360.H2K,,1000
pre-2000-single_EX-0361,pre-2000-single_EX-0361.H2K,,1000
pre-2000-single_EX-0362,pre-2000-single_EX-0362.H2K,,1000
pre-2000-single_EX-0363,pre-2000-single_EX-0363.H2K,,1000
pre-2000-single_EX-0364,pre-2000-single_EX-0364.H2K,,1000
pre-2000-single_EX-0365,pre-2000-single_EX-0365.H2K,,1000
pre-2000-single_EX-0366,pre-2000-single_EX-0366.H2K,,1000
pre-2000-single_EX-0367,pre-2000-single_EX-0367.H2K,,1000
pre-2000-single_EX-0368,pre-2000-single_EX-0368.H2K,,1000
pre-2000-single_EX-0369,pre-2000-single_EX-0369.H2K,,1000
pre-2000-single_EX-0370,pre-2000-single_EX-0370.H2K,,1000
pre-2000-single_EX-0371,pre-2000-single_EX-0371.H2K,,1000
pre-2000-single_EX-0372,pre-2000-single_EX-0372.H2K,,1000
pre-2000-single_EX-0373,pre-2000-single_EX-0373.H2K,,1000
pre-2000-single_EX-0374,pre-2000-single_EX-0374.H2K,,1000
pre-2000-single_EX-0375,pre-2000-single_EX-0375.H2K,,1000
pre-2000-single_EX-0376,pre-2000-single_EX-0376.H2K,,1000
pre-2000-single_EX-0377,pre-2000-single_EX-0377.H2K,,1000
pre-2000-single_EX-0378,pre-2000-single_EX-0378.H2K,,1000
pre-2000-single_EX-0379,pre-2000-single_EX-0379.H2K,,1000
pre-2000-single_EX-0380,pre-2000-single_EX-0380.H2K,,1000
pre-2000-single_EX-0381,pre-2000-single_EX-0381.H2K,,1000
pre-2000-single_EX-0382,pre-2000-single_EX-0382.H2K,,1000
pre-2000-single_EX-0383,pre-2000-single_EX-0383.H2K,,1000
pre-2000-single_EX-0384,pre-2000-single_EX-0384.H2K,,1000
pre-2000-single_EX-0385,pre-2000-single_EX-0385.H2K,,1000
pre-2000-single_EX-0386,pre-2000-single_EX-0386.H2K,,1000
pre-2000-single_EX-0387,pre-2000-single_EX-0387.H2K,,1000
pre-2000-single_EX-0388,pre-2000-single_EX-0388.H2K,,1000
pre-2000-single_EX-0389,pre-2000-single_EX-0389.H2K,,1000
pre-2000-single_EX-0390,pre-2000-single_EX-0390.H2K,,1000
pre-2000-single_EX-0391,pre-2000-single_EX-0391.H2K,,1000
pre-2000-single_EX-0392,pre-2000-single_EX-0392.H2K,,1000
pre-2000-single_EX-0393,pre-2000-single_EX-0393.H2K,,1000
pre-2000-single_EX-0394,pre-2000-single_EX-0394.H2K,,1000
pre-2000-single_EX-0395,pre-2000-single_EX-0395.H2K,,1000
pre-2000-single_EX-0396,pre-2000-single_EX-0396.H2K,,1000
pre-2000-single_EX-0397,pre-2000-single_EX-0397.H2K,,1000
pre-2000-single_EX-0398,pre-2000-single_EX-0398.H2K,,1000
pre-2000-single_EX-0399,pre-2000-single_EX-0399.H2K,,1000
pre-2000-single_EX-0400,pre-2000-single_EX-0400.H2K,,1000
pre-2000-single_EX-0401,pre-2000-single_EX-0401.H2K,,1000
pre-2000-single_EX-0402,pre-2000-single_EX-0402.H2K,,1000
pre-2000-single_EX-0403,pre-2000-single_EX-0403.H2K,,1000
pre-2000-single_EX-0404,pre-2000-single_EX-0404.H2K,,1000
pre-2000-single_EX-0405,pre-2000-single_EX-0405.H2K,,1000
pre-2000-single_EX-0406,pre-2000-single_EX-0406.H2K,,1000
pre-2000-single_EX-0407,pre-2000-single_EX-0407.H2K,,1000
pre-2000-single_EX-0408,pre-2000-single_EX-0408.H2K,,1000
pre-2000-single_EX-0409,pre-2000-single_EX-0409.H2K,,1000
pre-2000-single_EX-0410,pre-2000-single_EX-0410.H2K,,1000
pre-2000-single_EX-0411,pre-2000-single_EX-0411.H2K,,1000
pre-2000-single_EX-0412,pre-2000-single_EX-0412.H2K,,1000
pre-2000-single_EX-0413,pre-2000-single_EX-0413.H2K,,1000
pre-2000-single_EX-0414,pre-2000-single_EX-0414.H2K,,1000
pre-2000-single_EX-0415,pre-2000-single_EX-0415.H2K,,1000
pre-2000-single_EX-0416,pre-2000-single_EX-0416.H2K,,1000
pre-2000-single_EX-0417,pre-2000-single_EX-0417.H2K,,1000
pre-2000-single_EX-0418,pre-2000-single_EX-0418.H2K,,1000
pre-2000-single_EX-0419,pre-2000-single_EX-0419.H2K,,1000
pre-2000-single_EX-0420,pre-2000-single_EX-0420.H2K,,1000
pre-2000-single_EX-0421,pre-2000-single_EX-0421.H2K,,1000
pre-2000-single_EX-0422,pre-2000-single_EX-0422.H2K,,1000
pre-2000-single_EX-0423,pre-2000-single_EX-0423.H2K,,1000
pre-2000-single_EX-0424,pre-2000-single_EX-0424.H2K,,1000
pre-2000-single_EX-0425,pre-2000-single_EX-0425.H2K,,1000
pre-2000-single_EX-0426,pre-2000-single_EX-0426.H2K,,1000
pre-2000-single_EX-0427,pre-2000-single_EX-0427.H2K,,1000
pre-2000-single_EX-0428,pre-2000-single_EX-0428.H2K,,1000
pre-2000-single_EX-0429,pre-2000-single_EX-0429.H2K,,1000
pre-2000-single_EX-0430,pre-2000-single_EX-0430.H2K,,1000
pre-2000-single_EX-0431,pre-2000-single_EX-0431.H2K,,1000
pre-2000-single_EX-0432,pre-2000-single_EX-0432.H2K,,1000
pre-2000-single_EX-0433,pre-2000-single_EX-0433.H2K,,1000
pre-2000-single_EX-0434,pre-2000-single_EX-0434.H2K,,1000
pre-2000-single_EX-0435,pre-2000-single_EX-0435.H2K,,1000
pre-2000-single_EX-0436,pre-2000-single_EX-0436.H2K,,1000
pre-2000-single_EX-0437,pre-2000-single_EX-0437.H2K,,1000
pre-2000-single_EX-0438,pre-2000-single_EX-0438.H2K,,1000
pre-2000-single_EX-0439,pre-2000-single_EX-0439.H2K,,1000
pre-2000-single_EX-0440,pre-2000-single_EX-0440.H2K,,1000
pre-2000-single_EX-0441,pre-2000-single_EX-0441.H2K,,1000
pre-2000-single_EX-0442,pre-2000-single_EX-0442.H2K,,1000
pre-2000-single_EX-0443,pre-2000-single_EX-0443.H2K,,1000
pre-2000-single_EX-0444,pre-2000-single_EX-0444.H2K,,1000
pre-2000-single_EX-0445,pre-2000-single_EX-0445.H2K,,1000
pre-2000-single_EX-0446,pre-2000-single_EX-0446.H2K,,1000
pre-2000-single_EX-0447,pre-2000-single_EX-0447.H2K,,1000
pre-2000-single_EX-0448,pre-2000-single_EX-0448.H2K,,1000
pre-2000-single_EX-0449,pre-2000-single_EX-0449.H2K,,1000
pre-2000-single_EX-0450,pre-2000-single_EX-0450.H2K,,1000
pre-2000-single_EX-0451,pre-2000-single_EX-0451.H2K,,1000
pre-2000-single_EX-0452,pre-2000-single_EX-0452.H2K,,1000
pre-2000-single_EX-0453,pre-2000-single_EX-0453.H2K,,1000
pre-2000-single_EX-0454,pre-2000-single_EX-0454.H2K,,1000
pre-2000-single_EX-0455,pre-2000-single_EX-0455.H2K,,1000
pre-2000-single_EX-0456,pre-2000-single_EX-0456.H2K,,1000
pre-2000-single_EX-0457,pre-2000-single_EX-0457.H2K,,1000
pre-2000-single_EX-0458,pre-2000-single_EX-0458.H2K,,1000
pre-2000-single_EX-0459,pre-2000-single_EX-0459.H2K,,1000
pre-2000-single_EX-0460,pre-2000-single_EX-0460.H2K,,1000
pre-2000-single_EX-0461,pre-2000-single_EX-0461.H2K,,1000
pre-2000-single_EX-0462,pre-2000-single_EX-0462.H2K,,1000
pre-2000-single_EX-0463,pre-2000-single_EX-0463.H2K,,1000
pre-2000-single_EX-0464,pre-2000-single_EX-0464.H2K,,1000
pre-2000-single_EX-0465,pre-2000-single_EX-0465.H2K,,1000
pre-2000-single_EX-0466,pre-2000-single_EX-0466.H2K,,1000
pre-2000-single_EX-0467,pre-2000-single_EX-0467.H2K,,1000
pre-2000-single_EX-0468,pre-2000-single_EX-0468.H2K,,1000
pre-2000-single_EX-0469,pre-2000-single_EX-0469.H2K,,1000
pre-2000-single_EX-0470,pre-2000-single_EX-0470.H2K,,1000
pre-2000-single_EX-0471,pre-2000-single_EX-0471.H2K,,1000
pre-2000-single_EX-0472,pre-2000-single_EX-0472.H2K,,1000
pre-2000-single_EX-0473,pre-2000-single_EX-0473.H2K,,1000
pre-2000-single_EX-0474,pre-2000-single_EX-0474.H2K,,1000
pre-2000-single_EX-0475,pre-2000-single_EX-0475.H2K,,1000
pre-2000-single_EX-0476,pre-2000-single_EX-0476.H2K,,1000
pre-2000-single_EX-0477,pre-2000-single_EX-0477.H2K,,1000
pre-2000-single_EX-0478,pre-2000-single_EX-0478.H2K,,1000
pre-2000-single_EX-0479,pre-2000-single_EX-0479.H2K,,1000
pre-2000-single_EX-0480,pre-2000-single_EX-0480.H2K,,1000
pre-2000-single_EX-0481,pre-2000-single_EX-0481.H2K,,1000
pre-2000-single_EX-0482,pre-2000-single_EX-0482.H2K,,1000
pre-2000-single_EX-0483,pre-2000-single_EX-0483.H2K,,1000
pre-2000-single_EX-0484,pre-2000-single_EX-0484.H2K,,1000
pre-2000-single_EX-0485,pre-2000-single_EX-0485.H2K,,1000
pre-2000-single_EX-0486,pre-2000-single_EX-0486.H2K,,1000
pre-2000-single_EX-0487,pre-2000-single_EX-0487.H2K,,1000
pre-2000-single_EX-0488,pre-2000-single_EX-0488.H2K,,1000
pre-2000-single_EX-0489,pre-2000-single_EX-0489.H2K,,1000
pre-2000-single_EX-0490,pre-2000-single_EX-0490.H2K,,1000
pre-2000-single_EX-0491,pre-2000-single_EX-0491.H2K,,1000
pre-2000-single_EX-0492,pre-2000-single_EX-0492.H2K,,1000
pre-2000-single_EX-0493,pre-2000-single_EX-0493.H2K,,1000
pre-2000-single_EX-0494,pre-2000-single_EX-0494.H2K,,1000
pre-2000-single_EX-0495,pre-2000-single_EX-0495.H2K,,1000
pre-2000-single_EX-0496,pre-2000-single_EX-0496.H2K,,1000
pre-2000-single_EX-0497,pre-2000-single_EX-0497.H2K,,1000
pre-2000-single_EX-0498,pre-2000-single_EX-0498.H2K,,1000
pre-2000-single_EX-0499,pre-2000-single_EX-0499.H2K,,1000
pre-2000-single_EX-0500,pre-2000-single_EX-0500.H2K,,1000
pre-2000-single_EX-0501,pre-2000-single_EX-0501.H2K,,1000
pre-2000-single_EX-0502,pre-2000-single_EX-0502.H2K,,1000
pre-2000-single_EX-0503,pre-2000-single_EX-0503.H2K,,1000
pre-2000-single_EX-0504,pre-2000-single_EX-0504.H2K,,1000
pre-2000-single_EX-0505,pre-2000-single_EX-0505.H2K,,1000
pre-2000-single_EX-0506,pre-2000-single_EX-0506.H2K,,1000
pre-2000-single_EX-0507,pre-2000-single_EX-0507.H2K,,1000
pre-2000-single_EX-0508,pre-2000-single_EX-0508.H2K,,1000
pre-2000-single_EX-0509,pre-2000-single_EX-0509.H2K,,1000
pre-2000-single_EX-0510,pre-2000-single_EX-0510.H2K,,1000
pre-2000-single_EX-0511,pre-2000-single_EX-0511.H2K,,1000
pre-2000-single_EX-0512,pre-2000-single_EX-0512.H2K,,1000
pre-2000-single_EX-0513,pre-2000-single_EX-0513.H2K,,1000
pre-2000-single_EX-0514,pre-2000-single_EX-0514.H2K,,1000
pre-2000-single_EX-0515,pre-2000-single_EX-0515.H2K,,1000
pre-2000-single_EX-0516,pre-2000-single_EX-0516.H2K,,1000
pre-2000-single_EX-0517,pre-2000-single_EX-0517.H2K,,1000
pre-2000-single_EX-0518,pre-2000-single_EX-0518.H2K,,1000
pre-2000-single_EX-0519,pre-2000-single_EX-0519.H2K,,1000
pre-2000-single_EX-0520,pre-2000-single_EX-0520.H2K,,1000
pre-2000-single_EX-0521,pre-2000-single_EX-0521.H2K,,1000
pre-2000-single_EX-0522,pre-2000-single_EX-0522.H2K,,1000
pre-2000-single_EX-0523,pre-2000-single_EX-0523.H2K,,1000
pre-2000-single_EX-0524,pre-2000-single_EX-0524.H2K,,1000
pre-2000-single_EX-0525,pre-2000-single_EX-0525.H2K,,1000
pre-2000-single_EX-0526,pre-2000-single_EX-0526.H2K,,1000
pre-2000-single_EX-0527,pre-2000-single_EX-0527.H2K,,1000
pre-2000-single_EX-0528,pre-2000-single_EX-0528.H2K,,1000
pre-2000-single_EX-0529,pre-2000-single_EX-0529.H2K,,1000
pre-2000-single_EX-0530,pre-2000-single_EX-0530.H2K,,1000
pre-2000-single_EX-0531,pre-2000-single_EX-0531.H2K,,1000
pre-2000-single_EX-0532,pre-2000-single_EX-0532.H2K,,1000
pre-2000-single_EX-0533,pre-2000-single_EX-0533.H2K,,1000
pre-2000-single_EX-0534,pre-2000-single_EX-0534.H2K,,1000
pre-2000-single_EX-0535,pre-2000-single_EX-0535.H2K,,1000
pre-2000-single_EX-0536,pre-2000-single_EX-0536.H2K,,1000
pre-2000-single_EX-0537,pre-2000-single_EX-0537.H2K,,1000
pre-2000-single_EX-0538,pre-2000-single_EX-0538.H2K,,1000
pre-2000-single_EX-0539,pre-2000-single_EX-0539.H2K,,1000
pre-2000-single_EX-0540,pre-2000-single_EX-0540.H2K,,1000
pre-2000-single_EX-0541,pre-2000-single_EX-0541.H2K,,1000
pre-2000-single_EX-0542,pre-2000-single_EX-0542.H2K,,1000
pre-2000-single_EX-0543,pre-2000-single_EX-0543.H2K,,1000
pre-2000-single_EX-0544,pre-2000-single_EX-0544.H2K,,1000
pre-2000-single_EX-0545,pre-2000-single_EX-0545.H2K,,1000
pre-2000-single_EX-0546,pre-2000-single_EX-0546.H2K,,1000
pre-2000-single_EX-0547,pre-2000-single_EX-0547.H2K,,1000
pre-2000-single_EX-0548,pre-2000-single_EX-0548.H2K,,1000
pre-2000-single_EX-0549,pre-2000-single_EX-0549.H2K,,1000
pre-2000-single_EX-0550,pre-2000-single_EX-0550.H2K,,1000
pre-2000-single_EX-0551,pre-2000-single_EX-0551.H2K,,1000
pre-2000-single_EX-0552,pre-2000-single_EX-0552.H2K,,1000
pre-2000-single_EX-0553,pre-2000-single_EX-0553.H2K,,1000
pre-2000-single_EX-0554,pre-2000-single_EX-0554.H2K,,1000
pre-2000-single_EX-0555,pre-2000-single_EX-0555.H2K,,1000
pre-2000-single_EX-0556,pre-2000-single_EX-0556.H2K,,1000
pre-2000-single_EX-0557,pre-2000-single_EX-0557.H2K,,1000
pre-2000-single_EX-0558,pre-2000-single_EX-0558.H2K,,1000
pre-2000-single_EX-0559,pre-2000-single_EX-0559.H2K,,1000
pre-2000-single_EX-0560,pre-2000-single_EX-0560.H2K,,1000
pre-2000-single_EX-0561,pre-2000-single_EX-0561.H2K,,1000
pre-2000-single_EX-0562,pre-2000-single_EX-0562.H2K,,1000
pre-2000-single_EX-0563,pre-2000-single_EX-0563.H2K,,1000
pre-2000-single_EX-0564,pre-2000-single_EX-0564.H2K,,1000
pre-2000-single_EX-0565,pre-2000-single_EX-0565.H2K,,1000
pre-2000-single_EX-0566,pre-2000-single_EX-0566.H2K,,1000
pre-2000-single_EX-0567,pre-2000-single_EX-0567.H2K,,1000
pre-2000-single_EX-0568,pre-2000-single_EX-0568.H2K,,1000
pre-2000-single_EX-0569,pre-2000-single_EX-0569.H2K,,1000
pre-2000-single_EX-0570,pre-2000-single_EX-0570.H2K,,1000
pre-2000-single_EX-0571,pre-2000-single_EX-0571.H2K,,1000
pre-2000-single_EX-0572,pre-2000-single_EX-0572.H2K,,1000
pre-2000-single_EX-0573,pre-2000-single_EX-0573.H2K,,1000
pre-2000-single_EX-0574,pre-2000-single_EX-0574.H2K,,1000
pre-2000-single_EX-0575,pre-2000-single_EX-0575.H2K,,1000
pre-2000-single_EX-0576,pre-2000-single_EX-0576.H2K,,1000
pre-2000-single_EX-0577,pre-2000-single_EX-0577.H2K,,1000
pre-2000-single_EX-0578,pre-2000-single_EX-0578.H2K,,1000
pre-2000-single_EX-0579,pre-2000-single_EX-0579.H2K,,1000
pre-2000-single_EX-0580,pre-2000-single_EX-0580.H2K,,1000
pre-2000-single_EX-0581,pre-2000-single_EX-0581.H2K,,1000
pre-2000-single_EX-0582,pre-2000-single_EX-0582.H2K,,1000
pre-2000-single_EX-0583,pre-2000-single_EX-0583.H2K,,1000
pre-2000-single_EX-0584,pre-2000-single_EX-0584.H2K,,1000
pre-2000-single_EX-0585,pre-2000-single_EX-0585.H2K,,1000
pre-2000-single_EX-0586,pre-2000-single_EX-0586.H2K,,1000
pre-2000-single_EX-0587,pre-2000-single_EX-0587.H2K,,1000
pre-2000-single_EX-0588,pre-2000-single_EX-0588.H2K,,1000
pre-2000-single_EX-0589,pre-2000-single_EX-0589.H2K,,1000
pre-2000-single_EX-0590,pre-2000-single_EX-0590.H2K,,1000
pre-2000-single_EX-0591,pre-2000-single_EX-0591.H2K,,1000
pre-2000-single_EX-0592,pre-2000-single_EX-0592.H2K,,1000
pre-2000-single_EX-0593,pre-2000-single_EX-0593.H2K,,1000
pre-2000-single_EX-0594,pre-2000-single_EX-0594.H2K,,1000
pre-2000-single_EX-0595,pre-2000-single_EX-0595.H2K,,1000
pre-2000-single_EX-0596,pre-2000-single_EX-0596.H2K,,1000
pre-2000-single_EX-0597,pre-2000-single_EX-0597.H2K,,1000
pre-2000-single_EX-0598,pre-2000-single_EX-0598.H2K,,1000
pre-2000-single_EX-0599,pre-2000-single_EX-0599.H2K,,1000
pre-2000-single_EX-0600,pre-2000-single_EX-0600.H2K,,1000
pre-2000-single_EX-0601,pre-2000-single_EX-0601.H2K,,1000
pre-2000-single_EX-0602,pre-2000-single_EX-0602.H2K,,1000
pre-2000-single_EX-0603,pre-2000-single_EX-0603.H2K,,1000
pre-2000-single_EX-0604,pre-2000-single_EX-0604.H2K,,1000
pre-2000-single_EX-0605,pre-2000-single_EX-0605.H2K,,1000
pre-2000-single_EX-0606,pre-2000-single_EX-0606.H2K,,1000
pre-2000-single_EX-0607,pre-2000-single_EX-0607.H2K,,1000
pre-2000-single_EX-0608,pre-2000-single_EX-0608.H2K,,1000
pre-2000-single_EX-0609,pre-2000-single_EX-0609.H2K,,1000
pre-2000-single_EX-0610,pre-2000-single_EX-0610.H2K,,1000
pre-2000-single_EX-0611,pre-2000-single_EX-0611.H2K,,1000
pre-2000-single_EX-0612,pre-2000-single_EX-0612.H2K,,1000
pre-2000-single_EX-0613,pre-2000-single_EX-0613.H2K,,1000
pre-2000-single_EX-0614,pre-2000-single_EX-0614.H2K,,1000
pre-2000-single_EX-0615,pre-2000-single_EX-0615.H2K,,1000
pre-2000-single_EX-0616,pre-2000-single_EX-0616.H2K,,1000
pre-2000-single_EX-0617,pre-2000-single_EX-0617.H2K,,1000
pre-2000-single_EX-0618,pre-2000-single_EX-0618.H2K,,1000
pre-2000-single_EX-0619,pre-2000-single_EX-0619.H2K,,1000
pre-2000-single_EX-0620,pre-2000-single_EX-0620.H2K,,1000
pre-2000-single_EX-0621,pre-2000-single_EX-0621.H2K,,1000
pre-2000-single_EX-0622,pre-2000-single_EX-0622.H2K,,1000
pre-2000-single_EX-0623,pre-2000-single_EX-0623.H2K,,1000
pre-2000-single_EX-0624,pre-2000-single_EX-0624.H2K,,1000
pre-2000-single_EX-0625,pre-2000-single_EX-0625.H2K,,1000
pre-2000-single_EX-0626,pre-2000-single_EX-0626.H2K,,1000
pre-2000-single_EX-0627,pre-2000-single_EX-0627.H2K,,1000
pre-2000-single_EX-0628,pre-2000-single_EX-0628.H2K,,1000
pre-2000-single_EX-0629,pre-2000-single_EX-0629.H2K,,1000
pre-2000-single_EX-0630,pre-2000-single_EX-0630.H2K,,1000
pre-2000-single_EX-0631,pre-2000-single_EX-0631.H2K,,1000
pre-2000-single_EX-0632,pre-2000-single_EX-0632.H2K,,1000
pre-2000-single_EX-0633,pre-2000-single_EX-0633.H2K,,1000
pre-2000-single_EX-0634,pre-2000-single_EX-0634.H2K,,1000
pre-2000-single_EX-0635,pre-2000-single_EX-0635.H2K,,1000
pre-2000-single_EX-0636,pre-2000-single_EX-0636.H2K,,1000
pre-2000-single_EX-0637,pre-2000-single_EX-0637.H2K,,1000
pre-2000-single_EX-0638,pre-2000-single_EX-0638.H2K,,1000
pre-2000-single_EX-0639,pre-2000-single_EX-0639.H2K,,1000
pre-2000-single_EX-0640,pre-2000-single_EX-0640.H2K,,1000
pre-2000-single_EX-0641,pre-2000-single_EX-0641.H2K,,1000
pre-2000-single_EX-0642,pre-2000-single_EX-0642.H2K,,1000
pre-2000-single_EX-0643,pre-2000-single_EX-0643.H2K,,1000
pre-2000-single_EX-0644,pre-2000-single_EX-0644.H2K,,1000
pre-2000-single_EX-0645,pre-2000-single_EX-0645.H2K,,1000
pre-2000-single_EX-0646,pre-2000-single_EX-0646.H2K,,1000
pre-2000-single_EX-0647,pre-2000-single_EX-0647.H2K,,1000
pre-2000-single_EX-0648,pre-2000-single_EX-0648.H2K,,1000
pre-2000-single_EX-0649,pre-2000-single_EX-0649.H2K,,1000
pre-2000-single_EX-0650,pre-2000-single_EX-0650.H2K,,1000
pre-2000-single_EX-0651,pre-2000-single_EX-0651.H2K,,1000
pre-2000-single_EX-0652,pre-2000-single_EX-0652.H2K,,1000
pre-2000-single_EX-0653,pre-2000-single_EX-0653.H2K,,1000
pre-2000-single_EX-0654,pre-2000-single_EX-0654.H2K,,1000
pre-2000-single_EX-0655,pre-2000-single_EX-0655.H2K,,1000
pre-2000-single_EX-0656,pre-2000-single_EX-0656.H2K,,1000
pre-2000-single_EX-0657,pre-2000-single_EX-0657.H2K,,1000
pre-2000-single_EX-0658,pre-2000-single_EX-0658.H2K,,1000
pre-2000-single_EX-0659,pre-2000-single_EX-0659.H2K,,1000
pre-2000-single_EX-0660,pre-2000-single_EX-0660.H2K,,1000
pre-2000-single_EX-0661,pre-2000-single_EX-0661.H2K,,1000
pre-2000-single_EX-0662,pre-2000-single_EX-0662.H2K,,1000
pre-2000-single_EX-0663,pre-2000-single_EX-0663.H2K,,1000
pre-2000-single_EX-0664,pre-2000-single_EX-0664.H2K,,1000
pre-2000-single_EX-0665,pre-2000-single_EX-0665.H2K,,1000
pre-2000-single_EX-0666,pre-2000-single_EX-0666.H2K,,1000
pre-2000-single_EX-0667,pre-2000-single_EX-0667.H2K,,1000
pre-2000-single_EX-0668,pre-2000-single_EX-0668.H2K,,1000
pre-2000-single_EX-0669,pre-2000-single_EX-0669.H2K,,1000
pre-2000-single_EX-0670,pre-2000-single_EX-0670.H2K,,1000
pre-2000-single_EX-0671,pre-2000-single_EX-0671.H2K,,1000
pre-2000-single_EX-0672,pre-2000-single_EX-0672.H2K,,1000
pre-2000-single_EX-0673,pre-2000-single_EX-0673.H2K,,1000
pre-2000-single_EX-0674,pre-2000-single_EX-0674.H2K,,1000
pre-2000-single_EX-0675,pre-2000-single_EX-0675.H2K,,1000
pre-2000-single_EX-0676,pre-2000-single_EX-0676.H2K,,1000
pre-2000-single_EX-0677,pre-2000-single_EX-0677.H2K,,1000
pre-2000-single_EX-0678,pre-2000-single_EX-0678.H2K,,1000
pre-2000-single_EX-0679,pre-2000-single_EX-0679.H2K,,1000
pre-2000-single_EX-0680,pre-2000-single_EX-0680.H2K,,1000
pre-2000-single_EX-0681,pre-2000-single_EX-0681.H2K,,1000
pre-2000-single_EX-0682,pre-2000-single_EX-0682.H2K,,1000
pre-2000-single_EX-0683,pre-2000-single_EX-0683.H2K,,1000
pre-2000-single_EX-0684,pre-2000-single_EX-0684.H2K,,1000
pre-2000-single_EX-0685,pre-2000-single_EX-0685.H2K,,1000
pre-2000-single_EX-0686,pre-2000-single_EX-0686.H2K,,1000
pre-2000-single_EX-0687,pre-2000-single_EX-0687.H2K,,1000
pre-2000-single_EX-0688,pre-2000-single_EX-0688.H2K,,1000
pre-2000-single_EX-0689,pre-2000-single_EX-0689.H2K,,1000
pre-2000-single_EX-0690,pre-2000-single_EX-0690.H2K,,1000
pre-2000-single_EX-0691,pre-2000-single_EX-0691.H2K,,1000
pre-2000-single_EX-0692,pre-2000-single_EX-0692.H2K,,1000
pre-2000-single_EX-0693,pre-2000-single_EX-0693.H2K,,1000
pre-2000-single_EX-0694,pre-2000-single_EX-0694.H2K,,1000
pre-2000-single_EX-0695,pre-2000-single_EX-0695.H2K,,1000
pre-2000-single_EX-0696,pre-2000-single_EX-0696.H2K,,1000
pre-2000-single_EX-0697,pre-2000-single_EX-0697.H2K,,1000
pre-2000-single_EX-0698,pre-2000-single_EX-0698.H2K,,1000
pre-2000-single_EX-0699,pre-2000-single_EX-0699.H2K,,1000
pre-2000-single_EX-0700,pre-2000-single_EX-0700.H2K,,1000
pre-2000-single_EX-0701,pre-2000-single_EX-0701.H2K,,1000
pre-2000-single_EX-0702,pre-2000-single_EX-0702.H2K,,1000
pre-2000-single_EX-0703,pre-2000-single_EX-0703.H2K,,1000
pre-2000-single_EX-0704,pre-2000-single_EX-0704.H2K,,1000
pre-2000-single_EX-0705,pre-2000-single_EX-0705.H2K,,1000
pre-2000-single_EX-0706,pre-2000-single_EX-0706.H2K,,1000
pre-2000-single_EX-0707,pre-2000-single_EX-0707.H2K,,1000
pre-2000-single_EX-0708,pre-2000-single_EX-0708.H2K,,1000
pre-2000-single_EX-0709,pre-2000-single_EX-0709.H2K,,1000
pre-2000-single_EX-0710,pre-2000-single_EX-0710.H2K,,1000
pre-2000-single_EX-0711,pre-2000-single_EX-0711.H2K,,1000
pre-2000-single_EX-0712,pre-2000-single_EX-0712.H2K,,1000
pre-2000-single_EX-0713,pre-2000-single_EX-0713.H2K,,1000
pre-2000-single_EX-0714,pre-2000-single_EX-0714.H2K,,1000
pre-2000-single_EX-0715,pre-2000-single_EX-0715.H2K,,1000
pre-2000-single_EX-0716,pre-2000-single_EX-0716.H2K,,1000
pre-2000-single_EX-0717,pre-2000-single_EX-0717.H2K,,1000
pre-2000-single_EX-0718,pre-2000-single_EX-0718.H2K,,1000
pre-2000-single_EX-0719,pre-2000-single_EX-0719.H2K,,1000
pre-2000-single_EX-0720,pre-2000-single_EX-0720.H2K,,1000
pre-2000-single_EX-0721,pre-2000-single_EX-0721.H2K,,1000
pre-2000-single_EX-0722,pre-2000-single_EX-0722.H2K,,1000
pre-2000-single_EX-0723,pre-2000-single_EX-0723.H2K,,1000
pre-2000-single_EX-0724,pre-2000-single_EX-0724.H2K,,1000
pre-2000-single_EX-0725,pre-2000-single_EX-0725.H2K,,1000
pre-2000-single_EX-0726,pre-2000-single_EX-0726.H2K,,1000
pre-2000-single_EX-0727,pre-2000-single_EX-0727.H2K,,1000
pre-2000-single_EX-0728,pre-2000-single_EX-0728.H2K,,1000
pre-2000-single_EX-0729,pre-2000-single_EX-0729.H2K,,1000
pre-2000-single_EX-0730,pre-2000-single_EX-0730.H2K,,1000
pre-2000-single_EX-0731,pre-2000-single_EX-0731.H2K,,1000
pre-2000-single_EX-0732,pre-2000-single_EX-0732.H2K,,1000
pre-2000-single_EX-0733,pre-2000-single_EX-0733.H2K,,1000
pre-2000-single_EX-0734,pre-2000-single_EX-0734.H2K,,1000
pre-2000-single_EX-0735,pre-2000-single_EX-0735.H2K,,1000
pre-2000-single_EX-0736,pre-2000-single_EX-0736.H2K,,1000
pre-2000-single_EX-0737,pre-2000-single_EX-0737.H2K,,1000
pre-2000-single_EX-0738,pre-2000-single_EX-0738.H2K,,1000
pre-2000-single_EX-0739,pre-2000-single_EX-0739.H2K,,1000
pre-2000-single_EX-0740,pre-2000-single_EX-0740.H2K,,1000
pre-2000-single_EX-0741,pre-2000-single_EX-0741.H2K,,1000
pre-2000-single_EX-0742,pre-2000-single_EX-0742.H2K,,1000
pre-2000-single_EX-0743,pre-2000-single_EX-0743.H2K,,1000
pre-2000-single_EX-0744,pre-2000-single_EX-0744.H2K,,1000
pre-2000-single_EX-0745,pre-2000-single_EX-0745.H2K,,1000
pre-2000-single_EX-0746,pre-2000-single_EX-0746.H2K,,1000
pre-2000-single_EX-0747,pre-2000-single_EX-0747.H2K,,1000
pre-2000-single_EX-0748,pre-2000-single_EX-0748.H2K,,1000
pre-2000-single_EX-0749,pre-2000-single_EX-0749.H2K,,1000
pre-2000-single_EX-0750,pre-2000-single_EX-0750.H2K,,1000
pre-2000-single_EX-0751,pre-2000-single_EX-0751.H2K,,1000
pre-2000-single_EX-0752,pre-2000-single_EX-0752.H2K,,1000
pre-2000-single_EX-0753,pre-2000-single_EX-0753.H2K,,1000
pre-2000-single_EX-0754,pre-2000-single_EX-0754.H2K,,1000
pre-2000-single_EX-0755,pre-2000-single_EX-0755.H2K,,1000
pre-2000-single_EX-0756,pre-2000-single_EX-0756.H2K,,1000
pre-2000-single_EX-0757,pre-2000-single_EX-0757.H2K,,1000
pre-2000-single_EX-0758,pre-2000-single_EX-0758.H2K,,1000
pre-2000-single_EX-0759,pre-2000-single_EX-0759.H2K,,1000
pre-2000-single_EX-0760,pre-2000-single_EX-0760.H2K,,1000
pre-2000-single_EX-0761,pre-2000-single_EX-0761.H2K,,1000
pre-2000-single_EX-0762,pre-2000-single_EX-0762.H2K,,1000
pre-2000-single_EX-0763,pre-2000-single_EX-0763.H2K,,1000
pre-2000-single_EX-0764,pre-2000-single_EX-0764.H2K,,1000
pre-2000-single_EX-0765,pre-2000-single_EX-0765.H2K,,1000
pre-2000-single_EX-0766,pre-2000-single_EX-0766.H2K,,1000
pre-2000-single_EX-0767,pre-2000-single_EX-0767.H2K,,1000
pre-2000-single_EX-0768,pre-2000-single_EX-0768.H2K,,1000
pre-2000-single_EX-0769,pre-2000-single_EX-0769.H2K,,1000
pre-2000-single_EX-0770,pre-2000-single_EX-0770.H2K,,1000
pre-2000-single_EX-0771,pre-2000-single_EX-0771.H2K,,1000
pre-2000-single_EX-0772,pre-2000-single_EX-0772.H2K,,1000
pre-2000-single_EX-0773,pre-2000-single_EX-0773.H2K,,1000
pre-2000-single_EX-0774,pre-2000-single_EX-0774.H2K,,1000
pre-2000-single_EX-0775,pre-2000-single_EX-0775.H2K,,1000
pre-2000-single_EX-0776,pre-2000-single_EX-0776.H2K,,1000
pre-2000-single_EX-0777,pre-2000-single_EX-0777.H2K,,1000
pre-2000-single_EX-0778,pre-2000-single_EX-0778.H2K,,1000
pre-2000-single_EX-0779,pre-2000-single_EX-0779.H2K,,1000
pre-2000-single_EX-0780,pre-2000-single_EX-0780.H2K,,1000
pre-2000-single_EX-0781,pre-2000-single_EX-0781.H2K,,1000
pre-2000-single_EX-0782,pre-2000-single_EX-0782.H2K,,1000
pre-2000-single_EX-0783,pre-2000-single_EX-0783.H2K,,1000
pre-2000-single_EX-0784,pre-2000-single_EX-0784.H2K,,1000
pre-2000-single_EX-0785,pre-2000-single_EX-0785.H2K,,1000
pre-2000-single_EX-0786,pre-2000-single_EX-0786.H2K,,1000
pre-2000-single_EX-0787,pre-2000-single_EX-0787.H2K,,1000
pre-2000-single_EX-0788,pre-2000-single_EX-0788.H2K,,1000
pre-2000-single_EX-0789,pre-2000-single_EX-0789.H2K,,1000
pre-2000-single_EX-0790,pre-2000-single_EX-0790.H2K,,1000
pre-2000-single_EX-0791,pre-2000-single_EX-0791.H2K,,1000
pre-2000-single_EX-0792,pre-2000-single_EX-0792.H2K,,1000
pre-2000-single_EX-0793,pre-2000-single_EX-0793.H2K,,1000
pre-2000-single_EX-0794,pre-2000-single_EX-0794.H2K,,1000
pre-2000-single_EX-0795,pre-2000-single_EX-0795.H2K,,1000
pre-2000-single_EX-0796,pre-2000-single_EX-0796.H2K,,1000
pre-2000-single_EX-0797,pre-2000-single_EX-0797.H2K,,1000
pre-2000-single_EX-0798,pre-2000-single_EX-0798.H2K,,1000
pre-2000-single_EX-0799,pre-2000-single_EX-0799.H2K,,1000
pre-2000-single_EX-0800,pre-2000-single_EX-0800.H2K,,1000
pre-2000-single_EX-0801,pre-2000-single_EX-0801.H2K,,1000
pre-2000-single_EX-0802,pre-2000-single_EX-0802.H2K,,1000
pre-2000-single_EX-0803,pre-2000-single_EX-0803.H2K,,1000
pre-2000-single_EX-0804,pre-2000-single_EX-0804.H2K,,1000
pre-2000-single_EX-0805,pre-2000-single_EX-0805.H2K,,1000
pre-2000-single_EX-0806,pre-2000-single_EX-0806.H2K,,1000
pre-2000-single_EX-0807,pre-2000-single_EX-0807.H2K,,1000
pre-2000-single_EX-0808,pre-2000-single_EX-0808.H2K,,1000
pre-2000-single_EX-0809,pre-2000-single_EX-0809.H2K,,1000
pre-2000-single_EX-0810,pre-2000-single_EX-0810.H2K,,1000
pre-2000-single_EX-0811,pre-2000-single_EX-0811.H2K,,1000
pre-2000-single_EX-0812,pre-2000-single_EX-0812.H2K,,1000
pre-2000-single_EX-0813,pre-2000-single_EX-0813.H2K,,1000
pre-2000-single_EX-0814,pre-2000-single_EX-0814.H2K,,1000
pre-2000-single_EX-0815,pre-2000-single_EX-0815.H2K,,1000
pre-2000-single_EX-0816,pre-2000-single_EX-0816.H2K,,1000
pre-2000-single_EX-0817,pre-2000-single_EX-0817.H2K,,1000
pre-2000-single_EX-0818,pre-2000-single_EX-0818.H2K,,1000
pre-2000-single_EX-0819,pre-2000-single_EX-0819.H2K,,1000
pre-2000-single_EX-0820,pre-2000-single_EX-0820.H2K,,1000
pre-2000-single_EX-0821,pre-2000-single_EX-0821.H2K,,1000
pre-2000-single_EX-0822,pre-2000-single_EX-0822.H2K,,1000
pre-2000-single_EX-0823,pre-2000-single_EX-0823.H2K,,1000
pre-2000-single_EX-0824,pre-2000-single_EX-0824.H2K,,1000
pre-2000-single_EX-0825,pre-2000-single_EX-0825.H2K,,1000
pre-2000-single_EX-0826,pre-2000-single_EX-0826.H2K,,1000
pre-2000-single_EX-0827,pre-2000-single_EX-0827.H2K,,1000
pre-2000-single_EX-0828,pre-2000-single_EX-0828.H2K,,1000
pre-2000-single_EX-0829,pre-2000-single_EX-0829.H2K,,1000
pre-2000-single_EX-0830,pre-2000-single_EX-0830.H2K,,1000
pre-2000-single_EX-0831,pre-2000-single_EX-0831.H2K,,1000
pre-2000-single_EX-0832,pre-2000-single_EX-0832.H2K,,1000
pre-2000-single_EX-0833,pre-2000-single_EX-0833.H2K,,1000
pre-2000-single_EX-0834,pre-2000-single_EX-0834.H2K,,1000
pre-2000-single_EX-0835,pre-2000-single_EX-0835.H2K,,1000
pre-2000-single_EX-0836,pre-2000-single_EX-0836.H2K,,1000
pre-2000-single_EX-0837,pre-2000-single_EX-0837.H2K,,1000
pre-2000-single_EX-0838,pre-2000-single_EX-0838.H2K,,1000
pre-2000-single_EX-0839,pre-2000-single_EX-0839.H2K,,1000
pre-2000-single_EX-0840,pre-2000-single_EX-0840.H2K,,1000
pre-2000-single_EX-0841,pre-2000-single_EX-0841.H2K,,1000
pre-2000-single_EX-0842,pre-2000-single_EX-0842.H2K,,1000
pre-2000-single_EX-0843,pre-2000-single_EX-0843.H2K,,1000
pre-2000-single_EX-0844,pre-2000-single_EX-0844.H2K,,1000
pre-2000-single_EX-0845,pre-2000-single_EX-0845.H2K,,1000
pre-2000-single_EX-0846,pre-2000-single_EX-0846.H2K,,1000
pre-2000-single_EX-0847,pre-2000-single_EX-0847.H2K,,1000
pre-2000-single_EX-0848,pre-2000-single_EX-0848.H2K,,1000
pre-2000-single_EX-0849,pre-2000-single_EX-0849.H2K,,1000
pre-2000-single_EX-0850,pre-2000-single_EX-0850.H2K,,1000
pre-2000-single_EX-0851,pre-2000-single_EX-0851.H2K,,1000
pre-2000-single_EX-0852,pre-2000-single_EX-0852.H2K,,1000
pre-2000-single_EX-0853,pre-2000-single_EX-0853.H2K,,1000
pre-2000-single_EX-0854,pre-2000-single_EX-0854.H2K,,1000
pre-2000-single_EX-0855,pre-2000-single_EX-0855.H2K,,1000
pre-2000-single_EX-0856,pre-2000-single_EX-0856.H2K,,1000
pre-2000-single_EX-0857,pre-2000-single_EX-0857.H2K,,1000
pre-2000-single_EX-0858,pre-2000-single_EX-0858.H2K,,1000
pre-2000-single_EX-0859,pre-2000-single_EX-0859.H2K,,1000
pre-2000-single_EX-0860,pre-2000-single_EX-0860.H2K,,1000
pre-2000-single_EX-0861,pre-2000-single_EX-0861.H2K,,1000
pre-2000-single_EX-0862,pre-2000-single_EX-0862.H2K,,1000
pre-2000-single_EX-0863,pre-2000-single_EX-0863.H2K,,1000
pre-2000-single_EX-0864,pre-2000-single_EX-0864.H2K,,1000
pre-2000-single_EX-0865,pre-2000-single_EX-0865.H2K,,1000
pre-2000-single_EX-0866,pre-2000-single_EX-0866.H2K,,1000
pre-2000-single_EX-0867,pre-2000-single_EX-0867.H2K,,1000
pre-2000-single_EX-0868,pre-2000-single_EX-0868.H2K,,1000
pre-2000-single_EX-0869,pre-2000-single_EX-0869.H2K,,1000
pre-2000-single_EX-0870,pre-2000-single_EX-0870.H2K,,1000
pre-2000-single_EX-0871,pre-2000-single_EX-0871.H2K,,1000
pre-2000-single_EX-0872,pre-2000-single_EX-0872.H2K,,1000
pre-2000-single_EX-0873,pre-2000-single_EX-0873.H2K,,1000
pre-2000-single_EX-0874,pre-2000-single_EX-0874.H2K,,1000
pre-2000-single_EX-0875,pre-2000-single_EX-0875.H2K,,1000
pre-2000-single_EX-0876,pre-2000-single_EX-0876.H2K,,1000
pre-2000-single_EX-0877,pre-2000-single_EX-0877.H2K,,1000
pre-2000-single_EX-0878,pre-2000-single_EX-0878.H2K,,1000
pre-2000-single_EX-0879,pre-2000-single_EX-0879.H2K,,1000
pre-2000-single_EX-0880,pre-2000-single_EX-0880.H2K,,1000
pre-2000-single_EX-0881,pre-2000-single_EX-0881.H2K,,1000
pre-2000-single_EX-0882,pre-2000-single_EX-0882.H2K,,1000
pre-2000-single_EX-0883,pre-2000-single_EX-0883.H2K,,1000
pre-2000-single_EX-0884,pre-2000-single_EX-0884.H2K,,1000
pre-2000-single_EX-0885,pre-2000-single_EX-0885.H2K,,1000
pre-2000-single_EX-0886,pre-2000-single_EX-0886.H2K,,1000
pre-2000-single_EX-0887,pre-2000-single_EX-0887.H2K,,1000
pre-2000-single_EX-0888,pre-2000-single_EX-0888.H2K,,1000
pre-2000-single_EX-0889,pre-2000-single_EX-0889.H2K,,1000
pre-2000-single_EX-0890,pre-2000-single_EX-0890.H2K,,1000
pre-2000-single_EX-0891,pre-2000-single_EX-0891.H2K,,1000
pre-2000-single_EX-0892,pre-2000-single_EX-0892.H2K,,1000
pre-2000-single_EX-0893,pre-2000-single_EX-0893.H2K,,1000
pre-2000-single_EX-0894,pre-2000-single_EX-0894.H2K,,1000
pre-2000-single_EX-0895,pre-2000-single_EX-0895.H2K,,1000
pre-2000-single_EX-0896,pre-2000-single_EX-0896.H2K,,1000
pre-2000-single_EX-0897,pre-2000-single_EX-0897.H2K,,1000
pre-2000-single_EX-0898,pre-2000-single_EX-0898.H2K,,1000
pre-2000-single_EX-0899,pre-2000-single_EX-0899.H2K,,1000
pre-2000-single_EX-0900,pre-2000-single_EX-0900.H2K,,1000
pre-2000-single_EX-0901,pre-2000-single_EX-0901.H2K,,1000
pre-2000-single_EX-0902,pre-2000-single_EX-0902.H2K,,1000
pre-2000-single_EX-0903,pre-2000-single_EX-0903.H2K,,1000
pre-2000-single_EX-0904,pre-2000-single_EX-0904.H2K,,1000
pre-2000-single_EX-0905,pre-2000-single_EX-0905.H2K,,1000
pre-2000-single_EX-0906,pre-2000-single_EX-0906.H2K,,1000
pre-2000-single_EX-0907,pre-2000-single_EX-0907.H2K,,1000
pre-2000-single_EX-0908,pre-2000-single_EX-0908.H2K,,1000
pre-2000-single_EX-0909,pre-2000-single_EX-0909.H2K,,1000
pre-2000-single_EX-0910,pre-2000-single_EX-0910.H2K,,1000
pre-2000-single_EX-0911,pre-2000-single_EX-0911.H2K,,1000
pre-2000-single_EX-0912,pre-2000-single_EX-0912.H2K,,1000
pre-2000-single_EX-0913,pre-2000-single_EX-0913.H2K,,1000
pre-2000-single_EX-0914,pre-2000-single_EX-0914.H2K,,1000
pre-2000-single_EX-0915,pre-2000-single_EX-0915.H2K,,1000
pre-2000-single_EX-0916,pre-2000-single_EX-0916.H2K,,1000
pre-2000-single_EX-0917,pre-2000-single_EX-0917.H2K,,1000
pre-2000-single_EX-0918,pre-2000-single_EX-0918.H2K,,1000
pre-2000-single_EX-0919,pre-2000-single_EX-0919.H2K,,1000
pre-2000-single_EX-0920,pre-2000-single_EX-0920.H2K,,1000
pre-2000-single_EX-0921,pre-2000-single_EX-0921.H2K,,1000
pre-2000-single_EX-0922,pre-2000-single_EX-0922.H2K,,1000
pre-2000-single_EX-0923,pre-2000-single_EX-0923.H2K,,1000
pre-2000-single_EX-0924,pre-2000-single_EX-0924.H2K,,1000
pre-2000-single_EX-0925,pre-2000-single_EX-0925.H2K,,1000
pre-2000-single_EX-0926,pre-2000-single_EX-0926.H2K,,1000
pre-2000-single_EX-0927,pre-2000-single_EX-0927.H2K,,1000
pre-2000-single_EX-0928,pre-2000-single_EX-0928.H2K,,1000
pre-2000-single_EX-0929,pre-2000-single_EX-0929.H2K,,1000
pre-2000-single_EX-0930,pre-2000-single_EX-0930.H2K,,1000
pre-2000-single_EX-0931,pre-2000-single_EX-0931.H2K,,1000
pre-2000-single_EX-0932,pre-2000-single_EX-0932.H2K,,1000
pre-2000-single_EX-0933,pre-2000-single_EX-0933.H2K,,1000
pre-2000-single_EX-0934,pre-2000-single_EX-0934.H2K,,1000
pre-2000-single_EX-0935,pre-2000-single_EX-0935.H2K,,1000
pre-2000-single_EX-0936,pre-2000-single_EX-0936.H2K,,1000
pre-2000-single_EX-0937,pre-2000-single_EX-0937.H2K,,1000
pre-2000-single_EX-0938,pre-2000-single_EX-0938.H2K,,1000
pre-2000-single_EX-0939,pre-2000-single_EX-0939.H2K,,1000
pre-2000-single_EX-0940,pre-2000-single_EX-0940.H2K,,1000
pre-2000-single_EX-0941,pre-2000-single_EX-0941.H2K,,1000
pre-2000-single_EX-0942,pre-2000-single_EX-0942.H2K,,1000
pre-2000-single_EX-0943,pre-2000-single_EX-0943.H2K,,1000
pre-2000-single_EX-0944,pre-2000-single_EX-0944.H2K,,1000
pre-2000-single_EX-0945,pre-2000-single_EX-0945.H2K,,1000
pre-2000-single_EX-0946,pre-2000-single_EX-0946.H2K,,1000
pre-2000-single_EX-0947,pre-2000-single_EX-0947.H2K,,1000
pre-2000-single_EX-0948,pre-2000-single_EX-0948.H2K,,1000
pre-2000-single_EX-0949,pre-2000-single_EX-0949.H2K,,1000
pre-2000-single_EX-0950,pre-2000-single_EX-0950.H2K,,1000
pre-2000-single_EX-0951,pre-2000-single_EX-0951.H2K,,1000
pre-2000-single_EX-0952,pre-2000-single_EX-0952.H2K,,1000
pre-2000-single_EX-0953,pre-2000-single_EX-0953.H2K,,1000
pre-2000-single_EX-0954,pre-2000-single_EX-0954.H2K,,1000
pre-2000-single_EX-0955,pre-2000-single_EX-0955.H2K,,1000
pre-2000-single_EX-0956,pre-2000-single_EX-0956.H2K,,1000
pre-2000-single_EX-0957,pre-2000-single_EX-0957.H2K,,1000
pre-2000-single_EX-0958,pre-2000-single_EX-0958.H2K,,1000
pre-2000-single_EX-0959,pre-2000-single_EX-0959.H2K,,1000
pre-2000-single_EX-0960,pre-2000-single_EX-0960.H2K,,1000
pre-2000-single_EX-0961,pre-2000-single_EX-0961.H2K,,1000
pre-2000-single_EX-0962,pre-2000-single_EX-0962.H2K,,1000
pre-2000-single_EX-0963,pre-2000-single_EX-0963.H2K,,1000
pre-2000-single_EX-0964,pre-2000-single_EX-0964.H2K,,1000
pre-2000-single_EX-0965,pre-2000-single_EX-0965.H2K,,1000
pre-2000-single_EX-0966,pre-2000-single_EX-0966.H2K,,1000
pre-2000-single_EX-0967,pre-2000-single_EX-0967.H2K,,1000
pre-2000-single_EX-0968,pre-2000-single_EX-0968.H2K,,1000
pre-2000-single_EX-0969,pre-2000-single_EX-0969.H2K,,1000
pre-2000-single_EX-0970,pre-2000-single_EX-0970.H2K,,1000
pre-2000-single_EX-0971,pre-2000-single_EX-0971.H2K,,1000
pre-2000-single_EX-0972,pre-2000-single_EX-0972.H2K,,1000
pre-2000-single_EX-0973,pre-2000-single_EX-0973.H2K,,1000
pre-2000-single_EX-0974,pre-2000-single_EX-0974.H2K,,1000
pre-2000-single_EX-0975,pre-2000-single_EX-0975.H2K,,1000
pre-2000-single_EX-0976,pre-2000-single_EX-0976.H2K,,1000
pre-2000-single_EX-0977,pre-2000-single_EX-0977.H2K,,1000
pre-2000-single_EX-0978,pre-2000-single_EX-0978.H2K,,1000
pre-2000-single_EX-0979,pre-2000-single_EX-0979.H2K,,1000
pre-2000-single_EX-0980,pre-2000-single_EX-0980.H2K,,1000
pre-2000-single_EX-0981,pre-2000-single_EX-0981.H2K,,1000
pre-2000-single_EX-0982,pre-2000-single_EX-0982.H2K,,1000
pre-2000-single_EX-0983,pre-2000-single_EX-0983.H2K,,1000
pre-2000-single_EX-0984,pre-2000-single_EX-0984.H2K,,1000
pre-2000-single_EX-0985,pre-2000-single_EX-0985.H2K,,1000
pre-2000-single_EX-0986,pre-2000-single_EX-0986.H2K,,1000
pre-2000-single_EX-0987,pre-2000-single_EX-0987.H2K,,1000
pre-2000-single_EX-0988,pre-2000-single_EX-0988.H2K,,1000
pre-2000-single_EX-0989,pre-2000-single_EX-0989.H2K,,1000
pre-2000-single_EX-0990,pre-2000-single_EX-0990.H2K,,1000
pre-2000-single_EX-0991,pre-2000-single_EX-0991.H2K,,1000
pre-2000-single_EX-0992,pre-2000-single_EX-0992.H2K,,1000
pre-2000-single_EX-0993,pre-2000-single_EX-0993.H2K,,1000
pre-2000-single_EX-0994,pre-2000-single_EX-0994.H2K,,1000
pre-2000-single_EX-0995,pre-2000-single_EX-0995.H2K,,1000
pre-2000-single_EX-0996,pre-2000-single_EX-0996.H2K,,1000
pre-2000-single_EX-0997,pre-2000-single_EX-0997.H2K,,1000
pre-2000-single_EX-0998,pre-2000-single_EX-0998.H2K,,1000
pre-2000-single_EX-0999,pre-2000-single_EX-0999.H2K,,1000
pre-2000-single_EX-1000,pre-2000-single_EX-1000.H2K,,1000
pre-2000-single_EX-1001,pre-2000-single_EX-1001.H2K,,1000
pre-2000-single_EX-1002,pre-2000-single_EX-1002.H2K,,1000
pre-2000-single_EX-1003,pre-2000-single_EX-1003.H2K,,1000
pre-2000-single_EX-1004,pre-2000-single_EX-1004.H2K,,1000
pre-2000-single_EX-1005,pre-2000-single_EX-1005.H2K,,1000
pre-2000-single_EX-1006,pre-2000-single_EX-1006.H2K,,1000
pre-2000-single_EX-1007,pre-2000-single_EX-1007.H2K,,1000
pre-2000-single_EX-1008,pre-2000-single_EX-1008.H2K,,1000
pre-2000-single_EX-1009,pre-2000-single_EX-1009.H2K,,1000
pre-2000-single_EX-1010,pre-2000-single_EX-1010.H2K,,1000
pre-2000-single_EX-1011,pre-2000-single_EX-1011.H2K,,1000
pre-2000-single_EX-1012,pre-2000-single_EX-1012.H2K,,1000
pre-2000-single_EX-1013,pre-2000-single_EX-1013.H2K,,1000
pre-2000-single_EX-1014,pre-2000-single_EX-1014.H2K,,1000
pre-2000-single_EX-1015,pre-2000-single_EX-1015.H2K,,1000
pre-2000-single_EX-1016,pre-2000-single_EX-1016.H2K,,1000
pre-2000-single_EX-1017,pre-2000-single_EX-1017.H2K,,1000
pre-2000-single_EX-1018,pre-2000-single_EX-1018.H2K,,1000
pre-2000-single_EX-1019,pre-2000-single_EX-1019.H2K,,1000
pre-2000-single_EX-1020,pre-2000-single_EX-1020.H2K,,1000
pre-2000-single_EX-1021,pre-2000-single_EX-1021.H2K,,1000
pre-2000-single_EX-1022,pre-2000-single_EX-1022.H2K,,1000
pre-2000-single_EX-1023,pre-2000-single_EX-1023.H2K,,1000
pre-2000-single_EX-1024,pre-2000-single_EX-1024.H2K,,1000
pre-2000-single_EX-1025,pre-2000-single_EX-1025.H2K,,1000
pre-2000-single_EX-1026,pre-2000-single_EX-1026.H2K,,1000
pre-2000-single_EX-1027,pre-2000-single_EX-1027.H2K,,1000
pre-2000-single_EX-1028,pre-2000-single_EX-1028.H2K,,1000
pre-2000-single_EX-1029,pre-2000-single_EX-1029.H2K,,1000
pre-2000-single_EX-1030,pre-2000-single_EX-1030.H2K,,1000
pre-2000-single_EX-1031,pre-2000-single_EX-1031.H2K,,1000
pre-2000-single_EX-1032,pre-2000-single_EX-1032.H2K,,1000
pre-2000-single_EX-1033,pre-2000-single_EX-1033.H2K,,1000
pre-2000-single_EX-1034,pre-2000-single_EX-1034.H2K,,1000
pre-2000-single_EX-1035,pre-2000-single_EX-1035.H2K,,1000
pre-2000-single_EX-1036,pre-2000-single_EX-1036.H2K,,1000
pre-2000-single_EX-1037,pre-2000-single_EX-1037.H2K,,1000
pre-2000-single_EX-1038,pre-2000-single_EX-1038.H2K,,1000
pre-2000-single_EX-1039,pre-2000-single_EX-1039.H2K,,1000
pre-2000-single_EX-1040,pre-2000-single_EX-1040.H2K,,1000
pre-2000-single_EX-1041,pre-2000-single_EX-1041.H2K,,1000
pre-2000-single_EX-1042,pre-2000-single_EX-1042.H2K,,1000
pre-2000-single_EX-1043,pre-2000-single_EX-1043.H2K,,1000
pre-2000-single_EX-1044,pre-2000-single_EX-1044.H2K,,1000
pre-2000-single_EX-1045,pre-2000-single_EX-1045.H2K,,1000
pre-2000-single_EX-1046,pre-2000-single_EX-1046.H2K,,1000
pre-2000-single_EX-1047,pre-2000-single_EX-1047.H2K,,1000
pre-2000-single_EX-1048,pre-2000-single_EX-1048.H2K,,1000
pre-2000-single_EX-1049,pre-2000-single_EX-1049.H2K,,1000
pre-2000-single_EX-1050,pre-2000-single_EX-1050.H2K,,1000
pre-2000-single_EX-1051,pre-2000-single_EX-1051.H2K,,1000
pre-2000-single_EX-1052,pre-2000-single_EX-1052.H2K,,1000
pre-2000-single_EX-1053,pre-2000-single_EX-1053.H2K,,1000
pre-2000-single_EX-1054,pre-2000-single_EX-1054.H2K,,1000
pre-2000-single_EX-1055,pre-2000-single_EX-1055.H2K,,1000
pre-2000-single_EX-1056,pre-2000-single_EX-1056.H2K,,1000
pre-2000-single_EX-1057,pre-2000-single_EX-1057.H2K,,1000
pre-2000-single_EX-1058,pre-2000-single_EX-1058.H2K,,1000
pre-2000-single_EX-1059,pre-2000-single_EX-1059.H2K,,1000
pre-2000-single_EX-1060,pre-2000-single_EX-1060.H2K,,1000
pre-2000-single_EX-1061,pre-2000-single_EX-1061.H2K,,1000
pre-2000-single_EX-1062,pre-2000-single_EX-1062.H2K,,1000
pre-2000-single_EX-1063,pre-2000-single_EX-1063.H2K,,1000
pre-2000-single_EX-1064,pre-2000-single_EX-1064.H2K,,1000
pre-2000-single_EX-1065,pre-2000-single_EX-1065.H2K,,1000
pre-2000-single_EX-1066,pre-2000-single_EX-1066.H2K,,1000
pre-2000-single_EX-1067,pre-2000-single_EX-1067.H2K,,1000
pre-2000-single_EX-1068,pre-2000-single_EX-1068.H2K,,1000
pre-2000-single_EX-1069,pre-2000-single_EX-1069.H2K,,1000
pre-2000-single_EX-1070,pre-2000-single_EX-1070.H2K,,1000
pre-2000-single_EX-1071,pre-2000-single_EX-1071.H2K,,1000
pre-2000-single_EX-1072,pre-2000-single_EX-1072.H2K,,1000
pre-2000-single_EX-1073,pre-2000-single_EX-1073.H2K,,1000
pre-2000-single_EX-1074,pre-2000-single_EX-1074.H2K,,1000
pre-2000-single_EX-1075,pre-2000-single_EX-1075.H2K,,1000
pre-2000-single_EX-1076,pre-2000-single_EX-1076.H2K,,1000
pre-2000-single_EX-1077,pre-2000-single_EX-1077.H2K,,1000
pre-2000-single_EX-1078,pre-2000-single_EX-1078.H2K,,1000
pre-2000-single_EX-1079,pre-2000-single_EX-1079.H2K,,1000
pre-2000-single_EX-1080,pre-2000-single_EX-1080.H2K,,1000
pre-2000-single_EX-1081,pre-2000-single_EX-1081.H2K,,1000
pre-2000-single_EX-1082,pre-2000-single_EX-1082.H2K,,1000
pre-2000-single_EX-1083,pre-2000-single_EX-1083.H2K,,1000
pre-2000-single_EX-1084,pre-2000-single_EX-1084.H2K,,1000
pre-2000-single_EX-1085,pre-2000-single_EX-1085.H2K,,1000
pre-2000-single_EX-1086,pre-2000-single_EX-1086.H2K,,1000
pre-2000-single_EX-1087,pre-2000-single_EX-1087.H2K,,1000
pre-2000-single_EX-1088,pre-2000-single_EX-1088.H2K,,1000
pre-2000-single_EX-1089,pre-2000-single_EX-1089.H2K,,1000
pre-2000-single_EX-1090,pre-2000-single_EX-1090.H2K,,1000
pre-2000-single_EX-1091,pre-2000-single_EX-1091.H2K,,1000
pre-2000-single_EX-1092,pre-2000-single_EX-1092.H2K,,1000
pre-2000-single_EX-1093,pre-2000-single_EX-1093.H2K,,1000
pre-2000-single_EX-1094,pre-2000-single_EX-1094.H2K,,1000
pre-2000-single_EX-1095,pre-2000-single_EX-1095.H2K,,1000
pre-2000-single_EX-1096,pre-2000-single_EX-1096.H2K,,1000
pre-2000-single_EX-1097,pre-2000-single_EX-1097.H2K,,1000
pre-2000-single_EX-1098,pre-2000-single_EX-1098.H2K,,1000
pre-2000-single_EX-1099,pre-2000-single_EX-1099.H2K,,1000
pre-2000-single_EX-1100,pre-2000-single_EX-1100.H2K,,1000
pre-2000-single_EX-1101,pre-2000-single_EX-1101.H2K,,1000
pre-2000-single_EX-1102,pre-2000-single_EX-1102.H2K,,1000
pre-2000-single_EX-1103,pre-2000-single_EX-1103.H2K,,1000
pre-2000-single_EX-1104,pre-2000-single_EX-1104.H2K,,1000
pre-2000-single_EX-1105,pre-2000-single_EX-1105.H2K,,1000
pre-2000-single_EX-1106,pre-2000-single_EX-1106.H2K,,1000
pre-2000-single_EX-1107,pre-2000-single_EX-1107.H2K,,1000
pre-2000-single_EX-1108,pre-2000-single_EX-1108.H2K,,1000
pre-2000-single_EX-1109,pre-2000-single_EX-1109.H2K,,1000
pre-2000-single_EX-1110,pre-2000-single_EX-1110.H2K,,1000
pre-2000-single_EX-1111,pre-2000-single_EX-1111.H2K,,1000
pre-2000-single_EX-1112,pre-2000-single_EX-1112.H2K,,1000
pre-2000-single_EX-1113,pre-2000-single_EX-1113.H2K,,1000
pre-2000-single_EX-1114,pre-2000-single_EX-1114.H2K,,1000
pre-2000-single_EX-1115,pre-2000-single_EX-1115.H2K,,1000
pre-2000-single_EX-1116,pre-2000-single_EX-1116.H2K,,1000
pre-2000-single_EX-1117,pre-2000-single_EX-1117.H2K,,1000
pre-2000-single_EX-1118,pre-2000-single_EX-1118.H2K,,1000
pre-2000-single_EX-1119,pre-2000-single_EX-1119.H2K,,1000
pre-2000-single_EX-1120,pre-2000-single_EX-1120.H2K,,1000
pre-2000-single_EX-1121,pre-2000-single_EX-1121.H2K,,1000
pre-2000-single_EX-1122,pre-2000-single_EX-1122.H2K,,1000
pre-2000-single_EX-1123,pre-2000-single_EX-1123.H2K,,1000
pre-2000-single_EX-1124,pre-2000-single_EX-1124.H2K,,1000
pre-2000-single_EX-1125,pre-2000-single_EX-1125.H2K,,1000
pre-2000-single_EX-1126,pre-2000-single_EX-1126.H2K,,1000
pre-2000-single_EX-1127,pre-2000-single_EX-1127.H2K,,1000
pre-2000-single_EX-1128,pre-2000-single_EX-1128.H2K,,1000
pre-2000-single_EX-1129,pre-2000-single_EX-1129.H2K,,1000
pre-2000-single_EX-1130,pre-2000-single_EX-1130.H2K,,1000
pre-2000-single_EX-1131,pre-2000-single_EX-1131.H2K,,1000
pre-2000-single_EX-1132,pre-2000-single_EX-1132.H2K,,1000
pre-2000-single_EX-1133,pre-2000-single_EX-1133.H2K,,1000
pre-2000-single_EX-1134,pre-2000-single_EX-1134.H2K,,1000
pre-2000-single_EX-1135,pre-2000-single_EX-1135.H2K,,1000
pre-2000-single_EX-1136,pre-2000-single_EX-1136.H2K,,1000
pre-2000-single_EX-1137,pre-2000-single_EX-1137.H2K,,1000
pre-2000-single_EX-1138,pre-2000-single_EX-1138.H2K,,1000
pre-2000-single_EX-1139,pre-2000-single_EX-1139.H2K,,1000
pre-2000-single_EX-1140,pre-2000-single_EX-1140.H2K,,1000
pre-2000-single_EX-1141,pre-2000-single_EX-1141.H2K,,1000
pre-2000-single_EX-1142,pre-2000-single_EX-1142.H2K,,1000
pre-2000-single_EX-1143,pre-2000-single_EX-1143.H2K,,1000
pre-2000-single_EX-1144,pre-2000-single_EX-1144.H2K,,1000
pre-2000-single_EX-1145,pre-2000-single_EX-1145.H2K,,1000
pre-2000-single_EX-1146,pre-2000-single_EX-1146.H2K,,1000
pre-2000-single_EX-1147,pre-2000-single_EX-1147.H2K,,1000
pre-2000-single_EX-1148,pre-2000-single_EX-1148.H2K,,1000
pre-2000-single_EX-1149,pre-2000-single_EX-1149.H2K,,1000
pre-2000-single_EX-1150,pre-2000-single_EX-1150.H2K,,1000
pre-2000-single_EX-1151,pre-2000-single_EX-1151.H2K,,1000
pre-2000-single_EX-1152,pre-2000-single_EX-1152.H2K,,1000
pre-2000-single_EX-1153,pre-2000-single_EX-1153.H2K,,1000
pre-2000-single_EX-1154,pre-2000-single_EX-1154.H2K,,1000
pre-2000-single_EX-1155,pre-2000-single_EX-1155.H2K,,1000
pre-2000-single_EX-1156,pre-2000-single_EX-1156.H2K,,1000
pre-2000-single_EX-1157,pre-2000-single_EX-1157.H2K,,1000
pre-2000-single_EX-1158,pre-2000-single_EX-1158.H2K,,1000
pre-2000-single_EX-1159,pre-2000-single_EX-1159.H2K,,1000
pre-2000-single_EX-1160,pre-2000-single_EX-1160.H2K,,1000
pre-2000-single_EX-1161,pre-2000-single_EX-1161.H2K,,1000
pre-2000-single_EX-1162,pre-2000-single_EX-1162.H2K,,1000
pre-2000-single_EX-1163,pre-2000-single_EX-1163.H2K,,1000
pre-2000-single_EX-1164,pre-2000-single_EX-1164.H2K,,1000
pre-2000-single_EX-1165,pre-2000-single_EX-1165.H2K,,1000
pre-2000-single_EX-1166,pre-2000-single_EX-1166.H2K,,1000
pre-2000-single_EX-1167,pre-2000-single_EX-1167.H2K,,1000
pre-2000-single_EX-1168,pre-2000-single_EX-1168.H2K,,1000
pre-2000-single_EX-1169,pre-2000-single_EX-1169.H2K,,1000
pre-2000-single_EX-1170,pre-2000-single_EX-1170.H2K,,1000
pre-2000-single_EX-1171,pre-2000-single_EX-1171.H2K,,1000
pre-2000-single_EX-1172,pre-2000-single_EX-1172.H2K,,1000
pre-2000-single_EX-1173,pre-2000-single_EX-1173.H2K,,1000
pre-2000-single_EX-1174,pre-2000-single_EX-1174.H2K,,1000
pre-2000-single_EX-1175,pre-2000-single_EX-1175.H2K,,1000
pre-2000-single_EX-1176,pre-2000-single_EX-1176.H2K,,1000
pre-2000-single_EX-1177,pre-2000-single_EX-1177.H2K,,1000
pre-2000-single_EX-1178,pre-2000-single_EX-1178.H2K,,1000
pre-2000-single_EX-1179,pre-2000-single_EX-1179.H2K,,1000
pre-2000-single_EX-1180,pre-2000-single_EX-1180.H2K,,1000
pre-2000-single_EX-1181,pre-2000-single_EX-1181.H2K,,1000
pre-2000-single_EX-1182,pre-2000-single_EX-1182.H2K,,1000
pre-2000-single_EX-1183,pre-2000-single_EX-1183.H2K,,1000
pre-2000-single_EX-1184,pre-2000-single_EX-1184.H2K,,1000
pre-2000-single_EX-1185,pre-2000-single_EX-1185.H2K,,1000
pre-2000-single_EX-1186,pre-2000-single_EX-1186.H2K,,1000
pre-2000-single_EX-1187,pre-2000-single_EX-1187.H2K,,1000
pre-2000-single_EX-1188,pre-2000-single_EX-1188.H2K,,1000
pre-2000-single_EX-1189,pre-2000-single_EX-1189.H2K,,1000
pre-2000-single_EX-1190,pre-2000-single_EX-1190.H2K,,1000
pre-2000-single_EX-1191,pre-2000-single_EX-1191.H2K,,1000
pre-2000-single_EX-1192,pre-2000-single_EX-1192.H2K,,1000
pre-2000-single_EX-1193,pre-2000-single_EX-1193.H2K,,1000
pre-2000-single_EX-1194,pre-2000-single_EX-1194.H2K,,1000
pre-2000-single_EX-1195,pre-2000-single_EX-1195.H2K,,1000
pre-2000-single_EX-1196,pre-2000-single_EX-1196.H2K,,1000
pre-2000-single_EX-1197,pre-2000-single_EX-1197.H2K,,1000
pre-2000-single_EX-1198,pre-2000-single_EX-1198.H2K,,1000
pre-2000-single_EX-1199,pre-2000-single_EX-1199.H2K,,1000
pre-2000-single_EX-1200,pre-2000-single_EX-1200.H2K,,1000
pre-2000-single_EX-1201,pre-2000-single_EX-1201.H2K,,1000
pre-2000-single_EX-1202,pre-2000-single_EX-1202.H2K,,1000
pre-2000-single_EX-1203,pre-2000-single_EX-1203.H2K,,1000
pre-2000-single_EX-1204,pre-2000-single_EX-1204.H2K,,1000
pre-2000-single_EX-1205,pre-2000-single_EX-1205.H2K,,1000
pre-2000-single_EX-1206,pre-2000-single_EX-1206.H2K,,1000
pre-2000-single_EX-1207,pre-2000-single_EX-1207.H2K,,1000
pre-2000-single_EX-1208,pre-2000-single_EX-1208.H2K,,1000
pre-2000-single_EX-1209,pre-2000-single_EX-1209.H2K,,1000
pre-2000-single_EX-1210,pre-2000-single_EX-1210.H2K,,1000
pre-2000-single_EX-1211,pre-2000-single_EX-1211.H2K,,1000
pre-2000-single_EX-1212,pre-2000-single_EX-1212.H2K,,1000
pre-2000-single_EX-1213,pre-2000-single_EX-1213.H2K,,1000
pre-2000-single_EX-1214,pre-2000-single_EX-1214.H2K,,1000
pre-2000-single_EX-1215,pre-2000-single_EX-1215.H2K,,1000
pre-2000-single_EX-1216,pre-2000-single_EX-1216.H2K,,1000
pre-2000-single_EX-1217,pre-2000-single_EX-1217.H2K,,1000
pre-2000-single_EX-1218,pre-2000-single_EX-1218.H2K,,1000
pre-2000-single_EX-1219,pre-2000-single_EX-1219.H2K,,1000
pre-2000-single_EX-1220,pre-2000-single_EX-1220.H2K,,1000
pre-2000-single_EX-1221,pre-2000-single_EX-1221.H2K,,1000
pre-2000-single_EX-1222,pre-2000-single_EX-1222.H2K,,1000
pre-2000-single_EX-1223,pre-2000-single_EX-1223.H2K,,1000
pre-2000-single_EX-1224,pre-2000-single_EX-1224.H2K,,1000
pre-2000-single_EX-1225,pre-2000-single_EX-1225.H2K,,1000
pre-2000-single_EX-1226,pre-2000-single_EX-1226.H2K,,1000
pre-2000-single_EX-1227,pre-2000-single_EX-1227.H2K,,1000
pre-2000-single_EX-1228,pre-2000-single_EX-1228.H2K,,1000
pre-2000-single_EX-1229,pre-2000-single_EX-1229.H2K,,1000
pre-2000-single_EX-1230,pre-2000-single_EX-1230.H2K,,1000
pre-2000-single_EX-1231,pre-2000-single_EX-1231.H2K,,1000
pre-2000-single_EX-1232,pre-2000-single_EX-1232.H2K,,1000
pre-2000-single_EX-1233,pre-2000-single_EX-1233.H2K,,1000
pre-2000-single_EX-1234,pre-2000-single_EX-1234.H2K,,1000
pre-2000-single_EX-1235,pre-2000-single_EX-1235.H2K,,1000
pre-2000-single_EX-1236,pre-2000-single_EX-1236.H2K,,1000
pre-2000-single_EX-1237,pre-2000-single_EX-1237.H2K,,1000
pre-2000-single_EX-1238,pre-2000-single_EX-1238.H2K,,1000
pre-2000-single_EX-1239,pre-2000-single_EX-1239.H2K,,1000
pre-2000-single_EX-1240,pre-2000-single_EX-1240.H2K,,1000
pre-2000-single_EX-1241,pre-2000-single_EX-1241.H2K,,1000
pre-2000-single_EX-1242,pre-2000-single_EX-1242.H2K,,1000
pre-2000-single_EX-1243,pre-2000-single_EX-1243.H2K,,1000
pre-2000-single_EX-1244,pre-2000-single_EX-1244.H2K,,1000
pre-2000-single_EX-1245,pre-2000-single_EX-1245.H2K,,1000
pre-2000-single_EX-1246,pre-2000-single_EX-1246.H2K,,1000
pre-2000-single_EX-1247,pre-2000-single_EX-1247.H2K,,1000
pre-2000-single_EX-1248,pre-2000-single_EX-1248.H2K,,1000
pre-2000-single_EX-1249,pre-2000-single_EX-1249.H2K,,1000
pre-2000-single_EX-1250,pre-2000-single_EX-1250.H2K,,1000
pre-2000-single_EX-1251,pre-2000-single_EX-1251.H2K,,1000
pre-2000-single_EX-1252,pre-2000-single_EX-1252.H2K,,1000
pre-2000-single_EX-1253,pre-2000-single_EX-1253.H2K,,1000
pre-2000-single_EX-1254,pre-2000-single_EX-1254.H2K,,1000
pre-2000-single_EX-1255,pre-2000-single_EX-1255.H2K,,1000
pre-2000-single_EX-1256,pre-2000-single_EX-1256.H2K,,1000
pre-2000-single_EX-1257,pre-2000-single_EX-1257.H2K,,1000
pre-2000-single_EX-1258,pre-2000-single_EX-1258.H2K,,1000
pre-2000-single_EX-1259,pre-2000-single_EX-1259.H2K,,1000
pre-2000-single_EX-1260,pre-2000-single_EX-1260.H2K,,1000
pre-2000-single_EX-1261,pre-2000-single_EX-1261.H2K,,1000
pre-2000-single_EX-1262,pre-2000-single_EX-1262.H2K,,1000
pre-2000-single_EX-1263,pre-2000-single_EX-1263.H2K,,1000
pre-2000-single_EX-1264,pre-2000-single_EX-1264.H2K,,1000
pre-2000-single_EX-1265,pre-2000-single_EX-1265.H2K,,1000
pre-2000-single_EX-1266,pre-2000-single_EX-1266.H2K,,1000
pre-2000-single_EX-1267,pre-2000-single_EX-1267.H2K,,1000
pre-2000-single_EX-1268,pre-2000-single_EX-1268.H2K,,1000
pre-2000-single_EX-1269,pre-2000-single_EX-1269.H2K,,1000
pre-2000-single_EX-1270,pre-2000-single_EX-1270.H2K,,1000
pre-2000-single_EX-1271,pre-2000-single_EX-1271.H2K,,1000
pre-2000-single_EX-1272,pre-2000-single_EX-1272.H2K,,1000
pre-2000-single_EX-1273,pre-2000-single_EX-1273.H2K,,1000
pre-2000-single_EX-1274,pre-2000-single_EX-1274.H2K,,1000
pre-2000-single_EX-1275,pre-2000-single_EX-1275.H2K,,1000
pre-2000-single_EX-1276,pre-2000-single_EX-1276.H2K,,1000
pre-2000-single_EX-1277,pre-2000-single_EX-1277.H2K,,1000
pre-2000-single_EX-1278,pre-2000-single_EX-1278.H2K,,1000
pre-2000-single_EX-1279,pre-2000-single_EX-1279.H2K,,1000
pre-2000-single_EX-1280,pre-2000-single_EX-1280.H2K,,1000
pre-2000-single_EX-1281,pre-2000-single_EX-1281.H2K,,1000
pre-2000-single_EX-1282,pre-2000-single_EX-1282.H2K,,1000
pre-2000-single_EX-1283,pre-2000-single_EX-1283.H2K,,1000
pre-2000-single_EX-1284,pre-2000-single_EX-1284.H2K,,1000
pre-2000-single_EX-1285,pre-2000-single_EX-1285.H2K,,1000
pre-2000-single_EX-1286,pre-2000-single_EX-1286.H2K,,1000
pre-2000-single_EX-1287,pre-2000-single_EX-1287.H2K,,1000
pre-2000-single_EX-1288,pre-2000-single_EX-1288.H2K,,1000
pre-2000-single_EX-1289,pre-2000-single_EX-1289.H2K,,1000
pre-2000-single_EX-1290,pre-2000-single_EX-1290.H2K,,1000
pre-2000-single_EX-1291,pre-2000-single_EX-1291.H2K,,1000
pre-2000-single_EX-1292,pre-2000-single_EX-1292.H2K,,1000
pre-2000-single_EX-1293,pre-2000-single_EX-1293.H2K,,1000
pre-2000-single_EX-1294,pre-2000-single_EX-1294.H2K,,1000
pre-2000-single_EX-1295,pre-2000-single_EX-1295.H2K,,1000
pre-2000-single_EX-1296,pre-2000-single_EX-1296.H2K,,1000
pre-2000-single_EX-1297,pre-2000-single_EX-1297.H2K,,1000
pre-2000-single_EX-1298,pre-2000-single_EX-1298.H2K,,1000
pre-2000-single_EX-1299,pre-2000-single_EX-1299.H2K,,1000
pre-2000-single_EX-1300,pre-2000-single_EX-1300.H2K,,1000
pre-2000-single_EX-1301,pre-2000-single_EX-1301.H2K,,1000
pre-2000-single_EX-1302,pre-2000-single_EX-1302.H2K,,1000
pre-2000-single_EX-1303,pre-2000-single_EX-1303.H2K,,1000
pre-2000-single_EX-1304,pre-2000-single_EX-1304.H2K,,1000
pre-2000-single_EX-1305,pre-2000-single_EX-1305.H2K,,1000
pre-2000-single_EX-1306,pre-2000-single_EX-1306.H2K,,1000
pre-2000-single_EX-1307,pre-2000-single_EX-1307.H2K,,1000
pre-2000-single_EX-1308,pre-2000-single_EX-1308.H2K,,1000
pre-2000-single_EX-1309,pre-2000-single_EX-1309.H2K,,1000
pre-2000-single_EX-1310,pre-2000-single_EX-1310.H2K,,1000
pre-2000-single_EX-1311,pre-2000-single_EX-1311.H2K,,1000
pre-2000-single_EX-1312,pre-2000-single_EX-1312.H2K,,1000
pre-2000-single_EX-1313,pre-2000-single_EX-1313.H2K,,1000
pre-2000-single_EX-1314,pre-2000-single_EX-1314.H2K,,1000
pre-2000-single_EX-1315,pre-2000-single_EX-1315.H2K,,1000
pre-2000-single_EX-1316,pre-2000-single_EX-1316.H2K,,1000
pre-2000-single_EX-1317,pre-2000-single_EX-1317.H2K,,1000
pre-2000-single_EX-1318,pre-2000-single_EX-1318.H2K,,1000
pre-2000-single_EX-1319,pre-2000-single_EX-1319.H2K,,1000
pre-2000-single_EX-1320,pre-2000-single_EX-1320.H2K,,1000
pre-2000-single_EX-1321,pre-2000-single_EX-1321.H2K,,1000
pre-2000-single_EX-1322,pre-2000-single_EX-1322.H2K,,1000
pre-2000-single_EX-1323,pre-2000-single_EX-1323.H2K,,1000
pre-2000-single_EX-1324,pre-2000-single_EX-1324.H2K,,1000
pre-2000-single_EX-1325,pre-2000-single_EX-1325.H2K,,1000
pre-2000-single_EX-1326,pre-2000-single_EX-1326.H2K,,1000
pre-2000-single_EX-1327,pre-2000-single_EX-1327.H2K,,1000
pre-2000-single_EX-1328,pre-2000-single_EX-1328.H2K,,1000
pre-2000-single_EX-1329,pre-2000-single_EX-1329.H2K,,1000
pre-2000-single_EX-1330,pre-2000-single_EX-1330.H2K,,1000
pre-2000-single_EX-1331,pre-2000-single_EX-1331.H2K,,1000
pre-2000-single_EX-1332,pre-2000-single_EX-1332.H2K,,1000
pre-2000-single_EX-1333,pre-2000-single_EX-1333.H2K,,1000
pre-2000-single_EX-1334,pre-2000-single_EX-1334.H2K,,1000
pre-2000-single_EX-1335,pre-2000-single_EX-1335.H2K,,1000
pre-2000-single_EX-1336,pre-2000-single_EX-1336.H2K,,1000
pre-2000-single_EX-1337,pre-2000-single_EX-1337.H2K,,1000
pre-2000-single_EX-1338,pre-2000-single_EX-1338.H2K,,1000
pre-2000-single_EX-1339,pre-2000-single_EX-1339.H2K,,1000
pre-2000-single_EX-1340,pre-2000-single_EX-1340.H2K,,1000
pre-2000-single_EX-1341,pre-2000-single_EX-1341.H2K,,1000
pre-2000-single_EX-1342,pre-2000-single_EX-1342.H2K,,1000
pre-2000-single_EX-1343,pre-2000-single_EX-1343.H2K,,1000
pre-2000-single_EX-1344,pre-2000-single_EX-1344.H2K,,1000
pre-2000-single_EX-1345,pre-2000-single_EX-1345.H2K,,1000
pre-2000-single_EX-1346,pre-2000-single_EX-1346.H2K,,1000
pre-2000-single_EX-1347,pre-2000-single_EX-1347.H2K,,1000
pre-2000-single_EX-1348,pre-2000-single_EX-1348.H2K,,1000
pre-2000-single_EX-1349,pre-2000-single_EX-1349.H2K,,1000
pre-2000-single_EX-1350,pre-2000-single_EX-1350.H2K,,1000
pre-2000-single_EX-1351,pre-2000-single_EX-1351.H2K,,1000
pre-2000-single_EX-1352,pre-2000-single_EX-1352.H2K,,1000
pre-2000-single_EX-1353,pre-2000-single_EX-1353.H2K,,1000
pre-2000-single_EX-1354,pre-2000-single_EX-1354.H2K,,1000
pre-2000-single_EX-1355,pre-2000-single_EX-1355.H2K,,1000
pre-2000-single_EX-1356,pre-2000-single_EX-1356.H2K,,1000
pre-2000-single_EX-1357,pre-2000-single_EX-1357.H2K,,1000
pre-2000-single_EX-1358,pre-2000-single_EX-1358.H2K,,1000
pre-2000-single_EX-1359,pre-2000-single_EX-1359.H2K,,1000
pre-2000-single_EX-1360,pre-2000-single_EX-1360.H2K,,1000
pre-2000-single_EX-1361,pre-2000-single_EX-1361.H2K,,1000
pre-2000-single_EX-1362,pre-2000-single_EX-1362.H2K,,1000
pre-2000-single_EX-1363,pre-2000-single_EX-1363.H2K,,1000
pre-2000-single_EX-1364,pre-2000-single_EX-1364.H2K,,1000
pre-2000-single_EX-1365,pre-2000-single_EX-1365.H2K,,1000
pre-2000-single_EX-1366,pre-2000-single_EX-1366.H2K,,1000
pre-2000-single_EX-1367,pre-2000-single_EX-1367.H2K,,1000
pre-2000-single_EX-1368,pre-2000-single_EX-1368.H2K,,1000
pre-2000-single_EX-1369,pre-2000-single_EX-1369.H2K,,1000
pre-2000-single_EX-1370,pre-2000-single_EX-1370.H2K,,1000
pre-2000-single_EX-1371,pre-2000-single_EX-1371.H2K,,1000
pre-2000-single_EX-1372,pre-2000-single_EX-1372.H2K,,1000
pre-2000-single_EX-1373,pre-2000-single_EX-1373.H2K,,1000
pre-2000-single_EX-1374,pre-2000-single_EX-1374.H2K,,1000
pre-2000-single_EX-1375,pre-2000-single_EX-1375.H2K,,1000
pre-2000-single_EX-1376,pre-2000-single_EX-1376.H2K,,1000
pre-2000-single_EX-1377,pre-2000-single_EX-1377.H2K,,1000
pre-2000-single_EX-1378,pre-2000-single_EX-1378.H2K,,1000
pre-2000-single_EX-1379,pre-2000-single_EX-1379.H2K,,1000
pre-2000-single_EX-1380,pre-2000-single_EX-1380.H2K,,1000
pre-2000-single_EX-1381,pre-2000-single_EX-1381.H2K,,1000
pre-2000-single_EX-1382,pre-2000-single_EX-1382.H2K,,1000
pre-2000-single_EX-1383,pre-2000-single_EX-1383.H2K,,1000
pre-2000-single_EX-1384,pre-2000-single_EX-1384.H2K,,1000
pre-2000-single_EX-1385,pre-2000-single_EX-1385.H2K,,1000
pre-2000-single_EX-1386,pre-2000-single_EX-1386.H2K,,1000
pre-2000-single_EX-1387,pre-2000-single_EX-1387.H2K,,1000
pre-2000-single_EX-1388,pre-2000-single_EX-1388.H2K,,1000
pre-2000-single_EX-1389,pre-2000-single_EX-1389.H2K,,1000
pre-2000-single_EX-1390,pre-2000-single_EX-1390.H2K,,1000
pre-2000-single_EX-1391,pre-2000-single_EX-1391.H2K,,1000
pre-2000-single_EX-1392,pre-2000-single_EX-1392.H2K,,1000
pre-2000-single_EX-1393,pre-2000-single_EX-1393.H2K,,1000
pre-2000-single_EX-1394,pre-2000-single_EX-1394.H2K,,1000
pre-2000-single_EX-1395,pre-2000-single_EX-1395.H2K,,1000
pre-2000-single_EX-1396,pre-2000-single_EX-1396.H2K,,1000
pre-2000-single_EX-1397,pre-2000-single_EX-1397.H2K,,1000
pre-2000-single_EX-1398,pre-2000-single_EX-1398.H2K,,1000
pre-2000-single_EX-1399,pre-2000-single_EX-1399.H2K,,1000
pre-2000-single_EX-1400,pre-2000-single_EX-1400.H2K,,1000
pre-2000-single_EX-1401,pre-2000-single_EX-1401.H2K,,1000
pre-2000-single_EX-1402,pre-2000-single_EX-1402.H2K,,1000
pre-2000-single_EX-1403,pre-2000-single_EX-1403.H2K,,1000
pre-2000-single_EX-1404,pre-2000-single_EX-1404.H2K,,1000
pre-2000-single_EX-1405,pre-2000-single_EX-1405.H2K,,1000
pre-2000-single_EX-1406,pre-2000-single_EX-1406.H2K,,1000
pre-2000-single_EX-1407,pre-2000-single_EX-1407.H2K,,1000
pre-2000-single_EX-1408,pre-2000-single_EX-1408.H2K,,1000
pre-2000-single_EX-1409,pre-2000-single_EX-1409.H2K,,1000
pre-2000-single_EX-1410,pre-2000-single_EX-1410.H2K,,1000
pre-2000-single_EX-1411,pre-2000-single_EX-1411.H2K,,1000
pre-2000-single_EX-1412,pre-2000-single_EX-1412.H2K,,1000
pre-2000-single_EX-1413,pre-2000-single_EX-1413.H2K,,1000
pre-2000-single_EX-1414,pre-2000-single_EX-1414.H2K,,1000
pre-2000-single_EX-1415,pre-2000-single_EX-1415.H2K,,1000
pre-2000-single_EX-1416,pre-2000-single_EX-1416.H2K,,1000
pre-2000-single_EX-1417,pre-2000-single_EX-1417.H2K,,1000
pre-2000-single_EX-1418,pre-2000-single_EX-1418.H2K,,1000
pre-2000-single_EX-1419,pre-2000-single_EX-1419.H2K,,1000
pre-2000-single_EX-1420,pre-2000-single_EX-1420.H2K,,1000
pre-2000-single_EX-1421,pre-2000-single_EX-1421.H2K,,1000
pre-2000-single_EX-1422,pre-2000-single_EX-1422.H2K,,1000
pre-2000-single_EX-1423,pre-2000-single_EX-1423.H2K,,1000
pre-2000-single_EX-1424,pre-2000-single_EX-1424.H2K,,1000
pre-2000-single_EX-1425,pre-2000-single_EX-1425.H2K,,1000
pre-2000-single_EX-1426,pre-2000-single_EX-1426.H2K,,1000
pre-2000-single_EX-1427,pre-2000-single_EX-1427.H2K,,1000
pre-2000-single_EX-1428,pre-2000-single_EX-1428.H2K,,1000
pre-2000-single_EX-1429,pre-2000-single_EX-1429.H2K,,1000
pre-2000-single_EX-1430,pre-2000-single_EX-1430.H2K,,1000
pre-2000-single_EX-1431,pre-2000-single_EX-1431.H2K,,1000
pre-2000-single_EX-1432,pre-2000-single_EX-1432.H2K,,1000
pre-2000-single_EX-1433,pre-2000-single_EX-1433.H2K,,1000
pre-2000-single_EX-1434,pre-2000-single_EX-1434.H2K,,1000
pre-2000-single_EX-1435,pre-2000-single_EX-1435.H2K,,1000
pre-2000-single_EX-1436,pre-2000-single_EX-1436.H2K,,1000
pre-2000-single_EX-1437,pre-2000-single_EX-1437.H2K,,1000
pre-2000-single_EX-1438,pre-2000-single_EX-1438.H2K,,1000
pre-2000-single_EX-1439,pre-2000-single_EX-1439.H2K,,1000
pre-2000-single_EX-1440,pre-2000-single_EX-1440.H2K,,1000
pre-2000-single_EX-1441,pre-2000-single_EX-1441.H2K,,1000
pre-2000-single_EX-1442,pre-2000-single_EX-1442.H2K,,1000
pre-2000-single_EX-1443,pre-2000-single_EX-1443.H2K,,1000
pre-2000-single_EX-1444,pre-2000-single_EX-1444.H2K,,1000
pre-2000-single_EX-1445,pre-2000-single_EX-1445.H2K,,1000
pre-2000-single_EX-1446,pre-2000-single_EX-1446.H2K,,1000
pre-2000-single_EX-1447,pre-2000-single_EX-1447.H2K,,1000
pre-2000-single_EX-1448,pre-2000-single_EX-1448.H2K,,1000
pre-2000-single_EX-1449,pre-2000-single_EX-1449.H2K,,1000
pre-2000-single_EX-1450,pre-2000-single_EX-1450.H2K,,1000
pre-2000-single_EX-1451,pre-2000-single_EX-1451.H2K,,1000
pre-2000-single_EX-1452,pre-2000-single_EX-1452.H2K,,1000
pre-2000-single_EX-1453,pre-2000-single_EX-1453.H2K,,1000
pre-2000-single_EX-1454,pre-2000-single_EX-1454.H2K,,1000
pre-2000-single_EX-1455,pre-2000-single_EX-1455.H2K,,1000
pre-2000-single_EX-1456,pre-2000-single_EX-1456.H2K,,1000
pre-2000-single_EX-1457,pre-2000-single_EX-1457.H2K,,1000
pre-2000-single_EX-1458,pre-2000-single_EX-1458.H2K,,1000
pre-2000-single_EX-1459,pre-2000-single_EX-1459.H2K,,1000
pre-2000-single_EX-1460,pre-2000-single_EX-1460.H2K,,1000
pre-2000-single_EX-1461,pre-2000-single_EX-1461.H2K,,1000
pre-2000-single_EX-1462,pre-2000-single_EX-1462.H2K,,1000
pre-2000-single_EX-1463,pre-2000-single_EX-1463.H2K,,1000
pre-2000-single_EX-1464,pre-2000-single_EX-1464.H2K,,1000
pre-2000-single_EX-1465,pre-2000-single_EX-1465.H2K,,1000
pre-2000-single_EX-1466,pre-2000-single_EX-1466.H2K,,1000
pre-2000-single_EX-1467,pre-2000-single_EX-1467.H2K,,1000
pre-2000-single_EX-1468,pre-2000-single_EX-1468.H2K,,1000
pre-2000-single_EX-1469,pre-2000-single_EX-1469.H2K,,1000
pre-2000-single_EX-1470,pre-2000-single_EX-1470.H2K,,1000
pre-2000-single_EX-1471,pre-2000-single_EX-1471.H2K,,1000
pre-2000-single_EX-1472,pre-2000-single_EX-1472.H2K,,1000
pre-2000-single_EX-1473,pre-2000-single_EX-1473.H2K,,1000
pre-2000-single_EX-1474,pre-2000-single_EX-1474.H2K,,1000
pre-2000-single_EX-1475,pre-2000-single_EX-1475.H2K,,1000
pre-2000-single_EX-1476,pre-2000-single_EX-1476.H2K,,1000
pre-2000-single_EX-1477,pre-2000-single_EX-1477.H2K,,1000
pre-2000-single_EX-1478,pre-2000-single_EX-1478.H2K,,1000
pre-2000-single_EX-1479,pre-2000-single_EX-1479.H2K,,1000
pre-2000-single_EX-1480,pre-2000-single_EX-1480.H2K,,1000
pre-2000-single_EX-1481,pre-2000-single_EX-1481.H2K,,1000
pre-2000-single_EX-1482,pre-2000-single_EX-1482.H2K,,1000
pre-2000-single_EX-1483,pre-2000-single_EX-1483.H2K,,1000
pre-2000-single_EX-1484,pre-2000-single_EX-1484.H2K,,1000
pre-2000-single_EX-1485,pre-2000-single_EX-1485.H2K,,1000
pre-2000-single_EX-1486,pre-2000-single_EX-1486.H2K,,1000
pre-2000-single_EX-1487,pre-2000-single_EX-1487.H2K,,1000
pre-2000-single_EX-1488,pre-2000-single_EX-1488.H2K,,1000
pre-2000-single_EX-1489,pre-2000-single_EX-1489.H2K,,1000
pre-2000-single_EX-1490,pre-2000-single_EX-1490.H2K,,1000
pre-2000-single_EX-1491,pre-2000-single_EX-1491.H2K,,1000
pre-2000-single_EX-1492,pre-2000-single_EX-1492.H2K,,1000
pre-2000-single_EX-1493,pre-2000-single_EX-1493.H2K,,1000
pre-2000-single_EX-1494,pre-2000-single_EX-1494.H2K,,1000
pre-2000-single_EX-1495,pre-2000-single_EX-1495.H2K,,1000
pre-2000-single_EX-1496,pre-2000-single_EX-1496.H2K,,1000
pre-2000-single_EX-1497,pre-2000-single_EX-1497.H2K,,1000
pre-2000-single_EX-1498,pre-2000-single_EX-1498.H2K,,1000
pre-2000-single_EX-1499,pre-2000-single_EX-1499.H2K,,1000
pre-2000-single_EX-1500,pre-2000-single_EX-1500.H2K,,1000
pre-2000-single_EX-1501,pre-2000-single_EX-1501.H2K,,1000
pre-2000-single_EX-1502,pre-2000-single_EX-1502.H2K,,1000
pre-2000-single_EX-1503,pre-2000-single_EX-1503.H2K,,1000
pre-2000-single_EX-1504,pre-2000-single_EX-1504.H2K,,1000
pre-2000-single_EX-1505,pre-2000-single_EX-1505.H2K,,1000
pre-2000-single_EX-1506,pre-2000-single_EX-1506.H2K,,1000
pre-2000-single_EX-1507,pre-2000-single_EX-1507.H2K,,1000
pre-2000-single_EX-1508,pre-2000-single_EX-1508.H2K,,1000
pre-2000-single_EX-1509,pre-2000-single_EX-1509.H2K,,1000
pre-2000-single_EX-1510,pre-2000-single_EX-1510.H2K,,1000
pre-2000-single_EX-1511,pre-2000-single_EX-1511.H2K,,1000
pre-2000-single_EX-1512,pre-2000-single_EX-1512.H2K,,1000
pre-2000-single_EX-1513,pre-2000-single_EX-1513.H2K,,1000
pre-2000-single_EX-1514,pre-2000-single_EX-1514.H2K,,1000
pre-2000-single_EX-1515,pre-2000-single_EX-1515.H2K,,1000
pre-2000-single_EX-1516,pre-2000-single_EX-1516.H2K,,1000
pre-2000-single_EX-1517,pre-2000-single_EX-1517.H2K,,1000
pre-2000-single_EX-1518,pre-2000-single_EX-1518.H2K,,1000
pre-2000-single_EX-1519,pre-2000-single_EX-1519.H2K,,1000
pre-2000-single_EX-1520,pre-2000-single_EX-1520.H2K,,1000
pre-2000-single_EX-1521,pre-2000-single_EX-1521.H2K,,1000
pre-2000-single_EX-1522,pre-2000-single_EX-1522.H2K,,1000
pre-2000-single_EX-1523,pre-2000-single_EX-1523.H2K,,1000
pre-2000-single_EX-1524,pre-2000-single_EX-1524.H2K,,1000
pre-2000-single_EX-1525,pre-2000-single_EX-1525.H2K,,1000
pre-2000-single_EX-1526,pre-2000-single_EX-1526.H2K,,1000
pre-2000-single_EX-1527,pre-2000-single_EX-1527.H2K,,1000
pre-2000-single_EX-1528,pre-2000-single_EX-1528.H2K,,1000
pre-2000-single_EX-1529,pre-2000-single_EX-1529.H2K,,1000
pre-2000-single_EX-1530,pre-2000-single_EX-1530.H2K,,1000
pre-2000-single_EX-1531,pre-2000-single_EX-1531.H2K,,1000
pre-2000-single_EX-1532,pre-2000-single_EX-1532.H2K,,1000
pre-2000-single_EX-1533,pre-2000-single_EX-1533.H2K,,1000
pre-2000-single_EX-1534,pre-2000-single_EX-1534.H2K,,1000
pre-2000-single_EX-1535,pre-2000-single_EX-1535.H2K,,1000
pre-2000-single_EX-1536,pre-2000-single_EX-1536.H2K,,1000
pre-2000-single_EX-1537,pre-2000-single_EX-1537.H2K,,1000
pre-2000-single_EX-1538,pre-2000-single_EX-1538.H2K,,1000
pre-2000-single_EX-1539,pre-2000-single_EX-1539.H2K,,1000
pre-2000-single_EX-1540,pre-2000-single_EX-1540.H2K,,1000
pre-2000-single_EX-1541,pre-2000-single_EX-1541.H2K,,1000
pre-2000-single_EX-1542,pre-2000-single_EX-1542.H2K,,1000
pre-2000-single_EX-1543,pre-2000-single_EX-1543.H2K,,1000
pre-2000-single_EX-1544,pre-2000-single_EX-1544.H2K,,1000
pre-2000-single_EX-1545,pre-2000-single_EX-1545.H2K,,1000
pre-2000-single_EX-1546,pre-2000-single_EX-1546.H2K,,1000
pre-2000-single_EX-1547,pre-2000-single_EX-1547.H2K,,1000
pre-2000-single_EX-1548,pre-2000-single_EX-1548.H2K,,1000
pre-2000-single_EX-1549,pre-2000-single_EX-1549.H2K,,1000
pre-2000-single_EX-1550,pre-2000-single_EX-1550.H2K,,1000
pre-2000-single_EX-1551,pre-2000-single_EX-1551.H2K,,1000
pre-2000-single_EX-1552,pre-2000-single_EX-1552.H2K,,1000
pre-2000-single_EX-1553,pre-2000-single_EX-1553.H2K,,1000
pre-2000-single_EX-1554,pre-2000-single_EX-1554.H2K,,1000
pre-2000-single_EX-1555,pre-2000-single_EX-1555.H2K,,1000
pre-2000-single_EX-1556,pre-2000-single_EX-1556.H2K,,1000
pre-2000-single_EX-1557,pre-2000-single_EX-1557.H2K,,1000
pre-2000-single_EX-1558,pre-2000-single_EX-1558.H2K,,1000
pre-2000-single_EX-1559,pre-2000-single_EX-1559.H2K,,1000
pre-2000-single_EX-1560,pre-2000-single_EX-1560.H2K,,1000
pre-2000-single_EX-1561,pre-2000-single_EX-1561.H2K,,1000
pre-2000-single_EX-1562,pre-2000-single_EX-1562.H2K,,1000
pre-2000-single_EX-1563,pre-2000-single_EX-1563.H2K,,1000
pre-2000-single_EX-1564,pre-2000-single_EX-1564.H2K,,1000
pre-2000-single_EX-1565,pre-2000-single_EX-1565.H2K,,1000
pre-2000-single_EX-1566,pre-2000-single_EX-1566.H2K,,1000
pre-2000-single_EX-1567,pre-2000-single_EX-1567.H2K,,1000
pre-2000-single_EX-1568,pre-2000-single_EX-1568.H2K,,1000
pre-2000-single_EX-1569,pre-2000-single_EX-1569.H2K,,1000
pre-2000-single_EX-1570,pre-2000-single_EX-1570.H2K,,1000
