idf_file,idf_location,matched_city,epw_file
ERS-EX-10000-in.idf,London AP_ON,LONDON,CAN_ON_London.AP.716230_CWEC2020.zip
ERS-EX-10030-in.idf,London AP_ON,LONDON,CAN_ON_London.AP.716230_CWEC2020.zip
ERS-EX-10057-in.idf,London AP_ON,LONDON,CAN_ON_London.AP.716230_CWEC2020.zip
ERS-EX-10080-in.idf,London AP_ON,LONDON,CAN_ON_London.AP.716230_CWEC2020.zip
ERS-EX-10118-in.idf,London AP_ON,LONDON,CAN_ON_London.AP.716230_CWEC2020.zip
ERS-EX-10130-in.idf,Lethbridge CDA_AB,LETHBRIDGE,CAN_AB_Lethbridge.CDA.712430_CWEC2020.zip
ERS-EX-10145-in.idf,Lethbridge CDA_AB,LETHBRIDGE,CAN_AB_Lethbridge.CDA.712430_CWEC2020.zip
ERS-EX-10146-in.idf,Lethbridge CDA_AB,LETHBRIDGE,CAN_AB_Lethbridge.CDA.712430_CWEC2020.zip
ERS-EX-10151-in.idf,Lethbridge CDA_AB,LETHBRIDGE,CAN_AB_Lethbridge.CDA.712430_CWEC2020.zip
ERS-EX-10163-in.idf,Lethbridge CDA_AB,LETHBRIDGE,CAN_AB_Lethbridge.CDA.712430_CWEC2020.zip
ERS-EX-10203-in.idf,Windsor AP_ON,WINDSOR,CAN_ON_Windsor.AP.715380_CWEC2020.zip
ERS-EX-10222-in.idf,Windsor AP_ON,WINDSOR,CAN_ON_Windsor.AP.715380_CWEC2020.zip
ERS-EX-10226-in.idf,Windsor AP_ON,WINDSOR,CAN_ON_Windsor.AP.715380_CWEC2020.zip
ERS-EX-10277-in.idf,Windsor AP_ON,WINDSOR,CAN_ON_Windsor.AP.715380_CWEC2020.zip
ERS-EX-10296-in.idf,Windsor AP_ON,WINDSOR,CAN_ON_Windsor.AP.715380_CWEC2020.zip
ERS-EX-10318-in.idf,Windsor AP_ON,WINDSOR,CAN_ON_Windsor.AP.715380_CWEC2020.zip
ERS-EX-10323-in.idf,Windsor AP_ON,WINDSOR,CAN_ON_Windsor.AP.715380_CWEC2020.zip
ERS-EX-10368-in.idf,Montreal Intl AP_QC,MONTREAL INTL,CAN_QC_Montreal.Intl.AP.716270_CWEC2020.zip
ERS-EX-10375-in.idf,Montreal Intl AP_QC,MONTREAL INTL,CAN_QC_Montreal.Intl.AP.716270_CWEC2020.zip
ERS-EX-10383-in.idf,Ottawa Intl AP_ON,OTTAWA INTL,CAN_ON_Ottawa.Intl.AP.716280_CWEC2020.zip
ERS-EX-10389-in.idf,Montreal Intl AP_QC,MONTREAL INTL,CAN_QC_Montreal.Intl.AP.716270_CWEC2020.zip
ERS-EX-1050-in.idf,Timmins AP_ON,TIMMINS,CAN_ON_Timmins.AP.717390_CWEC2020.zip
ERS-EX-10505-in.idf,Point Petre AUT_ON,POINT PETRE,CAN_ON_Point.Petre.AUT.714300_CWEC2020.zip
ERS-EX-1056-in.idf,Toronto City Centre_ON,TORONTO CITY CENTRE,CAN_ON_Toronto.City.Centre.712650_CWEC2020.zip
ERS-EX-10588-in.idf,Thunder Bay AP_ON,THUNDER BAY,CAN_ON_Thunder.Bay.AP.716670_CWEC2020.zip
ERS-EX-10612-in.idf,Muskoka_ON,MUSKOKA,CAN_ON_Muskoka.715320_CWEC2020.zip
ERS-EX-10622-in.idf,London AP_ON,LONDON,CAN_ON_London.AP.716230_CWEC2020.zip
ERS-EX-10640-in.idf,Muskoka_ON,MUSKOKA,CAN_ON_Muskoka.715320_CWEC2020.zip
ERS-EX-10642-in.idf,Muskoka_ON,MUSKOKA,CAN_ON_Muskoka.715320_CWEC2020.zip
ERS-EX-10656-in.idf,Wiarton AP_ON,WIARTON,CAN_ON_Wiarton.AP.716330_CWEC2020.zip
ERS-EX-10659-in.idf,North Bay AP_ON,NORTH BAY,CAN_ON_North.Bay.AP.717310_CWEC2020.zip
ERS-EX-10671-in.idf,Muskoka_ON,MUSKOKA,CAN_ON_Muskoka.715320_CWEC2020.zip
ERS-EX-1076-in.idf,Toronto City Centre_ON,TORONTO CITY CENTRE,CAN_ON_Toronto.City.Centre.712650_CWEC2020.zip
ERS-EX-10760-in.idf,Winnipeg Intl AP_MB,WINNIPEG INTL,CAN_MB_Winnipeg.Intl.AP.718520_CWEC2020.zip
ERS-EX-10770-in.idf,Winnipeg Intl AP_MB,WINNIPEG INTL,CAN_MB_Winnipeg.Intl.AP.718520_CWEC2020.zip
ERS-EX-10775-in.idf,Winnipeg Intl AP_MB,WINNIPEG INTL,CAN_MB_Winnipeg.Intl.AP.718520_CWEC2020.zip
ERS-EX-10781-in.idf,Winnipeg Intl AP_MB,WINNIPEG INTL,CAN_MB_Winnipeg.Intl.AP.718520_CWEC2020.zip
ERS-EX-10785-in.idf,Winnipeg Intl AP_MB,WINNIPEG INTL,CAN_MB_Winnipeg.Intl.AP.718520_CWEC2020.zip
ERS-EX-10788-in.idf,Winnipeg Intl AP_MB,WINNIPEG INTL,CAN_MB_Winnipeg.Intl.AP.718520_CWEC2020.zip
ERS-EX-10797-in.idf,Winnipeg Intl AP_MB,WINNIPEG INTL,CAN_MB_Winnipeg.Intl.AP.718520_CWEC2020.zip
ERS-EX-10799-in.idf,Winnipeg Intl AP_MB,WINNIPEG INTL,CAN_MB_Winnipeg.Intl.AP.718520_CWEC2020.zip
ERS-EX-10800-in.idf,Winnipeg Intl AP_MB,WINNIPEG INTL,CAN_MB_Winnipeg.Intl.AP.718520_CWEC2020.zip
ERS-EX-10815-in.idf,Winnipeg Intl AP_MB,WINNIPEG INTL,CAN_MB_Winnipeg.Intl.AP.718520_CWEC2020.zip
ERS-EX-10819-in.idf,Winnipeg Intl AP_MB,WINNIPEG INTL,CAN_MB_Winnipeg.Intl.AP.718520_CWEC2020.zip
ERS-EX-10843-in.idf,Halifax Intl AP_NS,HALIFAX INTL,CAN_NS_Halifax.Intl.AP.713950_CWEC2020.zip
ERS-EX-10844-in.idf,Halifax Intl AP_NS,HALIFAX INTL,CAN_NS_Halifax.Intl.AP.713950_CWEC2020.zip
ERS-EX-10859-in.idf,Halifax Intl AP_NS,HALIFAX INTL,CAN_NS_Halifax.Intl.AP.713950_CWEC2020.zip
ERS-EX-10874-in.idf,Halifax Intl AP_NS,HALIFAX INTL,CAN_NS_Halifax.Intl.AP.713950_CWEC2020.zip
ERS-EX-10894-in.idf,Halifax Intl AP_NS,HALIFAX INTL,CAN_NS_Halifax.Intl.AP.713950_CWEC2020.zip
ERS-EX-10897-in.idf,Halifax Intl AP_NS,HALIFAX INTL,CAN_NS_Halifax.Intl.AP.713950_CWEC2020.zip
ERS-EX-10906-in.idf,Halifax Intl AP_NS,HALIFAX INTL,CAN_NS_Halifax.Intl.AP.713950_CWEC2020.zip
ERS-EX-1091-in.idf,Toronto City Centre_ON,TORONTO CITY CENTRE,CAN_ON_Toronto.City.Centre.712650_CWEC2020.zip
ERS-EX-10924-in.idf,Wiarton AP_ON,WIARTON,CAN_ON_Wiarton.AP.716330_CWEC2020.zip
ERS-EX-10933-in.idf,Toronto City Centre_ON,TORONTO CITY CENTRE,CAN_ON_Toronto.City.Centre.712650_CWEC2020.zip
ERS-EX-10957-in.idf,London AP_ON,LONDON,CAN_ON_London.AP.716230_CWEC2020.zip
ERS-EX-10959-in.idf,London AP_ON,LONDON,CAN_ON_London.AP.716230_CWEC2020.zip
ERS-EX-1096-in.idf,Toronto City Centre_ON,TORONTO CITY CENTRE,CAN_ON_Toronto.City.Centre.712650_CWEC2020.zip
ERS-EX-10991-in.idf,London AP_ON,LONDON,CAN_ON_London.AP.716230_CWEC2020.zip
ERS-EX-1102-in.idf,Toronto City Centre_ON,TORONTO CITY CENTRE,CAN_ON_Toronto.City.Centre.712650_CWEC2020.zip
ERS-EX-11032-in.idf,London AP_ON,LONDON,CAN_ON_London.AP.716230_CWEC2020.zip
ERS-EX-11035-in.idf,London AP_ON,LONDON,CAN_ON_London.AP.716230_CWEC2020.zip
ERS-EX-11050-in.idf,London AP_ON,LONDON,CAN_ON_London.AP.716230_CWEC2020.zip
ERS-EX-11125-in.idf,Windsor AP_ON,WINDSOR,CAN_ON_Windsor.AP.715380_CWEC2020.zip
ERS-EX-11153-in.idf,London AP_ON,LONDON,CAN_ON_London.AP.716230_CWEC2020.zip
ERS-EX-11214-in.idf,London AP_ON,LONDON,CAN_ON_London.AP.716230_CWEC2020.zip
ERS-EX-1125-in.idf,Toronto City Centre_ON,TORONTO CITY CENTRE,CAN_ON_Toronto.City.Centre.712650_CWEC2020.zip
ERS-EX-11270-in.idf,London AP_ON,LONDON,CAN_ON_London.AP.716230_CWEC2020.zip
ERS-EX-11308-in.idf,London AP_ON,LONDON,CAN_ON_London.AP.716230_CWEC2020.zip
ERS-EX-11362-in.idf,London AP_ON,LONDON,CAN_ON_London.AP.716230_CWEC2020.zip
ERS-EX-11371-in.idf,London AP_ON,LONDON,CAN_ON_London.AP.716230_CWEC2020.zip
ERS-EX-11395-in.idf,London AP_ON,LONDON,CAN_ON_London.AP.716230_CWEC2020.zip
ERS-EX-11426-in.idf,London AP_ON,LONDON,CAN_ON_London.AP.716230_CWEC2020.zip
ERS-EX-11494-in.idf,Halifax Intl AP_NS,HALIFAX INTL,CAN_NS_Halifax.Intl.AP.713950_CWEC2020.zip
ERS-EX-11517-in.idf,Halifax Intl AP_NS,HALIFAX INTL,CAN_NS_Halifax.Intl.AP.713950_CWEC2020.zip
ERS-EX-11576-in.idf,Halifax Intl AP_NS,HALIFAX INTL,CAN_NS_Halifax.Intl.AP.713950_CWEC2020.zip
ERS-EX-11620-in.idf,Halifax Intl AP_NS,HALIFAX INTL,CAN_NS_Halifax.Intl.AP.713950_CWEC2020.zip
ERS-EX-11635-in.idf,Yarmouth AP_NS,YARMOUTH,CAN_NS_Yarmouth.AP.716030_CWEC2020.zip
ERS-EX-11653-in.idf,Halifax Intl AP_NS,HALIFAX INTL,CAN_NS_Halifax.Intl.AP.713950_CWEC2020.zip
ERS-EX-11707-in.idf,Halifax Intl AP_NS,HALIFAX INTL,CAN_NS_Halifax.Intl.AP.713950_CWEC2020.zip
ERS-EX-11757-in.idf,Greenwood AP_NS,GREENWOOD,CAN_NS_Greenwood.AP.713970_CWEC2020.zip
ERS-EX-11766-in.idf,Halifax Intl AP_NS,HALIFAX INTL,CAN_NS_Halifax.Intl.AP.713950_CWEC2020.zip
ERS-EX-11770-in.idf,Halifax Intl AP_NS,HALIFAX INTL,CAN_NS_Halifax.Intl.AP.713950_CWEC2020.zip
ERS-EX-11774-in.idf,Halifax Intl AP_NS,HALIFAX INTL,CAN_NS_Halifax.Intl.AP.713950_CWEC2020.zip
ERS-EX-1182-in.idf,Toronto City Centre_ON,TORONTO CITY CENTRE,CAN_ON_Toronto.City.Centre.712650_CWEC2020.zip
ERS-EX-11829-in.idf,Sudbury AP_ON,SUDBURY,CAN_ON_Sudbury.AP.717300_CWEC2020.zip
ERS-EX-11835-in.idf,Sudbury AP_ON,SUDBURY,CAN_ON_Sudbury.AP.717300_CWEC2020.zip
ERS-EX-11854-in.idf,Sudbury AP_ON,SUDBURY,CAN_ON_Sudbury.AP.717300_CWEC2020.zip
ERS-EX-11868-in.idf,Sudbury AP_ON,SUDBURY,CAN_ON_Sudbury.AP.717300_CWEC2020.zip
ERS-EX-11873-in.idf,Sudbury AP_ON,SUDBURY,CAN_ON_Sudbury.AP.717300_CWEC2020.zip
ERS-EX-11877-in.idf,Sudbury AP_ON,SUDBURY,CAN_ON_Sudbury.AP.717300_CWEC2020.zip
ERS-EX-11880-in.idf,Sudbury AP_ON,SUDBURY,CAN_ON_Sudbury.AP.717300_CWEC2020.zip
ERS-EX-11886-in.idf,Sudbury AP_ON,SUDBURY,CAN_ON_Sudbury.AP.717300_CWEC2020.zip
ERS-EX-11908-in.idf,Toronto City Centre_ON,TORONTO CITY CENTRE,CAN_ON_Toronto.City.Centre.712650_CWEC2020.zip
ERS-EX-11946-in.idf,Toronto City Centre_ON,TORONTO CITY CENTRE,CAN_ON_Toronto.City.Centre.712650_CWEC2020.zip
ERS-EX-11948-in.idf,Toronto City Centre_ON,TORONTO CITY CENTRE,CAN_ON_Toronto.City.Centre.712650_CWEC2020.zip
ERS-EX-11965-in.idf,Toronto City Centre_ON,TORONTO CITY CENTRE,CAN_ON_Toronto.City.Centre.712650_CWEC2020.zip
ERS-EX-1197-in.idf,Toronto City Centre_ON,TORONTO CITY CENTRE,CAN_ON_Toronto.City.Centre.712650_CWEC2020.zip
ERS-EX-11972-in.idf,Toronto City Centre_ON,TORONTO CITY CENTRE,CAN_ON_Toronto.City.Centre.712650_CWEC2020.zip
ERS-EX-12023-in.idf,Erieau AUT_ON,ERIEAU,CAN_ON_Erieau.AUT.714650_CWEC2020.zip
ERS-EX-12026-in.idf,Toronto City Centre_ON,TORONTO CITY CENTRE,CAN_ON_Toronto.City.Centre.712650_CWEC2020.zip
ERS-EX-12062-in.idf,Toronto City Centre_ON,TORONTO CITY CENTRE,CAN_ON_Toronto.City.Centre.712650_CWEC2020.zip
ERS-EX-12081-in.idf,Toronto City Centre_ON,TORONTO CITY CENTRE,CAN_ON_Toronto.City.Centre.712650_CWEC2020.zip
ERS-EX-12093-in.idf,Toronto City Centre_ON,TORONTO CITY CENTRE,CAN_ON_Toronto.City.Centre.712650_CWEC2020.zip
ERS-EX-12117-in.idf,Toronto City Centre_ON,TORONTO CITY CENTRE,CAN_ON_Toronto.City.Centre.712650_CWEC2020.zip
ERS-EX-12120-in.idf,Toronto City Centre_ON,TORONTO CITY CENTRE,CAN_ON_Toronto.City.Centre.712650_CWEC2020.zip
ERS-EX-12143-in.idf,Erieau AUT_ON,ERIEAU,CAN_ON_Erieau.AUT.714650_CWEC2020.zip
ERS-EX-12175-in.idf,Toronto City Centre_ON,TORONTO CITY CENTRE,CAN_ON_Toronto.City.Centre.712650_CWEC2020.zip
ERS-EX-12199-in.idf,Toronto City Centre_ON,TORONTO CITY CENTRE,CAN_ON_Toronto.City.Centre.712650_CWEC2020.zip
ERS-EX-12202-in.idf,Toronto City Centre_ON,TORONTO CITY CENTRE,CAN_ON_Toronto.City.Centre.712650_CWEC2020.zip
ERS-EX-12241-in.idf,Toronto City Centre_ON,TORONTO CITY CENTRE,CAN_ON_Toronto.City.Centre.712650_CWEC2020.zip
ERS-EX-1225-in.idf,Toronto City Centre_ON,TORONTO CITY CENTRE,CAN_ON_Toronto.City.Centre.712650_CWEC2020.zip
ERS-EX-12295-in.idf,Toronto City Centre_ON,TORONTO CITY CENTRE,CAN_ON_Toronto.City.Centre.712650_CWEC2020.zip
ERS-EX-12315-in.idf,Toronto City Centre_ON,TORONTO CITY CENTRE,CAN_ON_Toronto.City.Centre.712650_CWEC2020.zip
ERS-EX-12322-in.idf,Toronto City Centre_ON,TORONTO CITY CENTRE,CAN_ON_Toronto.City.Centre.712650_CWEC2020.zip
ERS-EX-12459-in.idf,Toronto City Centre_ON,TORONTO CITY CENTRE,CAN_ON_Toronto.City.Centre.712650_CWEC2020.zip
ERS-EX-12467-in.idf,Toronto City Centre_ON,TORONTO CITY CENTRE,CAN_ON_Toronto.City.Centre.712650_CWEC2020.zip
ERS-EX-12468-in.idf,Erieau AUT_ON,ERIEAU,CAN_ON_Erieau.AUT.714650_CWEC2020.zip
ERS-EX-12487-in.idf,Vancouver Intl AP_BC,VANCOUVER INTL,CAN_BC_Vancouver.Intl.AP.718920_CWEC2020.zip
ERS-EX-12488-in.idf,Vancouver Intl AP_BC,VANCOUVER INTL,CAN_BC_Vancouver.Intl.AP.718920_CWEC2020.zip
ERS-EX-1249-in.idf,Toronto City Centre_ON,TORONTO CITY CENTRE,CAN_ON_Toronto.City.Centre.712650_CWEC2020.zip
ERS-EX-12495-in.idf,Vancouver Intl AP_BC,VANCOUVER INTL,CAN_BC_Vancouver.Intl.AP.718920_CWEC2020.zip
ERS-EX-12498-in.idf,Vancouver Intl AP_BC,VANCOUVER INTL,CAN_BC_Vancouver.Intl.AP.718920_CWEC2020.zip
ERS-EX-12499-in.idf,Abbotsford AP_BC,ABBOTSFORD,CAN_BC_Abbotsford.AP.711080_CWEC2020.zip
ERS-EX-12500-in.idf,Vancouver Intl AP_BC,VANCOUVER INTL,CAN_BC_Vancouver.Intl.AP.718920_CWEC2020.zip
ERS-EX-12504-in.idf,Vancouver Intl AP_BC,VANCOUVER INTL,CAN_BC_Vancouver.Intl.AP.718920_CWEC2020.zip
ERS-EX-12506-in.idf,Vancouver Intl AP_BC,VANCOUVER INTL,CAN_BC_Vancouver.Intl.AP.718920_CWEC2020.zip
ERS-EX-12539-in.idf,Abbotsford AP_BC,ABBOTSFORD,CAN_BC_Abbotsford.AP.711080_CWEC2020.zip
ERS-EX-12542-in.idf,Vancouver Intl AP_BC,VANCOUVER INTL,CAN_BC_Vancouver.Intl.AP.718920_CWEC2020.zip
ERS-EX-12548-in.idf,Abbotsford AP_BC,ABBOTSFORD,CAN_BC_Abbotsford.AP.711080_CWEC2020.zip
ERS-EX-12558-in.idf,Vancouver Intl AP_BC,VANCOUVER INTL,CAN_BC_Vancouver.Intl.AP.718920_CWEC2020.zip
ERS-EX-12589-in.idf,Vancouver Intl AP_BC,VANCOUVER INTL,CAN_BC_Vancouver.Intl.AP.718920_CWEC2020.zip
ERS-EX-12606-in.idf,Vancouver Intl AP_BC,VANCOUVER INTL,CAN_BC_Vancouver.Intl.AP.718920_CWEC2020.zip
ERS-EX-12608-in.idf,Vancouver Intl AP_BC,VANCOUVER INTL,CAN_BC_Vancouver.Intl.AP.718920_CWEC2020.zip
ERS-EX-12611-in.idf,Abbotsford AP_BC,ABBOTSFORD,CAN_BC_Abbotsford.AP.711080_CWEC2020.zip
ERS-EX-12612-in.idf,Vancouver Intl AP_BC,VANCOUVER INTL,CAN_BC_Vancouver.Intl.AP.718920_CWEC2020.zip
ERS-EX-12620-in.idf,Vancouver Intl AP_BC,VANCOUVER INTL,CAN_BC_Vancouver.Intl.AP.718920_CWEC2020.zip
ERS-EX-12631-in.idf,Vancouver Intl AP_BC,VANCOUVER INTL,CAN_BC_Vancouver.Intl.AP.718920_CWEC2020.zip
ERS-EX-12633-in.idf,Vancouver Intl AP_BC,VANCOUVER INTL,CAN_BC_Vancouver.Intl.AP.718920_CWEC2020.zip
ERS-EX-12641-in.idf,Erieau AUT_ON,ERIEAU,CAN_ON_Erieau.AUT.714650_CWEC2020.zip
ERS-EX-12714-in.idf,Erieau AUT_ON,ERIEAU,CAN_ON_Erieau.AUT.714650_CWEC2020.zip
ERS-EX-12748-in.idf,Erieau AUT_ON,ERIEAU,CAN_ON_Erieau.AUT.714650_CWEC2020.zip
ERS-EX-12796-in.idf,Erieau AUT_ON,ERIEAU,CAN_ON_Erieau.AUT.714650_CWEC2020.zip
ERS-EX-12867-in.idf,Toronto City Centre_ON,TORONTO CITY CENTRE,CAN_ON_Toronto.City.Centre.712650_CWEC2020.zip
ERS-EX-12914-in.idf,Halifax Intl AP_NS,HALIFAX INTL,CAN_NS_Halifax.Intl.AP.713950_CWEC2020.zip
ERS-EX-12955-in.idf,Halifax Intl AP_NS,HALIFAX INTL,CAN_NS_Halifax.Intl.AP.713950_CWEC2020.zip
ERS-EX-12977-in.idf,Trenton AP_ON,TRENTON,CAN_ON_Trenton.AP.716210_CWEC2020.zip
ERS-EX-13016-in.idf,Winnipeg Intl AP_MB,WINNIPEG INTL,CAN_MB_Winnipeg.Intl.AP.718520_CWEC2020.zip
ERS-EX-13035-in.idf,Winnipeg Intl AP_MB,WINNIPEG INTL,CAN_MB_Winnipeg.Intl.AP.718520_CWEC2020.zip
ERS-EX-13048-in.idf,Winnipeg Intl AP_MB,WINNIPEG INTL,CAN_MB_Winnipeg.Intl.AP.718520_CWEC2020.zip
ERS-EX-13056-in.idf,Winnipeg Intl AP_MB,WINNIPEG INTL,CAN_MB_Winnipeg.Intl.AP.718520_CWEC2020.zip
ERS-EX-13060-in.idf,Winnipeg Intl AP_MB,WINNIPEG INTL,CAN_MB_Winnipeg.Intl.AP.718520_CWEC2020.zip
ERS-EX-13063-in.idf,Winnipeg Intl AP_MB,WINNIPEG INTL,CAN_MB_Winnipeg.Intl.AP.718520_CWEC2020.zip
ERS-EX-13065-in.idf,Winnipeg Intl AP_MB,WINNIPEG INTL,CAN_MB_Winnipeg.Intl.AP.718520_CWEC2020.zip
ERS-EX-13079-in.idf,Dauphin_MB,DAUPHIN,CAN_MB_Dauphin.710360_CWEC2020.zip
ERS-EX-13083-in.idf,Dauphin_MB,DAUPHIN,CAN_MB_Dauphin.710360_CWEC2020.zip
ERS-EX-13089-in.idf,Winnipeg Intl AP_MB,WINNIPEG INTL,CAN_MB_Winnipeg.Intl.AP.718520_CWEC2020.zip
ERS-EX-13091-in.idf,Winnipeg Intl AP_MB,WINNIPEG INTL,CAN_MB_Winnipeg.Intl.AP.718520_CWEC2020.zip
ERS-EX-13099-in.idf,Winnipeg Intl AP_MB,WINNIPEG INTL,CAN_MB_Winnipeg.Intl.AP.718520_CWEC2020.zip
ERS-EX-13104-in.idf,Winnipeg Intl AP_MB,WINNIPEG INTL,CAN_MB_Winnipeg.Intl.AP.718520_CWEC2020.zip
ERS-EX-13106-in.idf,Winnipeg Intl AP_MB,WINNIPEG INTL,CAN_MB_Winnipeg.Intl.AP.718520_CWEC2020.zip
ERS-EX-13109-in.idf,Winnipeg Intl AP_MB,WINNIPEG INTL,CAN_MB_Winnipeg.Intl.AP.718520_CWEC2020.zip
ERS-EX-13124-in.idf,Winnipeg Intl AP_MB,WINNIPEG INTL,CAN_MB_Winnipeg.Intl.AP.718520_CWEC2020.zip
ERS-EX-1313-in.idf,Toronto City Centre_ON,TORONTO CITY CENTRE,CAN_ON_Toronto.City.Centre.712650_CWEC2020.zip
ERS-EX-13131-in.idf,Winnipeg Intl AP_MB,WINNIPEG INTL,CAN_MB_Winnipeg.Intl.AP.718520_CWEC2020.zip
ERS-EX-13133-in.idf,Winnipeg Intl AP_MB,WINNIPEG INTL,CAN_MB_Winnipeg.Intl.AP.718520_CWEC2020.zip
ERS-EX-13141-in.idf,Winnipeg Intl AP_MB,WINNIPEG INTL,CAN_MB_Winnipeg.Intl.AP.718520_CWEC2020.zip
ERS-EX-13150-in.idf,Nelson CS_BC,NELSON,CAN_BC_Nelson.CS.717760_CWEC2020.zip
ERS-EX-13154-in.idf,Nelson CS_BC,NELSON,CAN_BC_Nelson.CS.717760_CWEC2020.zip
ERS-EX-13155-in.idf,Cranbrook AP_BC,CRANBROOK,CAN_BC_Cranbrook.AP.718800_CWEC2020.zip
ERS-EX-13160-in.idf,Nelson CS_BC,NELSON,CAN_BC_Nelson.CS.717760_CWEC2020.zip
ERS-EX-13162-in.idf,Abbotsford AP_BC,ABBOTSFORD,CAN_BC_Abbotsford.AP.711080_CWEC2020.zip
ERS-EX-13167-in.idf,Cranbrook AP_BC,CRANBROOK,CAN_BC_Cranbrook.AP.718800_CWEC2020.zip
ERS-EX-13170-in.idf,Nelson CS_BC,NELSON,CAN_BC_Nelson.CS.717760_CWEC2020.zip
ERS-EX-13173-in.idf,Nelson CS_BC,NELSON,CAN_BC_Nelson.CS.717760_CWEC2020.zip
ERS-EX-13190-in.idf,Greenwood AP_NS,GREENWOOD,CAN_NS_Greenwood.AP.713970_CWEC2020.zip
ERS-EX-13207-in.idf,Toronto City Centre_ON,TORONTO CITY CENTRE,CAN_ON_Toronto.City.Centre.712650_CWEC2020.zip
ERS-EX-1322-in.idf,Toronto City Centre_ON,TORONTO CITY CENTRE,CAN_ON_Toronto.City.Centre.712650_CWEC2020.zip
ERS-EX-13297-in.idf,Halifax Intl AP_NS,HALIFAX INTL,CAN_NS_Halifax.Intl.AP.713950_CWEC2020.zip
ERS-EX-13319-in.idf,Halifax Intl AP_NS,HALIFAX INTL,CAN_NS_Halifax.Intl.AP.713950_CWEC2020.zip
ERS-EX-13327-in.idf,Halifax Intl AP_NS,HALIFAX INTL,CAN_NS_Halifax.Intl.AP.713950_CWEC2020.zip
ERS-EX-13360-in.idf,Toronto City Centre_ON,TORONTO CITY CENTRE,CAN_ON_Toronto.City.Centre.712650_CWEC2020.zip
ERS-EX-1340-in.idf,Toronto City Centre_ON,TORONTO CITY CENTRE,CAN_ON_Toronto.City.Centre.712650_CWEC2020.zip
ERS-EX-13414-in.idf,Toronto City Centre_ON,TORONTO CITY CENTRE,CAN_ON_Toronto.City.Centre.712650_CWEC2020.zip
ERS-EX-13417-in.idf,Erieau AUT_ON,ERIEAU,CAN_ON_Erieau.AUT.714650_CWEC2020.zip
ERS-EX-13455-in.idf,Halifax Intl AP_NS,HALIFAX INTL,CAN_NS_Halifax.Intl.AP.713950_CWEC2020.zip
ERS-EX-13458-in.idf,Halifax Intl AP_NS,HALIFAX INTL,CAN_NS_Halifax.Intl.AP.713950_CWEC2020.zip
ERS-EX-13501-in.idf,Halifax Intl AP_NS,HALIFAX INTL,CAN_NS_Halifax.Intl.AP.713950_CWEC2020.zip
ERS-EX-13538-in.idf,Toronto City Centre_ON,TORONTO CITY CENTRE,CAN_ON_Toronto.City.Centre.712650_CWEC2020.zip
ERS-EX-13589-in.idf,Toronto City Centre_ON,TORONTO CITY CENTRE,CAN_ON_Toronto.City.Centre.712650_CWEC2020.zip
ERS-EX-13610-in.idf,Toronto City Centre_ON,TORONTO CITY CENTRE,CAN_ON_Toronto.City.Centre.712650_CWEC2020.zip
ERS-EX-13639-in.idf,Toronto City Centre_ON,TORONTO CITY CENTRE,CAN_ON_Toronto.City.Centre.712650_CWEC2020.zip
ERS-EX-13647-in.idf,Toronto City Centre_ON,TORONTO CITY CENTRE,CAN_ON_Toronto.City.Centre.712650_CWEC2020.zip
ERS-EX-13688-in.idf,Toronto City Centre_ON,TORONTO CITY CENTRE,CAN_ON_Toronto.City.Centre.712650_CWEC2020.zip
ERS-EX-1379-in.idf,Toronto City Centre_ON,TORONTO CITY CENTRE,CAN_ON_Toronto.City.Centre.712650_CWEC2020.zip
ERS-EX-13842-in.idf,Erieau AUT_ON,ERIEAU,CAN_ON_Erieau.AUT.714650_CWEC2020.zip
ERS-EX-13867-in.idf,Toronto City Centre_ON,TORONTO CITY CENTRE,CAN_ON_Toronto.City.Centre.712650_CWEC2020.zip
ERS-EX-1388-in.idf,Erieau AUT_ON,ERIEAU,CAN_ON_Erieau.AUT.714650_CWEC2020.zip
ERS-EX-13880-in.idf,Erieau AUT_ON,ERIEAU,CAN_ON_Erieau.AUT.714650_CWEC2020.zip
ERS-EX-13887-in.idf,Erieau AUT_ON,ERIEAU,CAN_ON_Erieau.AUT.714650_CWEC2020.zip
ERS-EX-13926-in.idf,Erieau AUT_ON,ERIEAU,CAN_ON_Erieau.AUT.714650_CWEC2020.zip
ERS-EX-13928-in.idf,Toronto City Centre_ON,TORONTO CITY CENTRE,CAN_ON_Toronto.City.Centre.712650_CWEC2020.zip
ERS-EX-13937-in.idf,London AP_ON,LONDON,CAN_ON_London.AP.716230_CWEC2020.zip
ERS-EX-13947-in.idf,Erieau AUT_ON,ERIEAU,CAN_ON_Erieau.AUT.714650_CWEC2020.zip
ERS-EX-13979-in.idf,Erieau AUT_ON,ERIEAU,CAN_ON_Erieau.AUT.714650_CWEC2020.zip
ERS-EX-14005-in.idf,Toronto City Centre_ON,TORONTO CITY CENTRE,CAN_ON_Toronto.City.Centre.712650_CWEC2020.zip
ERS-EX-14041-in.idf,Erieau AUT_ON,ERIEAU,CAN_ON_Erieau.AUT.714650_CWEC2020.zip
ERS-EX-14055-in.idf,Erieau AUT_ON,ERIEAU,CAN_ON_Erieau.AUT.714650_CWEC2020.zip
ERS-EX-14057-in.idf,Erieau AUT_ON,ERIEAU,CAN_ON_Erieau.AUT.714650_CWEC2020.zip
ERS-EX-14065-in.idf,Toronto City Centre_ON,TORONTO CITY CENTRE,CAN_ON_Toronto.City.Centre.712650_CWEC2020.zip
ERS-EX-14110-in.idf,Toronto City Centre_ON,TORONTO CITY CENTRE,CAN_ON_Toronto.City.Centre.712650_CWEC2020.zip
ERS-EX-14114-in.idf,Toronto City Centre_ON,TORONTO CITY CENTRE,CAN_ON_Toronto.City.Centre.712650_CWEC2020.zip
ERS-EX-14122-in.idf,Erieau AUT_ON,ERIEAU,CAN_ON_Erieau.AUT.714650_CWEC2020.zip
ERS-EX-14125-in.idf,Toronto City Centre_ON,TORONTO CITY CENTRE,CAN_ON_Toronto.City.Centre.712650_CWEC2020.zip
ERS-EX-14219-in.idf,Toronto City Centre_ON,TORONTO CITY CENTRE,CAN_ON_Toronto.City.Centre.712650_CWEC2020.zip
ERS-EX-14242-in.idf,Toronto City Centre_ON,TORONTO CITY CENTRE,CAN_ON_Toronto.City.Centre.712650_CWEC2020.zip
ERS-EX-14344-in.idf,Toronto City Centre_ON,TORONTO CITY CENTRE,CAN_ON_Toronto.City.Centre.712650_CWEC2020.zip
ERS-EX-14355-in.idf,Toronto City Centre_ON,TORONTO CITY CENTRE,CAN_ON_Toronto.City.Centre.712650_CWEC2020.zip
ERS-EX-14382-in.idf,Toronto City Centre_ON,TORONTO CITY CENTRE,CAN_ON_Toronto.City.Centre.712650_CWEC2020.zip
ERS-EX-14389-in.idf,Toronto City Centre_ON,TORONTO CITY CENTRE,CAN_ON_Toronto.City.Centre.712650_CWEC2020.zip
ERS-EX-14413-in.idf,Toronto City Centre_ON,TORONTO CITY CENTRE,CAN_ON_Toronto.City.Centre.712650_CWEC2020.zip
ERS-EX-14434-in.idf,Toronto City Centre_ON,TORONTO CITY CENTRE,CAN_ON_Toronto.City.Centre.712650_CWEC2020.zip
ERS-EX-14457-in.idf,Toronto City Centre_ON,TORONTO CITY CENTRE,CAN_ON_Toronto.City.Centre.712650_CWEC2020.zip
ERS-EX-14463-in.idf,Toronto City Centre_ON,TORONTO CITY CENTRE,CAN_ON_Toronto.City.Centre.712650_CWEC2020.zip
ERS-EX-1447-in.idf,Erieau AUT_ON,ERIEAU,CAN_ON_Erieau.AUT.714650_CWEC2020.zip
ERS-EX-14470-in.idf,Toronto City Centre_ON,TORONTO CITY CENTRE,CAN_ON_Toronto.City.Centre.712650_CWEC2020.zip
ERS-EX-14481-in.idf,Toronto City Centre_ON,TORONTO CITY CENTRE,CAN_ON_Toronto.City.Centre.712650_CWEC2020.zip
ERS-EX-14486-in.idf,Toronto City Centre_ON,TORONTO CITY CENTRE,CAN_ON_Toronto.City.Centre.712650_CWEC2020.zip
ERS-EX-1454-in.idf,Toronto City Centre_ON,TORONTO CITY CENTRE,CAN_ON_Toronto.City.Centre.712650_CWEC2020.zip
ERS-EX-14551-in.idf,Toronto City Centre_ON,TORONTO CITY CENTRE,CAN_ON_Toronto.City.Centre.712650_CWEC2020.zip
ERS-EX-14571-in.idf,Toronto City Centre_ON,TORONTO CITY CENTRE,CAN_ON_Toronto.City.Centre.712650_CWEC2020.zip
ERS-EX-14685-in.idf,Toronto City Centre_ON,TORONTO CITY CENTRE,CAN_ON_Toronto.City.Centre.712650_CWEC2020.zip
ERS-EX-14688-in.idf,Toronto City Centre_ON,TORONTO CITY CENTRE,CAN_ON_Toronto.City.Centre.712650_CWEC2020.zip
ERS-EX-14689-in.idf,Toronto City Centre_ON,TORONTO CITY CENTRE,CAN_ON_Toronto.City.Centre.712650_CWEC2020.zip
ERS-EX-14701-in.idf,Toronto City Centre_ON,TORONTO CITY CENTRE,CAN_ON_Toronto.City.Centre.712650_CWEC2020.zip
ERS-EX-14712-in.idf,Toronto City Centre_ON,TORONTO CITY CENTRE,CAN_ON_Toronto.City.Centre.712650_CWEC2020.zip
ERS-EX-14714-in.idf,Toronto City Centre_ON,TORONTO CITY CENTRE,CAN_ON_Toronto.City.Centre.712650_CWEC2020.zip
ERS-EX-1474-in.idf,Erieau AUT_ON,ERIEAU,CAN_ON_Erieau.AUT.714650_CWEC2020.zip
ERS-EX-14775-in.idf,Toronto City Centre_ON,TORONTO CITY CENTRE,CAN_ON_Toronto.City.Centre.712650_CWEC2020.zip
ERS-EX-14782-in.idf,Toronto City Centre_ON,TORONTO CITY CENTRE,CAN_ON_Toronto.City.Centre.712650_CWEC2020.zip
ERS-EX-14783-in.idf,Toronto City Centre_ON,TORONTO CITY CENTRE,CAN_ON_Toronto.City.Centre.712650_CWEC2020.zip
ERS-EX-14802-in.idf,Toronto City Centre_ON,TORONTO CITY CENTRE,CAN_ON_Toronto.City.Centre.712650_CWEC2020.zip
ERS-EX-14847-in.idf,Toronto City Centre_ON,TORONTO CITY CENTRE,CAN_ON_Toronto.City.Centre.712650_CWEC2020.zip
ERS-EX-14855-in.idf,Toronto City Centre_ON,TORONTO CITY CENTRE,CAN_ON_Toronto.City.Centre.712650_CWEC2020.zip
ERS-EX-14907-in.idf,Toronto City Centre_ON,TORONTO CITY CENTRE,CAN_ON_Toronto.City.Centre.712650_CWEC2020.zip
ERS-EX-14933-in.idf,Erieau AUT_ON,ERIEAU,CAN_ON_Erieau.AUT.714650_CWEC2020.zip
ERS-EX-1494-in.idf,Toronto City Centre_ON,TORONTO CITY CENTRE,CAN_ON_Toronto.City.Centre.712650_CWEC2020.zip
ERS-EX-14946-in.idf,Erieau AUT_ON,ERIEAU,CAN_ON_Erieau.AUT.714650_CWEC2020.zip
ERS-EX-14990-in.idf,Yarmouth AP_NS,YARMOUTH,CAN_NS_Yarmouth.AP.716030_CWEC2020.zip
ERS-EX-14995-in.idf,Yarmouth AP_NS,YARMOUTH,CAN_NS_Yarmouth.AP.716030_CWEC2020.zip
ERS-EX-15003-in.idf,Yarmouth AP_NS,YARMOUTH,CAN_NS_Yarmouth.AP.716030_CWEC2020.zip
ERS-EX-15072-in.idf,Windsor AP_ON,WINDSOR,CAN_ON_Windsor.AP.715380_CWEC2020.zip
ERS-EX-15098-in.idf,Windsor AP_ON,WINDSOR,CAN_ON_Windsor.AP.715380_CWEC2020.zip
ERS-EX-15104-in.idf,Windsor AP_ON,WINDSOR,CAN_ON_Windsor.AP.715380_CWEC2020.zip
ERS-EX-15138-in.idf,Windsor AP_ON,WINDSOR,CAN_ON_Windsor.AP.715380_CWEC2020.zip
ERS-EX-15185-in.idf,Toronto City Centre_ON,TORONTO CITY CENTRE,CAN_ON_Toronto.City.Centre.712650_CWEC2020.zip
ERS-EX-15186-in.idf,Toronto City Centre_ON,TORONTO CITY CENTRE,CAN_ON_Toronto.City.Centre.712650_CWEC2020.zip
ERS-EX-15190-in.idf,Toronto City Centre_ON,TORONTO CITY CENTRE,CAN_ON_Toronto.City.Centre.712650_CWEC2020.zip
ERS-EX-15219-in.idf,Toronto City Centre_ON,TORONTO CITY CENTRE,CAN_ON_Toronto.City.Centre.712650_CWEC2020.zip
ERS-EX-15227-in.idf,Toronto City Centre_ON,TORONTO CITY CENTRE,CAN_ON_Toronto.City.Centre.712650_CWEC2020.zip
ERS-EX-15271-in.idf,Toronto City Centre_ON,TORONTO CITY CENTRE,CAN_ON_Toronto.City.Centre.712650_CWEC2020.zip
ERS-EX-15280-in.idf,Toronto City Centre_ON,TORONTO CITY CENTRE,CAN_ON_Toronto.City.Centre.712650_CWEC2020.zip
ERS-EX-15284-in.idf,Toronto City Centre_ON,TORONTO CITY CENTRE,CAN_ON_Toronto.City.Centre.712650_CWEC2020.zip
ERS-EX-15349-in.idf,London AP_ON,LONDON,CAN_ON_London.AP.716230_CWEC2020.zip
ERS-EX-15376-in.idf,London AP_ON,LONDON,CAN_ON_London.AP.716230_CWEC2020.zip
ERS-EX-15381-in.idf,London AP_ON,LONDON,CAN_ON_London.AP.716230_CWEC2020.zip
ERS-EX-15428-in.idf,London AP_ON,LONDON,CAN_ON_London.AP.716230_CWEC2020.zip
ERS-EX-15429-in.idf,London AP_ON,LONDON,CAN_ON_London.AP.716230_CWEC2020.zip
ERS-EX-15439-in.idf,London AP_ON,LONDON,CAN_ON_London.AP.716230_CWEC2020.zip
ERS-EX-15443-in.idf,London AP_ON,LONDON,CAN_ON_London.AP.716230_CWEC2020.zip
ERS-EX-15454-in.idf,London AP_ON,LONDON,CAN_ON_London.AP.716230_CWEC2020.zip
ERS-EX-15492-in.idf,London AP_ON,LONDON,CAN_ON_London.AP.716230_CWEC2020.zip
ERS-EX-15494-in.idf,London AP_ON,LONDON,CAN_ON_London.AP.716230_CWEC2020.zip
ERS-EX-1551-in.idf,Toronto City Centre_ON,TORONTO CITY CENTRE,CAN_ON_Toronto.City.Centre.712650_CWEC2020.zip
ERS-EX-15534-in.idf,London AP_ON,LONDON,CAN_ON_London.AP.716230_CWEC2020.zip
ERS-EX-15583-in.idf,London AP_ON,LONDON,CAN_ON_London.AP.716230_CWEC2020.zip
ERS-EX-15611-in.idf,London AP_ON,LONDON,CAN_ON_London.AP.716230_CWEC2020.zip
ERS-EX-1562-in.idf,Toronto City Centre_ON,TORONTO CITY CENTRE,CAN_ON_Toronto.City.Centre.712650_CWEC2020.zip
ERS-EX-15645-in.idf,London AP_ON,LONDON,CAN_ON_London.AP.716230_CWEC2020.zip
ERS-EX-1569-in.idf,Toronto City Centre_ON,TORONTO CITY CENTRE,CAN_ON_Toronto.City.Centre.712650_CWEC2020.zip
ERS-EX-15709-in.idf,London AP_ON,LONDON,CAN_ON_London.AP.716230_CWEC2020.zip
ERS-EX-15738-in.idf,London AP_ON,LONDON,CAN_ON_London.AP.716230_CWEC2020.zip
ERS-EX-15784-in.idf,London AP_ON,LONDON,CAN_ON_London.AP.716230_CWEC2020.zip
ERS-EX-15821-in.idf,London AP_ON,LONDON,CAN_ON_London.AP.716230_CWEC2020.zip
ERS-EX-1585-in.idf,Thunder Bay AP_ON,THUNDER BAY,CAN_ON_Thunder.Bay.AP.716670_CWEC2020.zip
ERS-EX-15890-in.idf,London AP_ON,LONDON,CAN_ON_London.AP.716230_CWEC2020.zip
ERS-EX-15891-in.idf,London AP_ON,LONDON,CAN_ON_London.AP.716230_CWEC2020.zip
ERS-EX-15900-in.idf,London AP_ON,LONDON,CAN_ON_London.AP.716230_CWEC2020.zip
ERS-EX-15908-in.idf,London AP_ON,LONDON,CAN_ON_London.AP.716230_CWEC2020.zip
ERS-EX-16005-in.idf,London AP_ON,LONDON,CAN_ON_London.AP.716230_CWEC2020.zip
ERS-EX-16039-in.idf,London AP_ON,LONDON,CAN_ON_London.AP.716230_CWEC2020.zip
ERS-EX-16068-in.idf,London AP_ON,LONDON,CAN_ON_London.AP.716230_CWEC2020.zip
ERS-EX-16092-in.idf,London AP_ON,LONDON,CAN_ON_London.AP.716230_CWEC2020.zip
ERS-EX-1612-in.idf,Thunder Bay AP_ON,THUNDER BAY,CAN_ON_Thunder.Bay.AP.716670_CWEC2020.zip
ERS-EX-16148-in.idf,London AP_ON,LONDON,CAN_ON_London.AP.716230_CWEC2020.zip
ERS-EX-16182-in.idf,London AP_ON,LONDON,CAN_ON_London.AP.716230_CWEC2020.zip
ERS-EX-16183-in.idf,London AP_ON,LONDON,CAN_ON_London.AP.716230_CWEC2020.zip
ERS-EX-1620-in.idf,Thunder Bay AP_ON,THUNDER BAY,CAN_ON_Thunder.Bay.AP.716670_CWEC2020.zip
ERS-EX-16246-in.idf,London AP_ON,LONDON,CAN_ON_London.AP.716230_CWEC2020.zip
ERS-EX-16283-in.idf,London AP_ON,LONDON,CAN_ON_London.AP.716230_CWEC2020.zip
ERS-EX-16291-in.idf,London AP_ON,LONDON,CAN_ON_London.AP.716230_CWEC2020.zip
ERS-EX-16361-in.idf,London AP_ON,LONDON,CAN_ON_London.AP.716230_CWEC2020.zip
ERS-EX-16447-in.idf,Erieau AUT_ON,ERIEAU,CAN_ON_Erieau.AUT.714650_CWEC2020.zip
ERS-EX-16490-in.idf,Erieau AUT_ON,ERIEAU,CAN_ON_Erieau.AUT.714650_CWEC2020.zip
ERS-EX-16501-in.idf,Erieau AUT_ON,ERIEAU,CAN_ON_Erieau.AUT.714650_CWEC2020.zip
ERS-EX-16506-in.idf,Erieau AUT_ON,ERIEAU,CAN_ON_Erieau.AUT.714650_CWEC2020.zip
ERS-EX-16525-in.idf,Toronto Intl AP_ON,TORONTO INTL,CAN_ON_Toronto.Intl.AP.716240_CWEC2020.zip
ERS-EX-16589-in.idf,Toronto City Centre_ON,TORONTO CITY CENTRE,CAN_ON_Toronto.City.Centre.712650_CWEC2020.zip
ERS-EX-16590-in.idf,Windsor AP_ON,WINDSOR,CAN_ON_Windsor.AP.715380_CWEC2020.zip
ERS-EX-16639-in.idf,Toronto City Centre_ON,TORONTO CITY CENTRE,CAN_ON_Toronto.City.Centre.712650_CWEC2020.zip
ERS-EX-16691-in.idf,Toronto City Centre_ON,TORONTO CITY CENTRE,CAN_ON_Toronto.City.Centre.712650_CWEC2020.zip
ERS-EX-16725-in.idf,Toronto City Centre_ON,TORONTO CITY CENTRE,CAN_ON_Toronto.City.Centre.712650_CWEC2020.zip
ERS-EX-16741-in.idf,Toronto City Centre_ON,TORONTO CITY CENTRE,CAN_ON_Toronto.City.Centre.712650_CWEC2020.zip
ERS-EX-16770-in.idf,Toronto City Centre_ON,TORONTO CITY CENTRE,CAN_ON_Toronto.City.Centre.712650_CWEC2020.zip
ERS-EX-1683-in.idf,Toronto Intl AP_ON,TORONTO INTL,CAN_ON_Toronto.Intl.AP.716240_CWEC2020.zip
ERS-EX-16853-in.idf,Erieau AUT_ON,ERIEAU,CAN_ON_Erieau.AUT.714650_CWEC2020.zip
ERS-EX-16865-in.idf,Toronto City Centre_ON,TORONTO CITY CENTRE,CAN_ON_Toronto.City.Centre.712650_CWEC2020.zip
ERS-EX-16874-in.idf,Toronto City Centre_ON,TORONTO CITY CENTRE,CAN_ON_Toronto.City.Centre.712650_CWEC2020.zip
ERS-EX-16935-in.idf,Erieau AUT_ON,ERIEAU,CAN_ON_Erieau.AUT.714650_CWEC2020.zip
ERS-EX-1695-in.idf,Toronto Intl AP_ON,TORONTO INTL,CAN_ON_Toronto.Intl.AP.716240_CWEC2020.zip
ERS-EX-1697-in.idf,Toronto Intl AP_ON,TORONTO INTL,CAN_ON_Toronto.Intl.AP.716240_CWEC2020.zip
ERS-EX-16993-in.idf,Toronto City Centre_ON,TORONTO CITY CENTRE,CAN_ON_Toronto.City.Centre.712650_CWEC2020.zip
ERS-EX-1703-in.idf,Toronto Intl AP_ON,TORONTO INTL,CAN_ON_Toronto.Intl.AP.716240_CWEC2020.zip
ERS-EX-17036-in.idf,Toronto City Centre_ON,TORONTO CITY CENTRE,CAN_ON_Toronto.City.Centre.712650_CWEC2020.zip
ERS-EX-17039-in.idf,Erieau AUT_ON,ERIEAU,CAN_ON_Erieau.AUT.714650_CWEC2020.zip
ERS-EX-17092-in.idf,Toronto City Centre_ON,TORONTO CITY CENTRE,CAN_ON_Toronto.City.Centre.712650_CWEC2020.zip
ERS-EX-17105-in.idf,Erieau AUT_ON,ERIEAU,CAN_ON_Erieau.AUT.714650_CWEC2020.zip
ERS-EX-17137-in.idf,Erieau AUT_ON,ERIEAU,CAN_ON_Erieau.AUT.714650_CWEC2020.zip
ERS-EX-17169-in.idf,Erieau AUT_ON,ERIEAU,CAN_ON_Erieau.AUT.714650_CWEC2020.zip
ERS-EX-17197-in.idf,Halifax Intl AP_NS,HALIFAX INTL,CAN_NS_Halifax.Intl.AP.713950_CWEC2020.zip
ERS-EX-17211-in.idf,Halifax Intl AP_NS,HALIFAX INTL,CAN_NS_Halifax.Intl.AP.713950_CWEC2020.zip
ERS-EX-17285-in.idf,London AP_ON,LONDON,CAN_ON_London.AP.716230_CWEC2020.zip
ERS-EX-17291-in.idf,London AP_ON,LONDON,CAN_ON_London.AP.716230_CWEC2020.zip
ERS-EX-17381-in.idf,London AP_ON,LONDON,CAN_ON_London.AP.716230_CWEC2020.zip
ERS-EX-17393-in.idf,London AP_ON,LONDON,CAN_ON_London.AP.716230_CWEC2020.zip
ERS-EX-17415-in.idf,London AP_ON,LONDON,CAN_ON_London.AP.716230_CWEC2020.zip
ERS-EX-17433-in.idf,London AP_ON,LONDON,CAN_ON_London.AP.716230_CWEC2020.zip
ERS-EX-17443-in.idf,London AP_ON,LONDON,CAN_ON_London.AP.716230_CWEC2020.zip
ERS-EX-17452-in.idf,London AP_ON,LONDON,CAN_ON_London.AP.716230_CWEC2020.zip
ERS-EX-17468-in.idf,London AP_ON,LONDON,CAN_ON_London.AP.716230_CWEC2020.zip
ERS-EX-17518-in.idf,London AP_ON,LONDON,CAN_ON_London.AP.716230_CWEC2020.zip
ERS-EX-17533-in.idf,London AP_ON,LONDON,CAN_ON_London.AP.716230_CWEC2020.zip
ERS-EX-17550-in.idf,London AP_ON,LONDON,CAN_ON_London.AP.716230_CWEC2020.zip
ERS-EX-17614-in.idf,London AP_ON,LONDON,CAN_ON_London.AP.716230_CWEC2020.zip
ERS-EX-1762-in.idf,Erieau AUT_ON,ERIEAU,CAN_ON_Erieau.AUT.714650_CWEC2020.zip
ERS-EX-17621-in.idf,London AP_ON,LONDON,CAN_ON_London.AP.716230_CWEC2020.zip
ERS-EX-1763-in.idf,Erieau AUT_ON,ERIEAU,CAN_ON_Erieau.AUT.714650_CWEC2020.zip
ERS-EX-17658-in.idf,London AP_ON,LONDON,CAN_ON_London.AP.716230_CWEC2020.zip
ERS-EX-17697-in.idf,London AP_ON,LONDON,CAN_ON_London.AP.716230_CWEC2020.zip
ERS-EX-17712-in.idf,London AP_ON,LONDON,CAN_ON_London.AP.716230_CWEC2020.zip
ERS-EX-17761-in.idf,London AP_ON,LONDON,CAN_ON_London.AP.716230_CWEC2020.zip
ERS-EX-1779-in.idf,Erieau AUT_ON,ERIEAU,CAN_ON_Erieau.AUT.714650_CWEC2020.zip
ERS-EX-17834-in.idf,London AP_ON,LONDON,CAN_ON_London.AP.716230_CWEC2020.zip
ERS-EX-17845-in.idf,London AP_ON,LONDON,CAN_ON_London.AP.716230_CWEC2020.zip
ERS-EX-17938-in.idf,London AP_ON,LONDON,CAN_ON_London.AP.716230_CWEC2020.zip
ERS-EX-17940-in.idf,London AP_ON,LONDON,CAN_ON_London.AP.716230_CWEC2020.zip
ERS-EX-17962-in.idf,London AP_ON,LONDON,CAN_ON_London.AP.716230_CWEC2020.zip
ERS-EX-17967-in.idf,Toronto City Centre_ON,TORONTO CITY CENTRE,CAN_ON_Toronto.City.Centre.712650_CWEC2020.zip
ERS-EX-17982-in.idf,Toronto City Centre_ON,TORONTO CITY CENTRE,CAN_ON_Toronto.City.Centre.712650_CWEC2020.zip
ERS-EX-17989-in.idf,Toronto City Centre_ON,TORONTO CITY CENTRE,CAN_ON_Toronto.City.Centre.712650_CWEC2020.zip
ERS-EX-17999-in.idf,Toronto Intl AP_ON,TORONTO INTL,CAN_ON_Toronto.Intl.AP.716240_CWEC2020.zip
ERS-EX-18007-in.idf,Toronto City Centre_ON,TORONTO CITY CENTRE,CAN_ON_Toronto.City.Centre.712650_CWEC2020.zip
ERS-EX-18047-in.idf,Toronto City Centre_ON,TORONTO CITY CENTRE,CAN_ON_Toronto.City.Centre.712650_CWEC2020.zip
ERS-EX-18059-in.idf,Toronto City Centre_ON,TORONTO CITY CENTRE,CAN_ON_Toronto.City.Centre.712650_CWEC2020.zip
ERS-EX-18067-in.idf,Toronto City Centre_ON,TORONTO CITY CENTRE,CAN_ON_Toronto.City.Centre.712650_CWEC2020.zip
ERS-EX-18078-in.idf,Toronto City Centre_ON,TORONTO CITY CENTRE,CAN_ON_Toronto.City.Centre.712650_CWEC2020.zip
ERS-EX-18105-in.idf,Toronto City Centre_ON,TORONTO CITY CENTRE,CAN_ON_Toronto.City.Centre.712650_CWEC2020.zip
ERS-EX-18133-in.idf,Toronto City Centre_ON,TORONTO CITY CENTRE,CAN_ON_Toronto.City.Centre.712650_CWEC2020.zip
ERS-EX-18232-in.idf,Toronto City Centre_ON,TORONTO CITY CENTRE,CAN_ON_Toronto.City.Centre.712650_CWEC2020.zip
ERS-EX-18247-in.idf,Toronto City Centre_ON,TORONTO CITY CENTRE,CAN_ON_Toronto.City.Centre.712650_CWEC2020.zip
ERS-EX-18281-in.idf,Winnipeg Intl AP_MB,WINNIPEG INTL,CAN_MB_Winnipeg.Intl.AP.718520_CWEC2020.zip
ERS-EX-18288-in.idf,Winnipeg Intl AP_MB,WINNIPEG INTL,CAN_MB_Winnipeg.Intl.AP.718520_CWEC2020.zip
ERS-EX-1830-in.idf,Erieau AUT_ON,ERIEAU,CAN_ON_Erieau.AUT.714650_CWEC2020.zip
ERS-EX-18300-in.idf,Winnipeg Intl AP_MB,WINNIPEG INTL,CAN_MB_Winnipeg.Intl.AP.718520_CWEC2020.zip
ERS-EX-18311-in.idf,Winnipeg Intl AP_MB,WINNIPEG INTL,CAN_MB_Winnipeg.Intl.AP.718520_CWEC2020.zip
ERS-EX-18342-in.idf,Winnipeg Intl AP_MB,WINNIPEG INTL,CAN_MB_Winnipeg.Intl.AP.718520_CWEC2020.zip
ERS-EX-18376-in.idf,Winnipeg Intl AP_MB,WINNIPEG INTL,CAN_MB_Winnipeg.Intl.AP.718520_CWEC2020.zip
ERS-EX-18381-in.idf,Winnipeg Intl AP_MB,WINNIPEG INTL,CAN_MB_Winnipeg.Intl.AP.718520_CWEC2020.zip
ERS-EX-18395-in.idf,Winnipeg Intl AP_MB,WINNIPEG INTL,CAN_MB_Winnipeg.Intl.AP.718520_CWEC2020.zip
ERS-EX-18401-in.idf,Winnipeg Intl AP_MB,WINNIPEG INTL,CAN_MB_Winnipeg.Intl.AP.718520_CWEC2020.zip
ERS-EX-18411-in.idf,Winnipeg Intl AP_MB,WINNIPEG INTL,CAN_MB_Winnipeg.Intl.AP.718520_CWEC2020.zip
ERS-EX-18419-in.idf,Winnipeg Intl AP_MB,WINNIPEG INTL,CAN_MB_Winnipeg.Intl.AP.718520_CWEC2020.zip
ERS-EX-18433-in.idf,Winnipeg Intl AP_MB,WINNIPEG INTL,CAN_MB_Winnipeg.Intl.AP.718520_CWEC2020.zip
ERS-EX-18434-in.idf,Winnipeg Intl AP_MB,WINNIPEG INTL,CAN_MB_Winnipeg.Intl.AP.718520_CWEC2020.zip
ERS-EX-18438-in.idf,Winnipeg Intl AP_MB,WINNIPEG INTL,CAN_MB_Winnipeg.Intl.AP.718520_CWEC2020.zip
ERS-EX-18439-in.idf,Winnipeg Intl AP_MB,WINNIPEG INTL,CAN_MB_Winnipeg.Intl.AP.718520_CWEC2020.zip
ERS-EX-18440-in.idf,Winnipeg Intl AP_MB,WINNIPEG INTL,CAN_MB_Winnipeg.Intl.AP.718520_CWEC2020.zip
ERS-EX-18441-in.idf,Winnipeg Intl AP_MB,WINNIPEG INTL,CAN_MB_Winnipeg.Intl.AP.718520_CWEC2020.zip
ERS-EX-18448-in.idf,Winnipeg Intl AP_MB,WINNIPEG INTL,CAN_MB_Winnipeg.Intl.AP.718520_CWEC2020.zip
ERS-EX-18450-in.idf,Winnipeg Intl AP_MB,WINNIPEG INTL,CAN_MB_Winnipeg.Intl.AP.718520_CWEC2020.zip
ERS-EX-18467-in.idf,Winnipeg Intl AP_MB,WINNIPEG INTL,CAN_MB_Winnipeg.Intl.AP.718520_CWEC2020.zip
ERS-EX-18482-in.idf,Winnipeg Intl AP_MB,WINNIPEG INTL,CAN_MB_Winnipeg.Intl.AP.718520_CWEC2020.zip
ERS-EX-18485-in.idf,Winnipeg Intl AP_MB,WINNIPEG INTL,CAN_MB_Winnipeg.Intl.AP.718520_CWEC2020.zip
ERS-EX-18491-in.idf,Winnipeg Intl AP_MB,WINNIPEG INTL,CAN_MB_Winnipeg.Intl.AP.718520_CWEC2020.zip
ERS-EX-18503-in.idf,Winnipeg Intl AP_MB,WINNIPEG INTL,CAN_MB_Winnipeg.Intl.AP.718520_CWEC2020.zip
ERS-EX-18507-in.idf,Winnipeg Intl AP_MB,WINNIPEG INTL,CAN_MB_Winnipeg.Intl.AP.718520_CWEC2020.zip
ERS-EX-18523-in.idf,Winnipeg Intl AP_MB,WINNIPEG INTL,CAN_MB_Winnipeg.Intl.AP.718520_CWEC2020.zip
ERS-EX-18532-in.idf,Winnipeg Intl AP_MB,WINNIPEG INTL,CAN_MB_Winnipeg.Intl.AP.718520_CWEC2020.zip
ERS-EX-18542-in.idf,Winnipeg Intl AP_MB,WINNIPEG INTL,CAN_MB_Winnipeg.Intl.AP.718520_CWEC2020.zip
ERS-EX-18548-in.idf,Winnipeg Intl AP_MB,WINNIPEG INTL,CAN_MB_Winnipeg.Intl.AP.718520_CWEC2020.zip
ERS-EX-18558-in.idf,Winnipeg Intl AP_MB,WINNIPEG INTL,CAN_MB_Winnipeg.Intl.AP.718520_CWEC2020.zip
ERS-EX-18559-in.idf,Winnipeg Intl AP_MB,WINNIPEG INTL,CAN_MB_Winnipeg.Intl.AP.718520_CWEC2020.zip
ERS-EX-18570-in.idf,Winnipeg Intl AP_MB,WINNIPEG INTL,CAN_MB_Winnipeg.Intl.AP.718520_CWEC2020.zip
ERS-EX-18576-in.idf,Winnipeg Intl AP_MB,WINNIPEG INTL,CAN_MB_Winnipeg.Intl.AP.718520_CWEC2020.zip
ERS-EX-18578-in.idf,Winnipeg Intl AP_MB,WINNIPEG INTL,CAN_MB_Winnipeg.Intl.AP.718520_CWEC2020.zip
ERS-EX-18580-in.idf,Winnipeg Intl AP_MB,WINNIPEG INTL,CAN_MB_Winnipeg.Intl.AP.718520_CWEC2020.zip
ERS-EX-18582-in.idf,Winnipeg Intl AP_MB,WINNIPEG INTL,CAN_MB_Winnipeg.Intl.AP.718520_CWEC2020.zip
ERS-EX-18598-in.idf,Winnipeg Intl AP_MB,WINNIPEG INTL,CAN_MB_Winnipeg.Intl.AP.718520_CWEC2020.zip
ERS-EX-18607-in.idf,Winnipeg Intl AP_MB,WINNIPEG INTL,CAN_MB_Winnipeg.Intl.AP.718520_CWEC2020.zip
ERS-EX-18612-in.idf,Winnipeg Intl AP_MB,WINNIPEG INTL,CAN_MB_Winnipeg.Intl.AP.718520_CWEC2020.zip
ERS-EX-1862-in.idf,Point Petre AUT_ON,POINT PETRE,CAN_ON_Point.Petre.AUT.714300_CWEC2020.zip
ERS-EX-18622-in.idf,Winnipeg Intl AP_MB,WINNIPEG INTL,CAN_MB_Winnipeg.Intl.AP.718520_CWEC2020.zip
ERS-EX-18628-in.idf,Winnipeg Intl AP_MB,WINNIPEG INTL,CAN_MB_Winnipeg.Intl.AP.718520_CWEC2020.zip
ERS-EX-18630-in.idf,Winnipeg Intl AP_MB,WINNIPEG INTL,CAN_MB_Winnipeg.Intl.AP.718520_CWEC2020.zip
ERS-EX-18637-in.idf,Winnipeg Intl AP_MB,WINNIPEG INTL,CAN_MB_Winnipeg.Intl.AP.718520_CWEC2020.zip
ERS-EX-1864-in.idf,Point Petre AUT_ON,POINT PETRE,CAN_ON_Point.Petre.AUT.714300_CWEC2020.zip
ERS-EX-18641-in.idf,Winnipeg Intl AP_MB,WINNIPEG INTL,CAN_MB_Winnipeg.Intl.AP.718520_CWEC2020.zip
ERS-EX-18642-in.idf,Winnipeg Intl AP_MB,WINNIPEG INTL,CAN_MB_Winnipeg.Intl.AP.718520_CWEC2020.zip
ERS-EX-1865-in.idf,Point Petre AUT_ON,POINT PETRE,CAN_ON_Point.Petre.AUT.714300_CWEC2020.zip
ERS-EX-18679-in.idf,Winnipeg Intl AP_MB,WINNIPEG INTL,CAN_MB_Winnipeg.Intl.AP.718520_CWEC2020.zip
ERS-EX-18734-in.idf,Calgary Intl AP_AB,CALGARY INTL,CAN_AB_Calgary.Intl.AP.718770_CWEC2020.zip
ERS-EX-18745-in.idf,Calgary Intl AP_AB,CALGARY INTL,CAN_AB_Calgary.Intl.AP.718770_CWEC2020.zip
ERS-EX-18749-in.idf,Calgary Intl AP_AB,CALGARY INTL,CAN_AB_Calgary.Intl.AP.718770_CWEC2020.zip
ERS-EX-18751-in.idf,Calgary Intl AP_AB,CALGARY INTL,CAN_AB_Calgary.Intl.AP.718770_CWEC2020.zip
ERS-EX-18763-in.idf,Calgary Intl AP_AB,CALGARY INTL,CAN_AB_Calgary.Intl.AP.718770_CWEC2020.zip
ERS-EX-18772-in.idf,Calgary Intl AP_AB,CALGARY INTL,CAN_AB_Calgary.Intl.AP.718770_CWEC2020.zip
ERS-EX-18773-in.idf,Calgary Intl AP_AB,CALGARY INTL,CAN_AB_Calgary.Intl.AP.718770_CWEC2020.zip
ERS-EX-1878-in.idf,Point Petre AUT_ON,POINT PETRE,CAN_ON_Point.Petre.AUT.714300_CWEC2020.zip
ERS-EX-18783-in.idf,Winnipeg Intl AP_MB,WINNIPEG INTL,CAN_MB_Winnipeg.Intl.AP.718520_CWEC2020.zip
ERS-EX-18802-in.idf,Winnipeg Intl AP_MB,WINNIPEG INTL,CAN_MB_Winnipeg.Intl.AP.718520_CWEC2020.zip
ERS-EX-18823-in.idf,Winnipeg Intl AP_MB,WINNIPEG INTL,CAN_MB_Winnipeg.Intl.AP.718520_CWEC2020.zip
ERS-EX-18834-in.idf,Winnipeg Intl AP_MB,WINNIPEG INTL,CAN_MB_Winnipeg.Intl.AP.718520_CWEC2020.zip
ERS-EX-18837-in.idf,Winnipeg Intl AP_MB,WINNIPEG INTL,CAN_MB_Winnipeg.Intl.AP.718520_CWEC2020.zip
ERS-EX-18841-in.idf,Winnipeg Intl AP_MB,WINNIPEG INTL,CAN_MB_Winnipeg.Intl.AP.718520_CWEC2020.zip
ERS-EX-18858-in.idf,Winnipeg Intl AP_MB,WINNIPEG INTL,CAN_MB_Winnipeg.Intl.AP.718520_CWEC2020.zip
ERS-EX-18882-in.idf,Greenwood AP_NS,GREENWOOD,CAN_NS_Greenwood.AP.713970_CWEC2020.zip
ERS-EX-18897-in.idf,Sydney AP_NS,SYDNEY,CAN_NS_Sydney.AP.717070_CWEC2020.zip
ERS-EX-18902-in.idf,Sydney AP_NS,SYDNEY,CAN_NS_Sydney.AP.717070_CWEC2020.zip
ERS-EX-18950-in.idf,Sydney AP_NS,SYDNEY,CAN_NS_Sydney.AP.717070_CWEC2020.zip
ERS-EX-18989-in.idf,Sydney AP_NS,SYDNEY,CAN_NS_Sydney.AP.717070_CWEC2020.zip
ERS-EX-18994-in.idf,Sydney AP_NS,SYDNEY,CAN_NS_Sydney.AP.717070_CWEC2020.zip
ERS-EX-19002-in.idf,Halifax Intl AP_NS,HALIFAX INTL,CAN_NS_Halifax.Intl.AP.713950_CWEC2020.zip
ERS-EX-19003-in.idf,Halifax Intl AP_NS,HALIFAX INTL,CAN_NS_Halifax.Intl.AP.713950_CWEC2020.zip
ERS-EX-19007-in.idf,Sydney AP_NS,SYDNEY,CAN_NS_Sydney.AP.717070_CWEC2020.zip
ERS-EX-19038-in.idf,Halifax Intl AP_NS,HALIFAX INTL,CAN_NS_Halifax.Intl.AP.713950_CWEC2020.zip
ERS-EX-19043-in.idf,Sydney AP_NS,SYDNEY,CAN_NS_Sydney.AP.717070_CWEC2020.zip
ERS-EX-19045-in.idf,Halifax Intl AP_NS,HALIFAX INTL,CAN_NS_Halifax.Intl.AP.713950_CWEC2020.zip
ERS-EX-19081-in.idf,Halifax Intl AP_NS,HALIFAX INTL,CAN_NS_Halifax.Intl.AP.713950_CWEC2020.zip
ERS-EX-19113-in.idf,Yarmouth AP_NS,YARMOUTH,CAN_NS_Yarmouth.AP.716030_CWEC2020.zip
ERS-EX-19128-in.idf,Halifax Intl AP_NS,HALIFAX INTL,CAN_NS_Halifax.Intl.AP.713950_CWEC2020.zip
ERS-EX-19157-in.idf,Halifax Intl AP_NS,HALIFAX INTL,CAN_NS_Halifax.Intl.AP.713950_CWEC2020.zip
ERS-EX-19181-in.idf,Halifax Intl AP_NS,HALIFAX INTL,CAN_NS_Halifax.Intl.AP.713950_CWEC2020.zip
ERS-EX-19184-in.idf,Yarmouth AP_NS,YARMOUTH,CAN_NS_Yarmouth.AP.716030_CWEC2020.zip
ERS-EX-19220-in.idf,Halifax Intl AP_NS,HALIFAX INTL,CAN_NS_Halifax.Intl.AP.713950_CWEC2020.zip
ERS-EX-19252-in.idf,Sydney AP_NS,SYDNEY,CAN_NS_Sydney.AP.717070_CWEC2020.zip
ERS-EX-19288-in.idf,Charlottetown AP_PE,CHARLOTTETOWN,CAN_PE_Charlottetown.AP.717060_CWEC2020.zip
ERS-EX-19376-in.idf,Sydney AP_NS,SYDNEY,CAN_NS_Sydney.AP.717070_CWEC2020.zip
ERS-EX-19383-in.idf,Charlottetown AP_PE,CHARLOTTETOWN,CAN_PE_Charlottetown.AP.717060_CWEC2020.zip
ERS-EX-19410-in.idf,Sydney AP_NS,SYDNEY,CAN_NS_Sydney.AP.717070_CWEC2020.zip
ERS-EX-19428-in.idf,Halifax Intl AP_NS,HALIFAX INTL,CAN_NS_Halifax.Intl.AP.713950_CWEC2020.zip
ERS-EX-19430-in.idf,Halifax Intl AP_NS,HALIFAX INTL,CAN_NS_Halifax.Intl.AP.713950_CWEC2020.zip
ERS-EX-19432-in.idf,Halifax Intl AP_NS,HALIFAX INTL,CAN_NS_Halifax.Intl.AP.713950_CWEC2020.zip
ERS-EX-19491-in.idf,Greenwood AP_NS,GREENWOOD,CAN_NS_Greenwood.AP.713970_CWEC2020.zip
ERS-EX-19493-in.idf,Greenwood AP_NS,GREENWOOD,CAN_NS_Greenwood.AP.713970_CWEC2020.zip
ERS-EX-19511-in.idf,Greenwood AP_NS,GREENWOOD,CAN_NS_Greenwood.AP.713970_CWEC2020.zip
ERS-EX-19534-in.idf,Summerside_PE,SUMMERSIDE,CAN_PE_Summerside.717020_CWEC2020.zip
ERS-EX-19562-in.idf,Sydney AP_NS,SYDNEY,CAN_NS_Sydney.AP.717070_CWEC2020.zip
ERS-EX-1959-in.idf,Point Petre AUT_ON,POINT PETRE,CAN_ON_Point.Petre.AUT.714300_CWEC2020.zip
ERS-EX-1960-in.idf,Point Petre AUT_ON,POINT PETRE,CAN_ON_Point.Petre.AUT.714300_CWEC2020.zip
ERS-EX-19615-in.idf,Sydney AP_NS,SYDNEY,CAN_NS_Sydney.AP.717070_CWEC2020.zip
ERS-EX-19618-in.idf,Halifax Intl AP_NS,HALIFAX INTL,CAN_NS_Halifax.Intl.AP.713950_CWEC2020.zip
ERS-EX-19641-in.idf,Sydney AP_NS,SYDNEY,CAN_NS_Sydney.AP.717070_CWEC2020.zip
ERS-EX-19645-in.idf,Halifax Intl AP_NS,HALIFAX INTL,CAN_NS_Halifax.Intl.AP.713950_CWEC2020.zip
ERS-EX-19679-in.idf,Halifax Intl AP_NS,HALIFAX INTL,CAN_NS_Halifax.Intl.AP.713950_CWEC2020.zip
ERS-EX-1968-in.idf,Point Petre AUT_ON,POINT PETRE,CAN_ON_Point.Petre.AUT.714300_CWEC2020.zip
ERS-EX-19682-in.idf,Halifax Intl AP_NS,HALIFAX INTL,CAN_NS_Halifax.Intl.AP.713950_CWEC2020.zip
ERS-EX-19683-in.idf,Halifax Intl AP_NS,HALIFAX INTL,CAN_NS_Halifax.Intl.AP.713950_CWEC2020.zip
ERS-EX-19712-in.idf,Halifax Intl AP_NS,HALIFAX INTL,CAN_NS_Halifax.Intl.AP.713950_CWEC2020.zip
ERS-EX-19739-in.idf,Halifax Intl AP_NS,HALIFAX INTL,CAN_NS_Halifax.Intl.AP.713950_CWEC2020.zip
ERS-EX-19789-in.idf,Sydney AP_NS,SYDNEY,CAN_NS_Sydney.AP.717070_CWEC2020.zip
ERS-EX-19818-in.idf,Yarmouth AP_NS,YARMOUTH,CAN_NS_Yarmouth.AP.716030_CWEC2020.zip
ERS-EX-19831-in.idf,Sydney AP_NS,SYDNEY,CAN_NS_Sydney.AP.717070_CWEC2020.zip
ERS-EX-19899-in.idf,Halifax Intl AP_NS,HALIFAX INTL,CAN_NS_Halifax.Intl.AP.713950_CWEC2020.zip
ERS-EX-19954-in.idf,Halifax Intl AP_NS,HALIFAX INTL,CAN_NS_Halifax.Intl.AP.713950_CWEC2020.zip
ERS-EX-20004-in.idf,Halifax Intl AP_NS,HALIFAX INTL,CAN_NS_Halifax.Intl.AP.713950_CWEC2020.zip
ERS-EX-20006-in.idf,Halifax Intl AP_NS,HALIFAX INTL,CAN_NS_Halifax.Intl.AP.713950_CWEC2020.zip
ERS-EX-20017-in.idf,Halifax Intl AP_NS,HALIFAX INTL,CAN_NS_Halifax.Intl.AP.713950_CWEC2020.zip
ERS-EX-20083-in.idf,Halifax Intl AP_NS,HALIFAX INTL,CAN_NS_Halifax.Intl.AP.713950_CWEC2020.zip
ERS-EX-20105-in.idf,Sydney AP_NS,SYDNEY,CAN_NS_Sydney.AP.717070_CWEC2020.zip
ERS-EX-20106-in.idf,Halifax Intl AP_NS,HALIFAX INTL,CAN_NS_Halifax.Intl.AP.713950_CWEC2020.zip
ERS-EX-20196-in.idf,Greenwood AP_NS,GREENWOOD,CAN_NS_Greenwood.AP.713970_CWEC2020.zip
ERS-EX-20256-in.idf,Halifax Intl AP_NS,HALIFAX INTL,CAN_NS_Halifax.Intl.AP.713950_CWEC2020.zip
ERS-EX-20296-in.idf,Halifax Intl AP_NS,HALIFAX INTL,CAN_NS_Halifax.Intl.AP.713950_CWEC2020.zip
ERS-EX-20338-in.idf,Halifax Intl AP_NS,HALIFAX INTL,CAN_NS_Halifax.Intl.AP.713950_CWEC2020.zip
ERS-EX-20400-in.idf,Brandon AP_MB,BRANDON,CAN_MB_Brandon.AP.711400_CWEC2020.zip
ERS-EX-20420-in.idf,Winnipeg Intl AP_MB,WINNIPEG INTL,CAN_MB_Winnipeg.Intl.AP.718520_CWEC2020.zip
ERS-EX-20427-in.idf,Winnipeg Intl AP_MB,WINNIPEG INTL,CAN_MB_Winnipeg.Intl.AP.718520_CWEC2020.zip
ERS-EX-20433-in.idf,Winnipeg Intl AP_MB,WINNIPEG INTL,CAN_MB_Winnipeg.Intl.AP.718520_CWEC2020.zip
ERS-EX-20437-in.idf,Winnipeg Intl AP_MB,WINNIPEG INTL,CAN_MB_Winnipeg.Intl.AP.718520_CWEC2020.zip
ERS-EX-20450-in.idf,Winnipeg Intl AP_MB,WINNIPEG INTL,CAN_MB_Winnipeg.Intl.AP.718520_CWEC2020.zip
ERS-EX-20455-in.idf,Winnipeg Intl AP_MB,WINNIPEG INTL,CAN_MB_Winnipeg.Intl.AP.718520_CWEC2020.zip
ERS-EX-20457-in.idf,Winnipeg Intl AP_MB,WINNIPEG INTL,CAN_MB_Winnipeg.Intl.AP.718520_CWEC2020.zip
ERS-EX-20462-in.idf,Winnipeg Intl AP_MB,WINNIPEG INTL,CAN_MB_Winnipeg.Intl.AP.718520_CWEC2020.zip
ERS-EX-20467-in.idf,Thompson AP_MB,THOMPSON,CAN_MB_Thompson.AP.710790_CWEC2020.zip
ERS-EX-20471-in.idf,Thompson AP_MB,THOMPSON,CAN_MB_Thompson.AP.710790_CWEC2020.zip
ERS-EX-20477-in.idf,Thompson AP_MB,THOMPSON,CAN_MB_Thompson.AP.710790_CWEC2020.zip
ERS-EX-20481-in.idf,Winnipeg Intl AP_MB,WINNIPEG INTL,CAN_MB_Winnipeg.Intl.AP.718520_CWEC2020.zip
ERS-EX-20501-in.idf,Winnipeg Intl AP_MB,WINNIPEG INTL,CAN_MB_Winnipeg.Intl.AP.718520_CWEC2020.zip
ERS-EX-20507-in.idf,Winnipeg Intl AP_MB,WINNIPEG INTL,CAN_MB_Winnipeg.Intl.AP.718520_CWEC2020.zip
ERS-EX-20512-in.idf,Winnipeg Intl AP_MB,WINNIPEG INTL,CAN_MB_Winnipeg.Intl.AP.718520_CWEC2020.zip
ERS-EX-20514-in.idf,Winnipeg Intl AP_MB,WINNIPEG INTL,CAN_MB_Winnipeg.Intl.AP.718520_CWEC2020.zip
ERS-EX-2052-in.idf,Thunder Bay AP_ON,THUNDER BAY,CAN_ON_Thunder.Bay.AP.716670_CWEC2020.zip
ERS-EX-20521-in.idf,Winnipeg Intl AP_MB,WINNIPEG INTL,CAN_MB_Winnipeg.Intl.AP.718520_CWEC2020.zip
ERS-EX-20530-in.idf,Winnipeg Intl AP_MB,WINNIPEG INTL,CAN_MB_Winnipeg.Intl.AP.718520_CWEC2020.zip
ERS-EX-20539-in.idf,Winnipeg Intl AP_MB,WINNIPEG INTL,CAN_MB_Winnipeg.Intl.AP.718520_CWEC2020.zip
ERS-EX-20564-in.idf,Winnipeg Intl AP_MB,WINNIPEG INTL,CAN_MB_Winnipeg.Intl.AP.718520_CWEC2020.zip
ERS-EX-20569-in.idf,Winnipeg Intl AP_MB,WINNIPEG INTL,CAN_MB_Winnipeg.Intl.AP.718520_CWEC2020.zip
ERS-EX-20575-in.idf,Winnipeg Intl AP_MB,WINNIPEG INTL,CAN_MB_Winnipeg.Intl.AP.718520_CWEC2020.zip
ERS-EX-20578-in.idf,Winnipeg Intl AP_MB,WINNIPEG INTL,CAN_MB_Winnipeg.Intl.AP.718520_CWEC2020.zip
ERS-EX-20590-in.idf,Winnipeg Intl AP_MB,WINNIPEG INTL,CAN_MB_Winnipeg.Intl.AP.718520_CWEC2020.zip
ERS-EX-20595-in.idf,Winnipeg Intl AP_MB,WINNIPEG INTL,CAN_MB_Winnipeg.Intl.AP.718520_CWEC2020.zip
ERS-EX-20599-in.idf,Winnipeg Intl AP_MB,WINNIPEG INTL,CAN_MB_Winnipeg.Intl.AP.718520_CWEC2020.zip
ERS-EX-20604-in.idf,Winnipeg Intl AP_MB,WINNIPEG INTL,CAN_MB_Winnipeg.Intl.AP.718520_CWEC2020.zip
ERS-EX-20629-in.idf,Brandon AP_MB,BRANDON,CAN_MB_Brandon.AP.711400_CWEC2020.zip
ERS-EX-20642-in.idf,Brandon AP_MB,BRANDON,CAN_MB_Brandon.AP.711400_CWEC2020.zip
ERS-EX-20643-in.idf,Dauphin_MB,DAUPHIN,CAN_MB_Dauphin.710360_CWEC2020.zip
ERS-EX-20652-in.idf,Dauphin_MB,DAUPHIN,CAN_MB_Dauphin.710360_CWEC2020.zip
ERS-EX-20656-in.idf,Brandon AP_MB,BRANDON,CAN_MB_Brandon.AP.711400_CWEC2020.zip
ERS-EX-20681-in.idf,Winnipeg Intl AP_MB,WINNIPEG INTL,CAN_MB_Winnipeg.Intl.AP.718520_CWEC2020.zip
ERS-EX-20712-in.idf,Winnipeg Intl AP_MB,WINNIPEG INTL,CAN_MB_Winnipeg.Intl.AP.718520_CWEC2020.zip
ERS-EX-20722-in.idf,Winnipeg Intl AP_MB,WINNIPEG INTL,CAN_MB_Winnipeg.Intl.AP.718520_CWEC2020.zip
ERS-EX-20743-in.idf,Winnipeg Intl AP_MB,WINNIPEG INTL,CAN_MB_Winnipeg.Intl.AP.718520_CWEC2020.zip
ERS-EX-20765-in.idf,Winnipeg Intl AP_MB,WINNIPEG INTL,CAN_MB_Winnipeg.Intl.AP.718520_CWEC2020.zip
ERS-EX-20775-in.idf,Winnipeg Intl AP_MB,WINNIPEG INTL,CAN_MB_Winnipeg.Intl.AP.718520_CWEC2020.zip
ERS-EX-20778-in.idf,Winnipeg Intl AP_MB,WINNIPEG INTL,CAN_MB_Winnipeg.Intl.AP.718520_CWEC2020.zip
ERS-EX-20796-in.idf,Winnipeg Intl AP_MB,WINNIPEG INTL,CAN_MB_Winnipeg.Intl.AP.718520_CWEC2020.zip
ERS-EX-20798-in.idf,Winnipeg Intl AP_MB,WINNIPEG INTL,CAN_MB_Winnipeg.Intl.AP.718520_CWEC2020.zip
ERS-EX-20804-in.idf,Winnipeg Intl AP_MB,WINNIPEG INTL,CAN_MB_Winnipeg.Intl.AP.718520_CWEC2020.zip
ERS-EX-20809-in.idf,Winnipeg Intl AP_MB,WINNIPEG INTL,CAN_MB_Winnipeg.Intl.AP.718520_CWEC2020.zip
ERS-EX-20821-in.idf,Winnipeg Intl AP_MB,WINNIPEG INTL,CAN_MB_Winnipeg.Intl.AP.718520_CWEC2020.zip
ERS-EX-20832-in.idf,Winnipeg Intl AP_MB,WINNIPEG INTL,CAN_MB_Winnipeg.Intl.AP.718520_CWEC2020.zip
ERS-EX-20842-in.idf,Winnipeg Intl AP_MB,WINNIPEG INTL,CAN_MB_Winnipeg.Intl.AP.718520_CWEC2020.zip
ERS-EX-20852-in.idf,Winnipeg Intl AP_MB,WINNIPEG INTL,CAN_MB_Winnipeg.Intl.AP.718520_CWEC2020.zip
ERS-EX-20861-in.idf,Winnipeg Intl AP_MB,WINNIPEG INTL,CAN_MB_Winnipeg.Intl.AP.718520_CWEC2020.zip
ERS-EX-20863-in.idf,Winnipeg Intl AP_MB,WINNIPEG INTL,CAN_MB_Winnipeg.Intl.AP.718520_CWEC2020.zip
ERS-EX-20869-in.idf,Winnipeg Intl AP_MB,WINNIPEG INTL,CAN_MB_Winnipeg.Intl.AP.718520_CWEC2020.zip
ERS-EX-20876-in.idf,Winnipeg Intl AP_MB,WINNIPEG INTL,CAN_MB_Winnipeg.Intl.AP.718520_CWEC2020.zip
ERS-EX-20886-in.idf,Winnipeg Intl AP_MB,WINNIPEG INTL,CAN_MB_Winnipeg.Intl.AP.718520_CWEC2020.zip
ERS-EX-20893-in.idf,Winnipeg Intl AP_MB,WINNIPEG INTL,CAN_MB_Winnipeg.Intl.AP.718520_CWEC2020.zip
ERS-EX-20989-in.idf,Winnipeg Intl AP_MB,WINNIPEG INTL,CAN_MB_Winnipeg.Intl.AP.718520_CWEC2020.zip
ERS-EX-20993-in.idf,Winnipeg Intl AP_MB,WINNIPEG INTL,CAN_MB_Winnipeg.Intl.AP.718520_CWEC2020.zip
ERS-EX-20995-in.idf,Winnipeg Intl AP_MB,WINNIPEG INTL,CAN_MB_Winnipeg.Intl.AP.718520_CWEC2020.zip
ERS-EX-20997-in.idf,Winnipeg Intl AP_MB,WINNIPEG INTL,CAN_MB_Winnipeg.Intl.AP.718520_CWEC2020.zip
ERS-EX-21012-in.idf,Brandon AP_MB,BRANDON,CAN_MB_Brandon.AP.711400_CWEC2020.zip
ERS-EX-21016-in.idf,Brandon AP_MB,BRANDON,CAN_MB_Brandon.AP.711400_CWEC2020.zip
ERS-EX-21040-in.idf,Brandon AP_MB,BRANDON,CAN_MB_Brandon.AP.711400_CWEC2020.zip
ERS-EX-21052-in.idf,Winnipeg Intl AP_MB,WINNIPEG INTL,CAN_MB_Winnipeg.Intl.AP.718520_CWEC2020.zip
ERS-EX-21061-in.idf,Winnipeg Intl AP_MB,WINNIPEG INTL,CAN_MB_Winnipeg.Intl.AP.718520_CWEC2020.zip
ERS-EX-21068-in.idf,Winnipeg Intl AP_MB,WINNIPEG INTL,CAN_MB_Winnipeg.Intl.AP.718520_CWEC2020.zip
ERS-EX-21074-in.idf,Winnipeg Intl AP_MB,WINNIPEG INTL,CAN_MB_Winnipeg.Intl.AP.718520_CWEC2020.zip
ERS-EX-21080-in.idf,Winnipeg Intl AP_MB,WINNIPEG INTL,CAN_MB_Winnipeg.Intl.AP.718520_CWEC2020.zip
ERS-EX-21091-in.idf,Winnipeg Intl AP_MB,WINNIPEG INTL,CAN_MB_Winnipeg.Intl.AP.718520_CWEC2020.zip
ERS-EX-21094-in.idf,Winnipeg Intl AP_MB,WINNIPEG INTL,CAN_MB_Winnipeg.Intl.AP.718520_CWEC2020.zip
ERS-EX-21097-in.idf,Winnipeg Intl AP_MB,WINNIPEG INTL,CAN_MB_Winnipeg.Intl.AP.718520_CWEC2020.zip
ERS-EX-21099-in.idf,Winnipeg Intl AP_MB,WINNIPEG INTL,CAN_MB_Winnipeg.Intl.AP.718520_CWEC2020.zip
ERS-EX-21103-in.idf,Winnipeg Intl AP_MB,WINNIPEG INTL,CAN_MB_Winnipeg.Intl.AP.718520_CWEC2020.zip
ERS-EX-21108-in.idf,Winnipeg Intl AP_MB,WINNIPEG INTL,CAN_MB_Winnipeg.Intl.AP.718520_CWEC2020.zip
ERS-EX-21109-in.idf,Winnipeg Intl AP_MB,WINNIPEG INTL,CAN_MB_Winnipeg.Intl.AP.718520_CWEC2020.zip
ERS-EX-21119-in.idf,Winnipeg Intl AP_MB,WINNIPEG INTL,CAN_MB_Winnipeg.Intl.AP.718520_CWEC2020.zip
ERS-EX-21130-in.idf,Winnipeg Intl AP_MB,WINNIPEG INTL,CAN_MB_Winnipeg.Intl.AP.718520_CWEC2020.zip
ERS-EX-21142-in.idf,Winnipeg Intl AP_MB,WINNIPEG INTL,CAN_MB_Winnipeg.Intl.AP.718520_CWEC2020.zip
ERS-EX-21150-in.idf,Winnipeg Intl AP_MB,WINNIPEG INTL,CAN_MB_Winnipeg.Intl.AP.718520_CWEC2020.zip
ERS-EX-21176-in.idf,Summerside_PE,SUMMERSIDE,CAN_PE_Summerside.717020_CWEC2020.zip
ERS-EX-2118-in.idf,Thunder Bay AP_ON,THUNDER BAY,CAN_ON_Thunder.Bay.AP.716670_CWEC2020.zip
ERS-EX-21184-in.idf,Charlottetown AP_PE,CHARLOTTETOWN,CAN_PE_Charlottetown.AP.717060_CWEC2020.zip
ERS-EX-21187-in.idf,Charlottetown AP_PE,CHARLOTTETOWN,CAN_PE_Charlottetown.AP.717060_CWEC2020.zip
ERS-EX-21196-in.idf,Charlottetown AP_PE,CHARLOTTETOWN,CAN_PE_Charlottetown.AP.717060_CWEC2020.zip
ERS-EX-21255-in.idf,Montreal Intl AP_QC,MONTREAL INTL,CAN_QC_Montreal.Intl.AP.716270_CWEC2020.zip
ERS-EX-21264-in.idf,Montreal Intl AP_QC,MONTREAL INTL,CAN_QC_Montreal.Intl.AP.716270_CWEC2020.zip
ERS-EX-21274-in.idf,Montreal Intl AP_QC,MONTREAL INTL,CAN_QC_Montreal.Intl.AP.716270_CWEC2020.zip
ERS-EX-2130-in.idf,Thunder Bay AP_ON,THUNDER BAY,CAN_ON_Thunder.Bay.AP.716670_CWEC2020.zip
ERS-EX-21300-in.idf,Montreal Intl AP_QC,MONTREAL INTL,CAN_QC_Montreal.Intl.AP.716270_CWEC2020.zip
ERS-EX-21302-in.idf,Montreal Intl AP_QC,MONTREAL INTL,CAN_QC_Montreal.Intl.AP.716270_CWEC2020.zip
ERS-EX-21303-in.idf,Montreal Intl AP_QC,MONTREAL INTL,CAN_QC_Montreal.Intl.AP.716270_CWEC2020.zip
ERS-EX-21309-in.idf,Montreal Intl AP_QC,MONTREAL INTL,CAN_QC_Montreal.Intl.AP.716270_CWEC2020.zip
ERS-EX-21312-in.idf,Mont Joli AP_QC,MONT JOLI,CAN_QC_Mont.Joli.AP.717180_CWEC2020.zip
ERS-EX-21313-in.idf,Kuujjuarapik AP_QC,KUUJJUARAPIK,CAN_QC_Kuujjuarapik.AP.CAN001_CWEC2020.zip
ERS-EX-21314-in.idf,Mont Joli AP_QC,MONT JOLI,CAN_QC_Mont.Joli.AP.717180_CWEC2020.zip
ERS-EX-21324-in.idf,St Jovite_QC,ST-JOVITE,CAN_QC_St.Jovite.713760_CWEC2020.zip
ERS-EX-21326-in.idf,St Jovite_QC,ST-JOVITE,CAN_QC_St.Jovite.713760_CWEC2020.zip
ERS-EX-21334-in.idf,Montreal Mirabel Intl AP_QC,MONTREAL MIRABEL  INTL,CAN_QC_Montreal.Mirabel.Intl.AP.CAN002_CWEC2020.zip
ERS-EX-21335-in.idf,Montreal Mirabel Intl AP_QC,MONTREAL MIRABEL  INTL,CAN_QC_Montreal.Mirabel.Intl.AP.CAN002_CWEC2020.zip
ERS-EX-21342-in.idf,Montreal Mirabel Intl AP_QC,MONTREAL MIRABEL  INTL,CAN_QC_Montreal.Mirabel.Intl.AP.CAN002_CWEC2020.zip
ERS-EX-21351-in.idf,Montreal Mirabel Intl AP_QC,MONTREAL MIRABEL  INTL,CAN_QC_Montreal.Mirabel.Intl.AP.CAN002_CWEC2020.zip
ERS-EX-21354-in.idf,Montreal Intl AP_QC,MONTREAL INTL,CAN_QC_Montreal.Intl.AP.716270_CWEC2020.zip
ERS-EX-21358-in.idf,Montreal Mirabel Intl AP_QC,MONTREAL MIRABEL  INTL,CAN_QC_Montreal.Mirabel.Intl.AP.CAN002_CWEC2020.zip
ERS-EX-21362-in.idf,Montreal Intl AP_QC,MONTREAL INTL,CAN_QC_Montreal.Intl.AP.716270_CWEC2020.zip
ERS-EX-21365-in.idf,Montreal Mirabel Intl AP_QC,MONTREAL MIRABEL  INTL,CAN_QC_Montreal.Mirabel.Intl.AP.CAN002_CWEC2020.zip
ERS-EX-21373-in.idf,St Jovite_QC,ST-JOVITE,CAN_QC_St.Jovite.713760_CWEC2020.zip
ERS-EX-21374-in.idf,Montreal Mirabel Intl AP_QC,MONTREAL MIRABEL  INTL,CAN_QC_Montreal.Mirabel.Intl.AP.CAN002_CWEC2020.zip
ERS-EX-21376-in.idf,Montreal Mirabel Intl AP_QC,MONTREAL MIRABEL  INTL,CAN_QC_Montreal.Mirabel.Intl.AP.CAN002_CWEC2020.zip
ERS-EX-21382-in.idf,Montreal St Hubert_QC,MONTREAL-ST-HUBERT,CAN_QC_Montreal.St.Hubert.713710_CWEC2020.zip
ERS-EX-21386-in.idf,Montreal St Hubert_QC,MONTREAL-ST-HUBERT,CAN_QC_Montreal.St.Hubert.713710_CWEC2020.zip
ERS-EX-21387-in.idf,Montreal St Hubert_QC,MONTREAL-ST-HUBERT,CAN_QC_Montreal.St.Hubert.713710_CWEC2020.zip
ERS-EX-2140-in.idf,Thunder Bay AP_ON,THUNDER BAY,CAN_ON_Thunder.Bay.AP.716670_CWEC2020.zip
ERS-EX-21403-in.idf,Montreal Intl AP_QC,MONTREAL INTL,CAN_QC_Montreal.Intl.AP.716270_CWEC2020.zip
ERS-EX-21406-in.idf,Montreal Intl AP_QC,MONTREAL INTL,CAN_QC_Montreal.Intl.AP.716270_CWEC2020.zip
ERS-EX-21412-in.idf,Lennoxville_QC,LENNOXVILLE,CAN_QC_Lennoxville.716110_CWEC2020.zip
ERS-EX-21413-in.idf,Montreal Intl AP_QC,MONTREAL INTL,CAN_QC_Montreal.Intl.AP.716270_CWEC2020.zip
ERS-EX-21420-in.idf,Montreal Mirabel Intl AP_QC,MONTREAL MIRABEL  INTL,CAN_QC_Montreal.Mirabel.Intl.AP.CAN002_CWEC2020.zip
ERS-EX-21421-in.idf,Montreal Mirabel Intl AP_QC,MONTREAL MIRABEL  INTL,CAN_QC_Montreal.Mirabel.Intl.AP.CAN002_CWEC2020.zip
ERS-EX-21427-in.idf,St Jovite_QC,ST-JOVITE,CAN_QC_St.Jovite.713760_CWEC2020.zip
ERS-EX-21432-in.idf,Montreal Mirabel Intl AP_QC,MONTREAL MIRABEL  INTL,CAN_QC_Montreal.Mirabel.Intl.AP.CAN002_CWEC2020.zip
ERS-EX-21433-in.idf,Montreal Intl AP_QC,MONTREAL INTL,CAN_QC_Montreal.Intl.AP.716270_CWEC2020.zip
ERS-EX-21437-in.idf,Montreal Intl AP_QC,MONTREAL INTL,CAN_QC_Montreal.Intl.AP.716270_CWEC2020.zip
ERS-EX-21438-in.idf,Quebec Intl AP_QC,QUEBEC INTL,CAN_QC_Quebec.Intl.AP.717140_CWEC2020.zip
ERS-EX-21439-in.idf,Montreal Mirabel Intl AP_QC,MONTREAL MIRABEL  INTL,CAN_QC_Montreal.Mirabel.Intl.AP.CAN002_CWEC2020.zip
ERS-EX-21440-in.idf,Montreal Intl AP_QC,MONTREAL INTL,CAN_QC_Montreal.Intl.AP.716270_CWEC2020.zip
ERS-EX-21441-in.idf,Montreal Intl AP_QC,MONTREAL INTL,CAN_QC_Montreal.Intl.AP.716270_CWEC2020.zip
ERS-EX-21446-in.idf,Ottawa Intl AP_ON,OTTAWA INTL,CAN_ON_Ottawa.Intl.AP.716280_CWEC2020.zip
ERS-EX-21455-in.idf,Ottawa Intl AP_ON,OTTAWA INTL,CAN_ON_Ottawa.Intl.AP.716280_CWEC2020.zip
ERS-EX-21468-in.idf,Ottawa Intl AP_ON,OTTAWA INTL,CAN_ON_Ottawa.Intl.AP.716280_CWEC2020.zip
ERS-EX-21483-in.idf,Ottawa Intl AP_ON,OTTAWA INTL,CAN_ON_Ottawa.Intl.AP.716280_CWEC2020.zip
ERS-EX-21500-in.idf,Ottawa Intl AP_ON,OTTAWA INTL,CAN_ON_Ottawa.Intl.AP.716280_CWEC2020.zip
ERS-EX-21519-in.idf,Quebec Intl AP_QC,QUEBEC INTL,CAN_QC_Quebec.Intl.AP.717140_CWEC2020.zip
ERS-EX-21521-in.idf,St Jovite_QC,ST-JOVITE,CAN_QC_St.Jovite.713760_CWEC2020.zip
ERS-EX-21527-in.idf,St Jovite_QC,ST-JOVITE,CAN_QC_St.Jovite.713760_CWEC2020.zip
ERS-EX-21529-in.idf,Montreal Mirabel Intl AP_QC,MONTREAL MIRABEL  INTL,CAN_QC_Montreal.Mirabel.Intl.AP.CAN002_CWEC2020.zip
ERS-EX-21533-in.idf,Montreal Mirabel Intl AP_QC,MONTREAL MIRABEL  INTL,CAN_QC_Montreal.Mirabel.Intl.AP.CAN002_CWEC2020.zip
ERS-EX-21536-in.idf,Montreal Intl AP_QC,MONTREAL INTL,CAN_QC_Montreal.Intl.AP.716270_CWEC2020.zip
ERS-EX-21540-in.idf,Montreal Intl AP_QC,MONTREAL INTL,CAN_QC_Montreal.Intl.AP.716270_CWEC2020.zip
ERS-EX-21541-in.idf,Montreal Intl AP_QC,MONTREAL INTL,CAN_QC_Montreal.Intl.AP.716270_CWEC2020.zip
ERS-EX-21545-in.idf,Montreal Intl AP_QC,MONTREAL INTL,CAN_QC_Montreal.Intl.AP.716270_CWEC2020.zip
ERS-EX-21553-in.idf,Montreal Intl AP_QC,MONTREAL INTL,CAN_QC_Montreal.Intl.AP.716270_CWEC2020.zip
ERS-EX-21554-in.idf,Montreal Intl AP_QC,MONTREAL INTL,CAN_QC_Montreal.Intl.AP.716270_CWEC2020.zip
ERS-EX-21555-in.idf,Montreal Intl AP_QC,MONTREAL INTL,CAN_QC_Montreal.Intl.AP.716270_CWEC2020.zip
ERS-EX-21556-in.idf,Montreal Intl AP_QC,MONTREAL INTL,CAN_QC_Montreal.Intl.AP.716270_CWEC2020.zip
ERS-EX-21560-in.idf,Montreal Intl AP_QC,MONTREAL INTL,CAN_QC_Montreal.Intl.AP.716270_CWEC2020.zip
ERS-EX-21564-in.idf,Montreal Intl AP_QC,MONTREAL INTL,CAN_QC_Montreal.Intl.AP.716270_CWEC2020.zip
ERS-EX-21566-in.idf,Montreal Intl AP_QC,MONTREAL INTL,CAN_QC_Montreal.Intl.AP.716270_CWEC2020.zip
ERS-EX-21569-in.idf,Montreal Intl AP_QC,MONTREAL INTL,CAN_QC_Montreal.Intl.AP.716270_CWEC2020.zip
ERS-EX-21571-in.idf,Montreal Intl AP_QC,MONTREAL INTL,CAN_QC_Montreal.Intl.AP.716270_CWEC2020.zip
ERS-EX-21575-in.idf,Montreal Mirabel Intl AP_QC,MONTREAL MIRABEL  INTL,CAN_QC_Montreal.Mirabel.Intl.AP.CAN002_CWEC2020.zip
ERS-EX-21576-in.idf,Montreal Mirabel Intl AP_QC,MONTREAL MIRABEL  INTL,CAN_QC_Montreal.Mirabel.Intl.AP.CAN002_CWEC2020.zip
ERS-EX-21578-in.idf,Montreal Mirabel Intl AP_QC,MONTREAL MIRABEL  INTL,CAN_QC_Montreal.Mirabel.Intl.AP.CAN002_CWEC2020.zip
ERS-EX-21581-in.idf,Montreal Mirabel Intl AP_QC,MONTREAL MIRABEL  INTL,CAN_QC_Montreal.Mirabel.Intl.AP.CAN002_CWEC2020.zip
ERS-EX-21584-in.idf,Montreal Mirabel Intl AP_QC,MONTREAL MIRABEL  INTL,CAN_QC_Montreal.Mirabel.Intl.AP.CAN002_CWEC2020.zip
ERS-EX-21587-in.idf,Montreal Intl AP_QC,MONTREAL INTL,CAN_QC_Montreal.Intl.AP.716270_CWEC2020.zip
ERS-EX-21600-in.idf,Montreal Mirabel Intl AP_QC,MONTREAL MIRABEL  INTL,CAN_QC_Montreal.Mirabel.Intl.AP.CAN002_CWEC2020.zip
ERS-EX-21604-in.idf,Montreal Mirabel Intl AP_QC,MONTREAL MIRABEL  INTL,CAN_QC_Montreal.Mirabel.Intl.AP.CAN002_CWEC2020.zip
ERS-EX-21608-in.idf,Montreal Mirabel Intl AP_QC,MONTREAL MIRABEL  INTL,CAN_QC_Montreal.Mirabel.Intl.AP.CAN002_CWEC2020.zip
ERS-EX-21609-in.idf,Montreal Mirabel Intl AP_QC,MONTREAL MIRABEL  INTL,CAN_QC_Montreal.Mirabel.Intl.AP.CAN002_CWEC2020.zip
ERS-EX-21611-in.idf,Montreal Mirabel Intl AP_QC,MONTREAL MIRABEL  INTL,CAN_QC_Montreal.Mirabel.Intl.AP.CAN002_CWEC2020.zip
ERS-EX-21620-in.idf,Montreal Intl AP_QC,MONTREAL INTL,CAN_QC_Montreal.Intl.AP.716270_CWEC2020.zip
ERS-EX-21621-in.idf,Montreal Mirabel Intl AP_QC,MONTREAL MIRABEL  INTL,CAN_QC_Montreal.Mirabel.Intl.AP.CAN002_CWEC2020.zip
ERS-EX-21624-in.idf,Montreal Mirabel Intl AP_QC,MONTREAL MIRABEL  INTL,CAN_QC_Montreal.Mirabel.Intl.AP.CAN002_CWEC2020.zip
ERS-EX-21626-in.idf,Montreal Mirabel Intl AP_QC,MONTREAL MIRABEL  INTL,CAN_QC_Montreal.Mirabel.Intl.AP.CAN002_CWEC2020.zip
ERS-EX-21629-in.idf,Montreal Mirabel Intl AP_QC,MONTREAL MIRABEL  INTL,CAN_QC_Montreal.Mirabel.Intl.AP.CAN002_CWEC2020.zip
ERS-EX-21638-in.idf,Montreal Mirabel Intl AP_QC,MONTREAL MIRABEL  INTL,CAN_QC_Montreal.Mirabel.Intl.AP.CAN002_CWEC2020.zip
ERS-EX-21640-in.idf,St Jovite_QC,ST-JOVITE,CAN_QC_St.Jovite.713760_CWEC2020.zip
ERS-EX-21641-in.idf,St Jovite_QC,ST-JOVITE,CAN_QC_St.Jovite.713760_CWEC2020.zip
ERS-EX-21644-in.idf,Montreal Mirabel Intl AP_QC,MONTREAL MIRABEL  INTL,CAN_QC_Montreal.Mirabel.Intl.AP.CAN002_CWEC2020.zip
ERS-EX-21648-in.idf,Montreal Mirabel Intl AP_QC,MONTREAL MIRABEL  INTL,CAN_QC_Montreal.Mirabel.Intl.AP.CAN002_CWEC2020.zip
ERS-EX-21650-in.idf,Montreal Mirabel Intl AP_QC,MONTREAL MIRABEL  INTL,CAN_QC_Montreal.Mirabel.Intl.AP.CAN002_CWEC2020.zip
ERS-EX-21652-in.idf,Montreal Mirabel Intl AP_QC,MONTREAL MIRABEL  INTL,CAN_QC_Montreal.Mirabel.Intl.AP.CAN002_CWEC2020.zip
ERS-EX-21658-in.idf,St Jovite_QC,ST-JOVITE,CAN_QC_St.Jovite.713760_CWEC2020.zip
ERS-EX-21661-in.idf,Montreal Mirabel Intl AP_QC,MONTREAL MIRABEL  INTL,CAN_QC_Montreal.Mirabel.Intl.AP.CAN002_CWEC2020.zip
ERS-EX-21662-in.idf,Montreal Mirabel Intl AP_QC,MONTREAL MIRABEL  INTL,CAN_QC_Montreal.Mirabel.Intl.AP.CAN002_CWEC2020.zip
ERS-EX-21665-in.idf,Montreal Mirabel Intl AP_QC,MONTREAL MIRABEL  INTL,CAN_QC_Montreal.Mirabel.Intl.AP.CAN002_CWEC2020.zip
ERS-EX-21672-in.idf,Quebec Intl AP_QC,QUEBEC INTL,CAN_QC_Quebec.Intl.AP.717140_CWEC2020.zip
ERS-EX-21676-in.idf,Montreal Mirabel Intl AP_QC,MONTREAL MIRABEL  INTL,CAN_QC_Montreal.Mirabel.Intl.AP.CAN002_CWEC2020.zip
ERS-EX-21681-in.idf,Ottawa Intl AP_ON,OTTAWA INTL,CAN_ON_Ottawa.Intl.AP.716280_CWEC2020.zip
ERS-EX-21685-in.idf,Ottawa Intl AP_ON,OTTAWA INTL,CAN_ON_Ottawa.Intl.AP.716280_CWEC2020.zip
ERS-EX-21687-in.idf,Ottawa Intl AP_ON,OTTAWA INTL,CAN_ON_Ottawa.Intl.AP.716280_CWEC2020.zip
ERS-EX-21698-in.idf,Ottawa Intl AP_ON,OTTAWA INTL,CAN_ON_Ottawa.Intl.AP.716280_CWEC2020.zip
ERS-EX-21700-in.idf,Ottawa Intl AP_ON,OTTAWA INTL,CAN_ON_Ottawa.Intl.AP.716280_CWEC2020.zip
ERS-EX-21702-in.idf,Ottawa Intl AP_ON,OTTAWA INTL,CAN_ON_Ottawa.Intl.AP.716280_CWEC2020.zip
ERS-EX-21703-in.idf,Ottawa Intl AP_ON,OTTAWA INTL,CAN_ON_Ottawa.Intl.AP.716280_CWEC2020.zip
ERS-EX-21722-in.idf,Ottawa Intl AP_ON,OTTAWA INTL,CAN_ON_Ottawa.Intl.AP.716280_CWEC2020.zip
ERS-EX-21730-in.idf,Ottawa Intl AP_ON,OTTAWA INTL,CAN_ON_Ottawa.Intl.AP.716280_CWEC2020.zip
ERS-EX-21734-in.idf,Ottawa Intl AP_ON,OTTAWA INTL,CAN_ON_Ottawa.Intl.AP.716280_CWEC2020.zip
ERS-EX-21735-in.idf,Ottawa Intl AP_ON,OTTAWA INTL,CAN_ON_Ottawa.Intl.AP.716280_CWEC2020.zip
ERS-EX-21757-in.idf,Ottawa Intl AP_ON,OTTAWA INTL,CAN_ON_Ottawa.Intl.AP.716280_CWEC2020.zip
ERS-EX-21763-in.idf,Ottawa Intl AP_ON,OTTAWA INTL,CAN_ON_Ottawa.Intl.AP.716280_CWEC2020.zip
ERS-EX-21764-in.idf,Ottawa Intl AP_ON,OTTAWA INTL,CAN_ON_Ottawa.Intl.AP.716280_CWEC2020.zip
ERS-EX-21769-in.idf,Ottawa Intl AP_ON,OTTAWA INTL,CAN_ON_Ottawa.Intl.AP.716280_CWEC2020.zip
ERS-EX-21780-in.idf,Ottawa Intl AP_ON,OTTAWA INTL,CAN_ON_Ottawa.Intl.AP.716280_CWEC2020.zip
ERS-EX-21791-in.idf,Ottawa Intl AP_ON,OTTAWA INTL,CAN_ON_Ottawa.Intl.AP.716280_CWEC2020.zip
ERS-EX-21792-in.idf,Ottawa Intl AP_ON,OTTAWA INTL,CAN_ON_Ottawa.Intl.AP.716280_CWEC2020.zip
ERS-EX-21795-in.idf,Ottawa Intl AP_ON,OTTAWA INTL,CAN_ON_Ottawa.Intl.AP.716280_CWEC2020.zip
ERS-EX-2180-in.idf,Trenton AP_ON,TRENTON,CAN_ON_Trenton.AP.716210_CWEC2020.zip
ERS-EX-21807-in.idf,Ottawa Intl AP_ON,OTTAWA INTL,CAN_ON_Ottawa.Intl.AP.716280_CWEC2020.zip
ERS-EX-21819-in.idf,Val Dor_QC,VAL D'OR,CAN_QC_Val.Dor.717250_CWEC2020.zip
ERS-EX-21820-in.idf,Val Dor_QC,VAL D'OR,CAN_QC_Val.Dor.717250_CWEC2020.zip
ERS-EX-21822-in.idf,Val Dor_QC,VAL D'OR,CAN_QC_Val.Dor.717250_CWEC2020.zip
ERS-EX-21823-in.idf,Val Dor_QC,VAL D'OR,CAN_QC_Val.Dor.717250_CWEC2020.zip
ERS-EX-21824-in.idf,Val Dor_QC,VAL D'OR,CAN_QC_Val.Dor.717250_CWEC2020.zip
ERS-EX-21825-in.idf,Val Dor_QC,VAL D'OR,CAN_QC_Val.Dor.717250_CWEC2020.zip
ERS-EX-21830-in.idf,Bagotville AP_QC,BAGOTVILLE,CAN_QC_Bagotville.AP.717270_CWEC2020.zip
ERS-EX-21831-in.idf,Val Dor_QC,VAL D'OR,CAN_QC_Val.Dor.717250_CWEC2020.zip
ERS-EX-21833-in.idf,Val Dor_QC,VAL D'OR,CAN_QC_Val.Dor.717250_CWEC2020.zip
ERS-EX-21837-in.idf,Val Dor_QC,VAL D'OR,CAN_QC_Val.Dor.717250_CWEC2020.zip
ERS-EX-21839-in.idf,Val Dor_QC,VAL D'OR,CAN_QC_Val.Dor.717250_CWEC2020.zip
ERS-EX-21840-in.idf,Val Dor_QC,VAL D'OR,CAN_QC_Val.Dor.717250_CWEC2020.zip
ERS-EX-21845-in.idf,Val Dor_QC,VAL D'OR,CAN_QC_Val.Dor.717250_CWEC2020.zip
ERS-EX-2185-in.idf,Trenton AP_ON,TRENTON,CAN_ON_Trenton.AP.716210_CWEC2020.zip
ERS-EX-21855-in.idf,Val Dor_QC,VAL D'OR,CAN_QC_Val.Dor.717250_CWEC2020.zip
ERS-EX-21857-in.idf,Val Dor_QC,VAL D'OR,CAN_QC_Val.Dor.717250_CWEC2020.zip
ERS-EX-21858-in.idf,Val Dor_QC,VAL D'OR,CAN_QC_Val.Dor.717250_CWEC2020.zip
ERS-EX-21863-in.idf,Ottawa Intl AP_ON,OTTAWA INTL,CAN_ON_Ottawa.Intl.AP.716280_CWEC2020.zip
ERS-EX-21869-in.idf,Ottawa Intl AP_ON,OTTAWA INTL,CAN_ON_Ottawa.Intl.AP.716280_CWEC2020.zip
ERS-EX-21877-in.idf,Ottawa Intl AP_ON,OTTAWA INTL,CAN_ON_Ottawa.Intl.AP.716280_CWEC2020.zip
ERS-EX-21887-in.idf,Val Dor_QC,VAL D'OR,CAN_QC_Val.Dor.717250_CWEC2020.zip
ERS-EX-21889-in.idf,Val Dor_QC,VAL D'OR,CAN_QC_Val.Dor.717250_CWEC2020.zip
ERS-EX-21891-in.idf,Val Dor_QC,VAL D'OR,CAN_QC_Val.Dor.717250_CWEC2020.zip
ERS-EX-21894-in.idf,Val Dor_QC,VAL D'OR,CAN_QC_Val.Dor.717250_CWEC2020.zip
ERS-EX-21895-in.idf,Val Dor_QC,VAL D'OR,CAN_QC_Val.Dor.717250_CWEC2020.zip
ERS-EX-21901-in.idf,Montreal Mirabel Intl AP_QC,MONTREAL MIRABEL  INTL,CAN_QC_Montreal.Mirabel.Intl.AP.CAN002_CWEC2020.zip
ERS-EX-21905-in.idf,Montreal Mirabel Intl AP_QC,MONTREAL MIRABEL  INTL,CAN_QC_Montreal.Mirabel.Intl.AP.CAN002_CWEC2020.zip
ERS-EX-21919-in.idf,Montreal St Hubert_QC,MONTREAL-ST-HUBERT,CAN_QC_Montreal.St.Hubert.713710_CWEC2020.zip
ERS-EX-21922-in.idf,Montreal St Hubert_QC,MONTREAL-ST-HUBERT,CAN_QC_Montreal.St.Hubert.713710_CWEC2020.zip
ERS-EX-2195-in.idf,Wiarton AP_ON,WIARTON,CAN_ON_Wiarton.AP.716330_CWEC2020.zip
ERS-EX-21955-in.idf,Montreal Mirabel Intl AP_QC,MONTREAL MIRABEL  INTL,CAN_QC_Montreal.Mirabel.Intl.AP.CAN002_CWEC2020.zip
ERS-EX-21975-in.idf,Montreal Mirabel Intl AP_QC,MONTREAL MIRABEL  INTL,CAN_QC_Montreal.Mirabel.Intl.AP.CAN002_CWEC2020.zip
ERS-EX-21986-in.idf,Montreal St Hubert_QC,MONTREAL-ST-HUBERT,CAN_QC_Montreal.St.Hubert.713710_CWEC2020.zip
ERS-EX-21987-in.idf,Montreal Intl AP_QC,MONTREAL INTL,CAN_QC_Montreal.Intl.AP.716270_CWEC2020.zip
ERS-EX-21988-in.idf,Montreal Intl AP_QC,MONTREAL INTL,CAN_QC_Montreal.Intl.AP.716270_CWEC2020.zip
ERS-EX-21989-in.idf,Montreal Intl AP_QC,MONTREAL INTL,CAN_QC_Montreal.Intl.AP.716270_CWEC2020.zip
ERS-EX-21990-in.idf,Montreal Mirabel Intl AP_QC,MONTREAL MIRABEL  INTL,CAN_QC_Montreal.Mirabel.Intl.AP.CAN002_CWEC2020.zip
ERS-EX-21991-in.idf,Montreal Intl AP_QC,MONTREAL INTL,CAN_QC_Montreal.Intl.AP.716270_CWEC2020.zip
ERS-EX-21992-in.idf,Montreal Intl AP_QC,MONTREAL INTL,CAN_QC_Montreal.Intl.AP.716270_CWEC2020.zip
ERS-EX-22006-in.idf,Toronto Intl AP_ON,TORONTO INTL,CAN_ON_Toronto.Intl.AP.716240_CWEC2020.zip
ERS-EX-22085-in.idf,Toronto Intl AP_ON,TORONTO INTL,CAN_ON_Toronto.Intl.AP.716240_CWEC2020.zip
ERS-EX-2209-in.idf,Wiarton AP_ON,WIARTON,CAN_ON_Wiarton.AP.716330_CWEC2020.zip
ERS-EX-22106-in.idf,Toronto Intl AP_ON,TORONTO INTL,CAN_ON_Toronto.Intl.AP.716240_CWEC2020.zip
ERS-EX-22108-in.idf,Toronto Intl AP_ON,TORONTO INTL,CAN_ON_Toronto.Intl.AP.716240_CWEC2020.zip
ERS-EX-2216-in.idf,Wiarton AP_ON,WIARTON,CAN_ON_Wiarton.AP.716330_CWEC2020.zip
ERS-EX-22164-in.idf,Toronto Intl AP_ON,TORONTO INTL,CAN_ON_Toronto.Intl.AP.716240_CWEC2020.zip
ERS-EX-22177-in.idf,Toronto Intl AP_ON,TORONTO INTL,CAN_ON_Toronto.Intl.AP.716240_CWEC2020.zip
ERS-EX-22199-in.idf,Toronto Intl AP_ON,TORONTO INTL,CAN_ON_Toronto.Intl.AP.716240_CWEC2020.zip
ERS-EX-22223-in.idf,Toronto Intl AP_ON,TORONTO INTL,CAN_ON_Toronto.Intl.AP.716240_CWEC2020.zip
ERS-EX-22288-in.idf,Toronto Intl AP_ON,TORONTO INTL,CAN_ON_Toronto.Intl.AP.716240_CWEC2020.zip
ERS-EX-2231-in.idf,Timmins AP_ON,TIMMINS,CAN_ON_Timmins.AP.717390_CWEC2020.zip
ERS-EX-22317-in.idf,Toronto Intl AP_ON,TORONTO INTL,CAN_ON_Toronto.Intl.AP.716240_CWEC2020.zip
ERS-EX-22345-in.idf,Toronto Intl AP_ON,TORONTO INTL,CAN_ON_Toronto.Intl.AP.716240_CWEC2020.zip
ERS-EX-2236-in.idf,Timmins AP_ON,TIMMINS,CAN_ON_Timmins.AP.717390_CWEC2020.zip
ERS-EX-22370-in.idf,Toronto Intl AP_ON,TORONTO INTL,CAN_ON_Toronto.Intl.AP.716240_CWEC2020.zip
ERS-EX-22400-in.idf,Toronto Intl AP_ON,TORONTO INTL,CAN_ON_Toronto.Intl.AP.716240_CWEC2020.zip
ERS-EX-2242-in.idf,Timmins AP_ON,TIMMINS,CAN_ON_Timmins.AP.717390_CWEC2020.zip
ERS-EX-22428-in.idf,Toronto Intl AP_ON,TORONTO INTL,CAN_ON_Toronto.Intl.AP.716240_CWEC2020.zip
ERS-EX-22440-in.idf,Toronto Intl AP_ON,TORONTO INTL,CAN_ON_Toronto.Intl.AP.716240_CWEC2020.zip
ERS-EX-22442-in.idf,Toronto Intl AP_ON,TORONTO INTL,CAN_ON_Toronto.Intl.AP.716240_CWEC2020.zip
ERS-EX-22475-in.idf,Toronto Intl AP_ON,TORONTO INTL,CAN_ON_Toronto.Intl.AP.716240_CWEC2020.zip
ERS-EX-22489-in.idf,Toronto City Centre_ON,TORONTO CITY CENTRE,CAN_ON_Toronto.City.Centre.712650_CWEC2020.zip
ERS-EX-22503-in.idf,Toronto City Centre_ON,TORONTO CITY CENTRE,CAN_ON_Toronto.City.Centre.712650_CWEC2020.zip
ERS-EX-22534-in.idf,Toronto Intl AP_ON,TORONTO INTL,CAN_ON_Toronto.Intl.AP.716240_CWEC2020.zip
ERS-EX-2255-in.idf,North Bay AP_ON,NORTH BAY,CAN_ON_North.Bay.AP.717310_CWEC2020.zip
ERS-EX-22553-in.idf,Toronto City Centre_ON,TORONTO CITY CENTRE,CAN_ON_Toronto.City.Centre.712650_CWEC2020.zip
ERS-EX-22559-in.idf,Toronto Intl AP_ON,TORONTO INTL,CAN_ON_Toronto.Intl.AP.716240_CWEC2020.zip
ERS-EX-22566-in.idf,Toronto City Centre_ON,TORONTO CITY CENTRE,CAN_ON_Toronto.City.Centre.712650_CWEC2020.zip
ERS-EX-22632-in.idf,Toronto City Centre_ON,TORONTO CITY CENTRE,CAN_ON_Toronto.City.Centre.712650_CWEC2020.zip
ERS-EX-22636-in.idf,Toronto City Centre_ON,TORONTO CITY CENTRE,CAN_ON_Toronto.City.Centre.712650_CWEC2020.zip
ERS-EX-22646-in.idf,Toronto Intl AP_ON,TORONTO INTL,CAN_ON_Toronto.Intl.AP.716240_CWEC2020.zip
ERS-EX-22651-in.idf,Toronto City Centre_ON,TORONTO CITY CENTRE,CAN_ON_Toronto.City.Centre.712650_CWEC2020.zip
ERS-EX-22657-in.idf,Toronto City Centre_ON,TORONTO CITY CENTRE,CAN_ON_Toronto.City.Centre.712650_CWEC2020.zip
ERS-EX-22674-in.idf,Toronto Intl AP_ON,TORONTO INTL,CAN_ON_Toronto.Intl.AP.716240_CWEC2020.zip
ERS-EX-22748-in.idf,Toronto City Centre_ON,TORONTO CITY CENTRE,CAN_ON_Toronto.City.Centre.712650_CWEC2020.zip
ERS-EX-22790-in.idf,Toronto City Centre_ON,TORONTO CITY CENTRE,CAN_ON_Toronto.City.Centre.712650_CWEC2020.zip
ERS-EX-22835-in.idf,Toronto City Centre_ON,TORONTO CITY CENTRE,CAN_ON_Toronto.City.Centre.712650_CWEC2020.zip
ERS-EX-2287-in.idf,Toronto City Centre_ON,TORONTO CITY CENTRE,CAN_ON_Toronto.City.Centre.712650_CWEC2020.zip
ERS-EX-22888-in.idf,Toronto City Centre_ON,TORONTO CITY CENTRE,CAN_ON_Toronto.City.Centre.712650_CWEC2020.zip
ERS-EX-22894-in.idf,Toronto Intl AP_ON,TORONTO INTL,CAN_ON_Toronto.Intl.AP.716240_CWEC2020.zip
ERS-EX-22908-in.idf,Toronto City Centre_ON,TORONTO CITY CENTRE,CAN_ON_Toronto.City.Centre.712650_CWEC2020.zip
ERS-EX-22931-in.idf,Toronto Intl AP_ON,TORONTO INTL,CAN_ON_Toronto.Intl.AP.716240_CWEC2020.zip
ERS-EX-22942-in.idf,Toronto City Centre_ON,TORONTO CITY CENTRE,CAN_ON_Toronto.City.Centre.712650_CWEC2020.zip
ERS-EX-23039-in.idf,Toronto Intl AP_ON,TORONTO INTL,CAN_ON_Toronto.Intl.AP.716240_CWEC2020.zip
ERS-EX-23066-in.idf,Toronto Intl AP_ON,TORONTO INTL,CAN_ON_Toronto.Intl.AP.716240_CWEC2020.zip
ERS-EX-23082-in.idf,Toronto City Centre_ON,TORONTO CITY CENTRE,CAN_ON_Toronto.City.Centre.712650_CWEC2020.zip
ERS-EX-2310-in.idf,Toronto Intl AP_ON,TORONTO INTL,CAN_ON_Toronto.Intl.AP.716240_CWEC2020.zip
ERS-EX-23135-in.idf,Toronto City Centre_ON,TORONTO CITY CENTRE,CAN_ON_Toronto.City.Centre.712650_CWEC2020.zip
ERS-EX-23164-in.idf,Toronto Intl AP_ON,TORONTO INTL,CAN_ON_Toronto.Intl.AP.716240_CWEC2020.zip
ERS-EX-2318-in.idf,Toronto City Centre_ON,TORONTO CITY CENTRE,CAN_ON_Toronto.City.Centre.712650_CWEC2020.zip
ERS-EX-2319-in.idf,Toronto City Centre_ON,TORONTO CITY CENTRE,CAN_ON_Toronto.City.Centre.712650_CWEC2020.zip
ERS-EX-23238-in.idf,Toronto Intl AP_ON,TORONTO INTL,CAN_ON_Toronto.Intl.AP.716240_CWEC2020.zip
ERS-EX-23258-in.idf,Toronto City Centre_ON,TORONTO CITY CENTRE,CAN_ON_Toronto.City.Centre.712650_CWEC2020.zip
ERS-EX-23317-in.idf,Toronto City Centre_ON,TORONTO CITY CENTRE,CAN_ON_Toronto.City.Centre.712650_CWEC2020.zip
ERS-EX-23383-in.idf,Toronto City Centre_ON,TORONTO CITY CENTRE,CAN_ON_Toronto.City.Centre.712650_CWEC2020.zip
ERS-EX-2344-in.idf,Toronto Intl AP_ON,TORONTO INTL,CAN_ON_Toronto.Intl.AP.716240_CWEC2020.zip
ERS-EX-23504-in.idf,Toronto Intl AP_ON,TORONTO INTL,CAN_ON_Toronto.Intl.AP.716240_CWEC2020.zip
ERS-EX-23505-in.idf,Toronto City Centre_ON,TORONTO CITY CENTRE,CAN_ON_Toronto.City.Centre.712650_CWEC2020.zip
ERS-EX-23510-in.idf,Toronto Intl AP_ON,TORONTO INTL,CAN_ON_Toronto.Intl.AP.716240_CWEC2020.zip
ERS-EX-23525-in.idf,Toronto Intl AP_ON,TORONTO INTL,CAN_ON_Toronto.Intl.AP.716240_CWEC2020.zip
ERS-EX-23530-in.idf,Toronto Intl AP_ON,TORONTO INTL,CAN_ON_Toronto.Intl.AP.716240_CWEC2020.zip
ERS-EX-23565-in.idf,Toronto City Centre_ON,TORONTO CITY CENTRE,CAN_ON_Toronto.City.Centre.712650_CWEC2020.zip
ERS-EX-23578-in.idf,Toronto City Centre_ON,TORONTO CITY CENTRE,CAN_ON_Toronto.City.Centre.712650_CWEC2020.zip
ERS-EX-23589-in.idf,Toronto City Centre_ON,TORONTO CITY CENTRE,CAN_ON_Toronto.City.Centre.712650_CWEC2020.zip
ERS-EX-2362-in.idf,Toronto City Centre_ON,TORONTO CITY CENTRE,CAN_ON_Toronto.City.Centre.712650_CWEC2020.zip
ERS-EX-23625-in.idf,Toronto City Centre_ON,TORONTO CITY CENTRE,CAN_ON_Toronto.City.Centre.712650_CWEC2020.zip
ERS-EX-23635-in.idf,Toronto City Centre_ON,TORONTO CITY CENTRE,CAN_ON_Toronto.City.Centre.712650_CWEC2020.zip
ERS-EX-23667-in.idf,Toronto City Centre_ON,TORONTO CITY CENTRE,CAN_ON_Toronto.City.Centre.712650_CWEC2020.zip
ERS-EX-2367-in.idf,Toronto City Centre_ON,TORONTO CITY CENTRE,CAN_ON_Toronto.City.Centre.712650_CWEC2020.zip
ERS-EX-23675-in.idf,Toronto Intl AP_ON,TORONTO INTL,CAN_ON_Toronto.Intl.AP.716240_CWEC2020.zip
ERS-EX-2370-in.idf,Toronto Intl AP_ON,TORONTO INTL,CAN_ON_Toronto.Intl.AP.716240_CWEC2020.zip
ERS-EX-23744-in.idf,Toronto Intl AP_ON,TORONTO INTL,CAN_ON_Toronto.Intl.AP.716240_CWEC2020.zip
ERS-EX-23752-in.idf,Toronto City Centre_ON,TORONTO CITY CENTRE,CAN_ON_Toronto.City.Centre.712650_CWEC2020.zip
ERS-EX-23757-in.idf,Toronto City Centre_ON,TORONTO CITY CENTRE,CAN_ON_Toronto.City.Centre.712650_CWEC2020.zip
ERS-EX-23759-in.idf,Toronto Intl AP_ON,TORONTO INTL,CAN_ON_Toronto.Intl.AP.716240_CWEC2020.zip
ERS-EX-23778-in.idf,Toronto Intl AP_ON,TORONTO INTL,CAN_ON_Toronto.Intl.AP.716240_CWEC2020.zip
ERS-EX-23800-in.idf,Yellowknife AP_NT,YELLOWKNIFE,CAN_NT_Yellowknife.AP.719360_CWEC2020.zip
ERS-EX-23802-in.idf,Yellowknife AP_NT,YELLOWKNIFE,CAN_NT_Yellowknife.AP.719360_CWEC2020.zip
ERS-EX-23803-in.idf,Yellowknife AP_NT,YELLOWKNIFE,CAN_NT_Yellowknife.AP.719360_CWEC2020.zip
ERS-EX-23807-in.idf,Yellowknife AP_NT,YELLOWKNIFE,CAN_NT_Yellowknife.AP.719360_CWEC2020.zip
ERS-EX-23811-in.idf,Inuvik AP_NT,INUVIK,CAN_NT_Inuvik.AP.719570_CWEC2020.zip
ERS-EX-23817-in.idf,Yellowknife AP_NT,YELLOWKNIFE,CAN_NT_Yellowknife.AP.719360_CWEC2020.zip
ERS-EX-23818-in.idf,Yellowknife AP_NT,YELLOWKNIFE,CAN_NT_Yellowknife.AP.719360_CWEC2020.zip
ERS-EX-23819-in.idf,Yellowknife AP_NT,YELLOWKNIFE,CAN_NT_Yellowknife.AP.719360_CWEC2020.zip
ERS-EX-2382-in.idf,Toronto Intl AP_ON,TORONTO INTL,CAN_ON_Toronto.Intl.AP.716240_CWEC2020.zip
ERS-EX-23822-in.idf,Yellowknife AP_NT,YELLOWKNIFE,CAN_NT_Yellowknife.AP.719360_CWEC2020.zip
ERS-EX-23823-in.idf,Yellowknife AP_NT,YELLOWKNIFE,CAN_NT_Yellowknife.AP.719360_CWEC2020.zip
ERS-EX-23826-in.idf,Yellowknife AP_NT,YELLOWKNIFE,CAN_NT_Yellowknife.AP.719360_CWEC2020.zip
ERS-EX-23827-in.idf,Yellowknife AP_NT,YELLOWKNIFE,CAN_NT_Yellowknife.AP.719360_CWEC2020.zip
ERS-EX-23828-in.idf,Yellowknife AP_NT,YELLOWKNIFE,CAN_NT_Yellowknife.AP.719360_CWEC2020.zip
ERS-EX-23831-in.idf,Fort Smith AP_NT,FORT SMITH,CAN_NT_Fort.Smith.AP.719340_CWEC2020.zip
ERS-EX-23832-in.idf,Fort Smith AP_NT,FORT SMITH,CAN_NT_Fort.Smith.AP.719340_CWEC2020.zip
ERS-EX-23833-in.idf,Yellowknife AP_NT,YELLOWKNIFE,CAN_NT_Yellowknife.AP.719360_CWEC2020.zip
ERS-EX-23835-in.idf,Yellowknife AP_NT,YELLOWKNIFE,CAN_NT_Yellowknife.AP.719360_CWEC2020.zip
ERS-EX-23836-in.idf,Yellowknife AP_NT,YELLOWKNIFE,CAN_NT_Yellowknife.AP.719360_CWEC2020.zip
ERS-EX-23839-in.idf,Yellowknife AP_NT,YELLOWKNIFE,CAN_NT_Yellowknife.AP.719360_CWEC2020.zip
ERS-EX-23840-in.idf,Yellowknife AP_NT,YELLOWKNIFE,CAN_NT_Yellowknife.AP.719360_CWEC2020.zip
ERS-EX-23841-in.idf,Yellowknife AP_NT,YELLOWKNIFE,CAN_NT_Yellowknife.AP.719360_CWEC2020.zip
ERS-EX-23849-in.idf,Fort Smith AP_NT,FORT SMITH,CAN_NT_Fort.Smith.AP.719340_CWEC2020.zip
ERS-EX-23855-in.idf,Fort Smith AP_NT,FORT SMITH,CAN_NT_Fort.Smith.AP.719340_CWEC2020.zip
ERS-EX-23880-in.idf,Calgary Intl AP_AB,CALGARY INTL,CAN_AB_Calgary.Intl.AP.718770_CWEC2020.zip
ERS-EX-23882-in.idf,Calgary Intl AP_AB,CALGARY INTL,CAN_AB_Calgary.Intl.AP.718770_CWEC2020.zip
ERS-EX-23885-in.idf,Calgary Intl AP_AB,CALGARY INTL,CAN_AB_Calgary.Intl.AP.718770_CWEC2020.zip
ERS-EX-23887-in.idf,Calgary Intl AP_AB,CALGARY INTL,CAN_AB_Calgary.Intl.AP.718770_CWEC2020.zip
ERS-EX-23893-in.idf,Victoria Intl AP_BC,VICTORIA INTL,CAN_BC_Victoria.Intl.AP.717990_CWEC2020.zip
ERS-EX-23896-in.idf,Victoria Intl AP_BC,VICTORIA INTL,CAN_BC_Victoria.Intl.AP.717990_CWEC2020.zip
ERS-EX-23901-in.idf,Victoria Intl AP_BC,VICTORIA INTL,CAN_BC_Victoria.Intl.AP.717990_CWEC2020.zip
ERS-EX-23913-in.idf,Victoria Intl AP_BC,VICTORIA INTL,CAN_BC_Victoria.Intl.AP.717990_CWEC2020.zip
ERS-EX-23933-in.idf,Edmonton Intl AP_AB,EDMONTON INTL,CAN_AB_Edmonton.Intl.AP.711230_CWEC2020.zip
ERS-EX-23935-in.idf,Edmonton Intl AP_AB,EDMONTON INTL,CAN_AB_Edmonton.Intl.AP.711230_CWEC2020.zip
ERS-EX-23952-in.idf,Edmonton Intl AP_AB,EDMONTON INTL,CAN_AB_Edmonton.Intl.AP.711230_CWEC2020.zip
ERS-EX-23972-in.idf,Edmonton Intl AP_AB,EDMONTON INTL,CAN_AB_Edmonton.Intl.AP.711230_CWEC2020.zip
ERS-EX-24001-in.idf,Edmonton Intl AP_AB,EDMONTON INTL,CAN_AB_Edmonton.Intl.AP.711230_CWEC2020.zip
ERS-EX-24004-in.idf,Edmonton Intl AP_AB,EDMONTON INTL,CAN_AB_Edmonton.Intl.AP.711230_CWEC2020.zip
ERS-EX-24010-in.idf,Edmonton Intl AP_AB,EDMONTON INTL,CAN_AB_Edmonton.Intl.AP.711230_CWEC2020.zip
ERS-EX-24017-in.idf,Edmonton Intl AP_AB,EDMONTON INTL,CAN_AB_Edmonton.Intl.AP.711230_CWEC2020.zip
ERS-EX-24022-in.idf,Edmonton Intl AP_AB,EDMONTON INTL,CAN_AB_Edmonton.Intl.AP.711230_CWEC2020.zip
ERS-EX-24056-in.idf,Edmonton Intl AP_AB,EDMONTON INTL,CAN_AB_Edmonton.Intl.AP.711230_CWEC2020.zip
ERS-EX-24087-in.idf,Edmonton Intl AP_AB,EDMONTON INTL,CAN_AB_Edmonton.Intl.AP.711230_CWEC2020.zip
ERS-EX-24090-in.idf,Edmonton Intl AP_AB,EDMONTON INTL,CAN_AB_Edmonton.Intl.AP.711230_CWEC2020.zip
ERS-EX-24097-in.idf,Edmonton Intl AP_AB,EDMONTON INTL,CAN_AB_Edmonton.Intl.AP.711230_CWEC2020.zip
ERS-EX-24099-in.idf,Edmonton Intl AP_AB,EDMONTON INTL,CAN_AB_Edmonton.Intl.AP.711230_CWEC2020.zip
ERS-EX-24110-in.idf,Edmonton Intl AP_AB,EDMONTON INTL,CAN_AB_Edmonton.Intl.AP.711230_CWEC2020.zip
ERS-EX-24111-in.idf,Edmonton Intl AP_AB,EDMONTON INTL,CAN_AB_Edmonton.Intl.AP.711230_CWEC2020.zip
ERS-EX-24119-in.idf,Edmonton Intl AP_AB,EDMONTON INTL,CAN_AB_Edmonton.Intl.AP.711230_CWEC2020.zip
ERS-EX-24125-in.idf,Calgary Intl AP_AB,CALGARY INTL,CAN_AB_Calgary.Intl.AP.718770_CWEC2020.zip
ERS-EX-24127-in.idf,Calgary Intl AP_AB,CALGARY INTL,CAN_AB_Calgary.Intl.AP.718770_CWEC2020.zip
ERS-EX-24129-in.idf,Calgary Intl AP_AB,CALGARY INTL,CAN_AB_Calgary.Intl.AP.718770_CWEC2020.zip
ERS-EX-24135-in.idf,Calgary Intl AP_AB,CALGARY INTL,CAN_AB_Calgary.Intl.AP.718770_CWEC2020.zip
ERS-EX-24146-in.idf,Calgary Intl AP_AB,CALGARY INTL,CAN_AB_Calgary.Intl.AP.718770_CWEC2020.zip
ERS-EX-24151-in.idf,Calgary Intl AP_AB,CALGARY INTL,CAN_AB_Calgary.Intl.AP.718770_CWEC2020.zip
ERS-EX-24157-in.idf,Calgary Intl AP_AB,CALGARY INTL,CAN_AB_Calgary.Intl.AP.718770_CWEC2020.zip
ERS-EX-24163-in.idf,Calgary Intl AP_AB,CALGARY INTL,CAN_AB_Calgary.Intl.AP.718770_CWEC2020.zip
ERS-EX-24170-in.idf,Calgary Intl AP_AB,CALGARY INTL,CAN_AB_Calgary.Intl.AP.718770_CWEC2020.zip
ERS-EX-24173-in.idf,Red Deer Regional AP_AB,RED DEER REGIONAL,CAN_AB_Red.Deer.Regional.AP.718780_CWEC2020.zip
ERS-EX-24180-in.idf,Calgary Intl AP_AB,CALGARY INTL,CAN_AB_Calgary.Intl.AP.718770_CWEC2020.zip
ERS-EX-24184-in.idf,Calgary Intl AP_AB,CALGARY INTL,CAN_AB_Calgary.Intl.AP.718770_CWEC2020.zip
ERS-EX-24192-in.idf,Calgary Intl AP_AB,CALGARY INTL,CAN_AB_Calgary.Intl.AP.718770_CWEC2020.zip
ERS-EX-24195-in.idf,Calgary Intl AP_AB,CALGARY INTL,CAN_AB_Calgary.Intl.AP.718770_CWEC2020.zip
ERS-EX-24198-in.idf,Calgary Intl AP_AB,CALGARY INTL,CAN_AB_Calgary.Intl.AP.718770_CWEC2020.zip
ERS-EX-24199-in.idf,Calgary Intl AP_AB,CALGARY INTL,CAN_AB_Calgary.Intl.AP.718770_CWEC2020.zip
ERS-EX-24205-in.idf,Calgary Intl AP_AB,CALGARY INTL,CAN_AB_Calgary.Intl.AP.718770_CWEC2020.zip
ERS-EX-24208-in.idf,Calgary Intl AP_AB,CALGARY INTL,CAN_AB_Calgary.Intl.AP.718770_CWEC2020.zip
ERS-EX-24215-in.idf,Calgary Intl AP_AB,CALGARY INTL,CAN_AB_Calgary.Intl.AP.718770_CWEC2020.zip
ERS-EX-2422-in.idf,Toronto City Centre_ON,TORONTO CITY CENTRE,CAN_ON_Toronto.City.Centre.712650_CWEC2020.zip
ERS-EX-24224-in.idf,Calgary Intl AP_AB,CALGARY INTL,CAN_AB_Calgary.Intl.AP.718770_CWEC2020.zip
ERS-EX-24225-in.idf,Calgary Intl AP_AB,CALGARY INTL,CAN_AB_Calgary.Intl.AP.718770_CWEC2020.zip
ERS-EX-24227-in.idf,Calgary Intl AP_AB,CALGARY INTL,CAN_AB_Calgary.Intl.AP.718770_CWEC2020.zip
ERS-EX-24235-in.idf,Calgary Intl AP_AB,CALGARY INTL,CAN_AB_Calgary.Intl.AP.718770_CWEC2020.zip
ERS-EX-24243-in.idf,Calgary Intl AP_AB,CALGARY INTL,CAN_AB_Calgary.Intl.AP.718770_CWEC2020.zip
ERS-EX-24251-in.idf,Calgary Intl AP_AB,CALGARY INTL,CAN_AB_Calgary.Intl.AP.718770_CWEC2020.zip
ERS-EX-24252-in.idf,Calgary Intl AP_AB,CALGARY INTL,CAN_AB_Calgary.Intl.AP.718770_CWEC2020.zip
ERS-EX-24253-in.idf,Calgary Intl AP_AB,CALGARY INTL,CAN_AB_Calgary.Intl.AP.718770_CWEC2020.zip
ERS-EX-24255-in.idf,Calgary Intl AP_AB,CALGARY INTL,CAN_AB_Calgary.Intl.AP.718770_CWEC2020.zip
ERS-EX-24256-in.idf,Calgary Intl AP_AB,CALGARY INTL,CAN_AB_Calgary.Intl.AP.718770_CWEC2020.zip
ERS-EX-24274-in.idf,Calgary Intl AP_AB,CALGARY INTL,CAN_AB_Calgary.Intl.AP.718770_CWEC2020.zip
ERS-EX-24320-in.idf,Calgary Intl AP_AB,CALGARY INTL,CAN_AB_Calgary.Intl.AP.718770_CWEC2020.zip
ERS-EX-24352-in.idf,Calgary Intl AP_AB,CALGARY INTL,CAN_AB_Calgary.Intl.AP.718770_CWEC2020.zip
ERS-EX-24358-in.idf,Calgary Intl AP_AB,CALGARY INTL,CAN_AB_Calgary.Intl.AP.718770_CWEC2020.zip
ERS-EX-24368-in.idf,Comox AP_BC,COMOX,CAN_BC_Comox.AP.718930_CWEC2020.zip
ERS-EX-24378-in.idf,Victoria Intl AP_BC,VICTORIA INTL,CAN_BC_Victoria.Intl.AP.717990_CWEC2020.zip
ERS-EX-24388-in.idf,Victoria Intl AP_BC,VICTORIA INTL,CAN_BC_Victoria.Intl.AP.717990_CWEC2020.zip
ERS-EX-24393-in.idf,Victoria Intl AP_BC,VICTORIA INTL,CAN_BC_Victoria.Intl.AP.717990_CWEC2020.zip
ERS-EX-24396-in.idf,Comox AP_BC,COMOX,CAN_BC_Comox.AP.718930_CWEC2020.zip
ERS-EX-24402-in.idf,Comox AP_BC,COMOX,CAN_BC_Comox.AP.718930_CWEC2020.zip
ERS-EX-24406-in.idf,Comox AP_BC,COMOX,CAN_BC_Comox.AP.718930_CWEC2020.zip
ERS-EX-24414-in.idf,Comox AP_BC,COMOX,CAN_BC_Comox.AP.718930_CWEC2020.zip
ERS-EX-24426-in.idf,Victoria Intl AP_BC,VICTORIA INTL,CAN_BC_Victoria.Intl.AP.717990_CWEC2020.zip
ERS-EX-24437-in.idf,Victoria Intl AP_BC,VICTORIA INTL,CAN_BC_Victoria.Intl.AP.717990_CWEC2020.zip
ERS-EX-24443-in.idf,Comox AP_BC,COMOX,CAN_BC_Comox.AP.718930_CWEC2020.zip
ERS-EX-24452-in.idf,Comox AP_BC,COMOX,CAN_BC_Comox.AP.718930_CWEC2020.zip
ERS-EX-24458-in.idf,Comox AP_BC,COMOX,CAN_BC_Comox.AP.718930_CWEC2020.zip
ERS-EX-24460-in.idf,Comox AP_BC,COMOX,CAN_BC_Comox.AP.718930_CWEC2020.zip
ERS-EX-24461-in.idf,Comox AP_BC,COMOX,CAN_BC_Comox.AP.718930_CWEC2020.zip
ERS-EX-24466-in.idf,Comox AP_BC,COMOX,CAN_BC_Comox.AP.718930_CWEC2020.zip
ERS-EX-24467-in.idf,Comox AP_BC,COMOX,CAN_BC_Comox.AP.718930_CWEC2020.zip
ERS-EX-24470-in.idf,Victoria Intl AP_BC,VICTORIA INTL,CAN_BC_Victoria.Intl.AP.717990_CWEC2020.zip
ERS-EX-24480-in.idf,Victoria Intl AP_BC,VICTORIA INTL,CAN_BC_Victoria.Intl.AP.717990_CWEC2020.zip
ERS-EX-24481-in.idf,Comox AP_BC,COMOX,CAN_BC_Comox.AP.718930_CWEC2020.zip
ERS-EX-24484-in.idf,Comox AP_BC,COMOX,CAN_BC_Comox.AP.718930_CWEC2020.zip
ERS-EX-24486-in.idf,Victoria Intl AP_BC,VICTORIA INTL,CAN_BC_Victoria.Intl.AP.717990_CWEC2020.zip
ERS-EX-24487-in.idf,Comox AP_BC,COMOX,CAN_BC_Comox.AP.718930_CWEC2020.zip
ERS-EX-24494-in.idf,Comox AP_BC,COMOX,CAN_BC_Comox.AP.718930_CWEC2020.zip
ERS-EX-24499-in.idf,Victoria Intl AP_BC,VICTORIA INTL,CAN_BC_Victoria.Intl.AP.717990_CWEC2020.zip
ERS-EX-24508-in.idf,Victoria Intl AP_BC,VICTORIA INTL,CAN_BC_Victoria.Intl.AP.717990_CWEC2020.zip
ERS-EX-2451-in.idf,Toronto Intl AP_ON,TORONTO INTL,CAN_ON_Toronto.Intl.AP.716240_CWEC2020.zip
ERS-EX-24511-in.idf,Victoria Intl AP_BC,VICTORIA INTL,CAN_BC_Victoria.Intl.AP.717990_CWEC2020.zip
ERS-EX-24513-in.idf,Comox AP_BC,COMOX,CAN_BC_Comox.AP.718930_CWEC2020.zip
ERS-EX-24524-in.idf,Comox AP_BC,COMOX,CAN_BC_Comox.AP.718930_CWEC2020.zip
ERS-EX-24528-in.idf,Comox AP_BC,COMOX,CAN_BC_Comox.AP.718930_CWEC2020.zip
ERS-EX-24529-in.idf,Comox AP_BC,COMOX,CAN_BC_Comox.AP.718930_CWEC2020.zip
ERS-EX-24541-in.idf,Comox AP_BC,COMOX,CAN_BC_Comox.AP.718930_CWEC2020.zip
ERS-EX-24543-in.idf,Victoria Intl AP_BC,VICTORIA INTL,CAN_BC_Victoria.Intl.AP.717990_CWEC2020.zip
ERS-EX-24547-in.idf,Victoria Intl AP_BC,VICTORIA INTL,CAN_BC_Victoria.Intl.AP.717990_CWEC2020.zip
ERS-EX-24559-in.idf,Victoria Intl AP_BC,VICTORIA INTL,CAN_BC_Victoria.Intl.AP.717990_CWEC2020.zip
ERS-EX-24565-in.idf,Victoria Intl AP_BC,VICTORIA INTL,CAN_BC_Victoria.Intl.AP.717990_CWEC2020.zip
ERS-EX-24566-in.idf,Comox AP_BC,COMOX,CAN_BC_Comox.AP.718930_CWEC2020.zip
ERS-EX-24571-in.idf,Victoria Intl AP_BC,VICTORIA INTL,CAN_BC_Victoria.Intl.AP.717990_CWEC2020.zip
ERS-EX-24572-in.idf,Victoria Intl AP_BC,VICTORIA INTL,CAN_BC_Victoria.Intl.AP.717990_CWEC2020.zip
ERS-EX-2458-in.idf,Toronto City Centre_ON,TORONTO CITY CENTRE,CAN_ON_Toronto.City.Centre.712650_CWEC2020.zip
ERS-EX-24580-in.idf,Victoria Intl AP_BC,VICTORIA INTL,CAN_BC_Victoria.Intl.AP.717990_CWEC2020.zip
ERS-EX-24588-in.idf,Comox AP_BC,COMOX,CAN_BC_Comox.AP.718930_CWEC2020.zip
ERS-EX-24591-in.idf,Comox AP_BC,COMOX,CAN_BC_Comox.AP.718930_CWEC2020.zip
ERS-EX-24592-in.idf,Comox AP_BC,COMOX,CAN_BC_Comox.AP.718930_CWEC2020.zip
ERS-EX-24594-in.idf,Comox AP_BC,COMOX,CAN_BC_Comox.AP.718930_CWEC2020.zip
ERS-EX-24596-in.idf,Comox AP_BC,COMOX,CAN_BC_Comox.AP.718930_CWEC2020.zip
ERS-EX-24598-in.idf,Comox AP_BC,COMOX,CAN_BC_Comox.AP.718930_CWEC2020.zip
ERS-EX-24599-in.idf,Comox AP_BC,COMOX,CAN_BC_Comox.AP.718930_CWEC2020.zip
ERS-EX-24608-in.idf,Comox AP_BC,COMOX,CAN_BC_Comox.AP.718930_CWEC2020.zip
ERS-EX-24610-in.idf,Comox AP_BC,COMOX,CAN_BC_Comox.AP.718930_CWEC2020.zip
ERS-EX-24612-in.idf,Comox AP_BC,COMOX,CAN_BC_Comox.AP.718930_CWEC2020.zip
ERS-EX-24618-in.idf,Comox AP_BC,COMOX,CAN_BC_Comox.AP.718930_CWEC2020.zip
ERS-EX-24623-in.idf,Comox AP_BC,COMOX,CAN_BC_Comox.AP.718930_CWEC2020.zip
ERS-EX-24624-in.idf,Comox AP_BC,COMOX,CAN_BC_Comox.AP.718930_CWEC2020.zip
ERS-EX-24648-in.idf,Medicine Hat RCS_AB,MEDICINE HAT,CAN_AB_Medicine.Hat.RCS.710260_CWEC2020.zip
ERS-EX-24649-in.idf,Medicine Hat RCS_AB,MEDICINE HAT,CAN_AB_Medicine.Hat.RCS.710260_CWEC2020.zip
ERS-EX-24658-in.idf,Medicine Hat RCS_AB,MEDICINE HAT,CAN_AB_Medicine.Hat.RCS.710260_CWEC2020.zip
ERS-EX-24680-in.idf,Medicine Hat RCS_AB,MEDICINE HAT,CAN_AB_Medicine.Hat.RCS.710260_CWEC2020.zip
ERS-EX-24682-in.idf,Medicine Hat RCS_AB,MEDICINE HAT,CAN_AB_Medicine.Hat.RCS.710260_CWEC2020.zip
ERS-EX-2469-in.idf,Toronto City Centre_ON,TORONTO CITY CENTRE,CAN_ON_Toronto.City.Centre.712650_CWEC2020.zip
ERS-EX-24727-in.idf,Calgary Intl AP_AB,CALGARY INTL,CAN_AB_Calgary.Intl.AP.718770_CWEC2020.zip
ERS-EX-24735-in.idf,Calgary Intl AP_AB,CALGARY INTL,CAN_AB_Calgary.Intl.AP.718770_CWEC2020.zip
ERS-EX-24752-in.idf,Calgary Intl AP_AB,CALGARY INTL,CAN_AB_Calgary.Intl.AP.718770_CWEC2020.zip
ERS-EX-24753-in.idf,Calgary Intl AP_AB,CALGARY INTL,CAN_AB_Calgary.Intl.AP.718770_CWEC2020.zip
ERS-EX-24772-in.idf,Cold Lake AP_AB,COLD LAKE,CAN_AB_Cold.Lake.AP.711200_CWEC2020.zip
ERS-EX-24780-in.idf,Cold Lake AP_AB,COLD LAKE,CAN_AB_Cold.Lake.AP.711200_CWEC2020.zip
ERS-EX-24784-in.idf,Cold Lake AP_AB,COLD LAKE,CAN_AB_Cold.Lake.AP.711200_CWEC2020.zip
ERS-EX-24812-in.idf,Calgary Intl AP_AB,CALGARY INTL,CAN_AB_Calgary.Intl.AP.718770_CWEC2020.zip
ERS-EX-24814-in.idf,Calgary Intl AP_AB,CALGARY INTL,CAN_AB_Calgary.Intl.AP.718770_CWEC2020.zip
ERS-EX-24819-in.idf,Calgary Intl AP_AB,CALGARY INTL,CAN_AB_Calgary.Intl.AP.718770_CWEC2020.zip
ERS-EX-24824-in.idf,Calgary Intl AP_AB,CALGARY INTL,CAN_AB_Calgary.Intl.AP.718770_CWEC2020.zip
ERS-EX-24826-in.idf,Calgary Intl AP_AB,CALGARY INTL,CAN_AB_Calgary.Intl.AP.718770_CWEC2020.zip
ERS-EX-24835-in.idf,Calgary Intl AP_AB,CALGARY INTL,CAN_AB_Calgary.Intl.AP.718770_CWEC2020.zip
ERS-EX-24839-in.idf,Calgary Intl AP_AB,CALGARY INTL,CAN_AB_Calgary.Intl.AP.718770_CWEC2020.zip
ERS-EX-24850-in.idf,Calgary Intl AP_AB,CALGARY INTL,CAN_AB_Calgary.Intl.AP.718770_CWEC2020.zip
ERS-EX-24851-in.idf,Calgary Intl AP_AB,CALGARY INTL,CAN_AB_Calgary.Intl.AP.718770_CWEC2020.zip
ERS-EX-24858-in.idf,Calgary Intl AP_AB,CALGARY INTL,CAN_AB_Calgary.Intl.AP.718770_CWEC2020.zip
ERS-EX-24869-in.idf,Calgary Intl AP_AB,CALGARY INTL,CAN_AB_Calgary.Intl.AP.718770_CWEC2020.zip
ERS-EX-24870-in.idf,Calgary Intl AP_AB,CALGARY INTL,CAN_AB_Calgary.Intl.AP.718770_CWEC2020.zip
ERS-EX-24871-in.idf,Calgary Intl AP_AB,CALGARY INTL,CAN_AB_Calgary.Intl.AP.718770_CWEC2020.zip
ERS-EX-24872-in.idf,Calgary Intl AP_AB,CALGARY INTL,CAN_AB_Calgary.Intl.AP.718770_CWEC2020.zip
ERS-EX-24876-in.idf,Calgary Intl AP_AB,CALGARY INTL,CAN_AB_Calgary.Intl.AP.718770_CWEC2020.zip
ERS-EX-24881-in.idf,Calgary Intl AP_AB,CALGARY INTL,CAN_AB_Calgary.Intl.AP.718770_CWEC2020.zip
ERS-EX-24882-in.idf,Calgary Intl AP_AB,CALGARY INTL,CAN_AB_Calgary.Intl.AP.718770_CWEC2020.zip
ERS-EX-24888-in.idf,Calgary Intl AP_AB,CALGARY INTL,CAN_AB_Calgary.Intl.AP.718770_CWEC2020.zip
ERS-EX-24889-in.idf,Calgary Intl AP_AB,CALGARY INTL,CAN_AB_Calgary.Intl.AP.718770_CWEC2020.zip
ERS-EX-24897-in.idf,Calgary Intl AP_AB,CALGARY INTL,CAN_AB_Calgary.Intl.AP.718770_CWEC2020.zip
ERS-EX-24899-in.idf,Calgary Intl AP_AB,CALGARY INTL,CAN_AB_Calgary.Intl.AP.718770_CWEC2020.zip
ERS-EX-24905-in.idf,Calgary Intl AP_AB,CALGARY INTL,CAN_AB_Calgary.Intl.AP.718770_CWEC2020.zip
ERS-EX-24908-in.idf,Calgary Intl AP_AB,CALGARY INTL,CAN_AB_Calgary.Intl.AP.718770_CWEC2020.zip
ERS-EX-24912-in.idf,Calgary Intl AP_AB,CALGARY INTL,CAN_AB_Calgary.Intl.AP.718770_CWEC2020.zip
ERS-EX-24917-in.idf,Calgary Intl AP_AB,CALGARY INTL,CAN_AB_Calgary.Intl.AP.718770_CWEC2020.zip
ERS-EX-24925-in.idf,Calgary Intl AP_AB,CALGARY INTL,CAN_AB_Calgary.Intl.AP.718770_CWEC2020.zip
ERS-EX-2493-in.idf,Toronto City Centre_ON,TORONTO CITY CENTRE,CAN_ON_Toronto.City.Centre.712650_CWEC2020.zip
ERS-EX-24931-in.idf,Calgary Intl AP_AB,CALGARY INTL,CAN_AB_Calgary.Intl.AP.718770_CWEC2020.zip
ERS-EX-24934-in.idf,Calgary Intl AP_AB,CALGARY INTL,CAN_AB_Calgary.Intl.AP.718770_CWEC2020.zip
ERS-EX-24936-in.idf,Calgary Intl AP_AB,CALGARY INTL,CAN_AB_Calgary.Intl.AP.718770_CWEC2020.zip
ERS-EX-24940-in.idf,Calgary Intl AP_AB,CALGARY INTL,CAN_AB_Calgary.Intl.AP.718770_CWEC2020.zip
ERS-EX-24943-in.idf,Calgary Intl AP_AB,CALGARY INTL,CAN_AB_Calgary.Intl.AP.718770_CWEC2020.zip
ERS-EX-24946-in.idf,Calgary Intl AP_AB,CALGARY INTL,CAN_AB_Calgary.Intl.AP.718770_CWEC2020.zip
ERS-EX-24947-in.idf,Calgary Intl AP_AB,CALGARY INTL,CAN_AB_Calgary.Intl.AP.718770_CWEC2020.zip
ERS-EX-24955-in.idf,Calgary Intl AP_AB,CALGARY INTL,CAN_AB_Calgary.Intl.AP.718770_CWEC2020.zip
ERS-EX-24963-in.idf,Calgary Intl AP_AB,CALGARY INTL,CAN_AB_Calgary.Intl.AP.718770_CWEC2020.zip
ERS-EX-24972-in.idf,Victoria Intl AP_BC,VICTORIA INTL,CAN_BC_Victoria.Intl.AP.717990_CWEC2020.zip
ERS-EX-24975-in.idf,Victoria Intl AP_BC,VICTORIA INTL,CAN_BC_Victoria.Intl.AP.717990_CWEC2020.zip
ERS-EX-24980-in.idf,Victoria Intl AP_BC,VICTORIA INTL,CAN_BC_Victoria.Intl.AP.717990_CWEC2020.zip
ERS-EX-24987-in.idf,Comox AP_BC,COMOX,CAN_BC_Comox.AP.718930_CWEC2020.zip
ERS-EX-24990-in.idf,Comox AP_BC,COMOX,CAN_BC_Comox.AP.718930_CWEC2020.zip
ERS-EX-24993-in.idf,Comox AP_BC,COMOX,CAN_BC_Comox.AP.718930_CWEC2020.zip
ERS-EX-24999-in.idf,Comox AP_BC,COMOX,CAN_BC_Comox.AP.718930_CWEC2020.zip
ERS-EX-25001-in.idf,Victoria Intl AP_BC,VICTORIA INTL,CAN_BC_Victoria.Intl.AP.717990_CWEC2020.zip
ERS-EX-25002-in.idf,Victoria Intl AP_BC,VICTORIA INTL,CAN_BC_Victoria.Intl.AP.717990_CWEC2020.zip
ERS-EX-25016-in.idf,Comox AP_BC,COMOX,CAN_BC_Comox.AP.718930_CWEC2020.zip
ERS-EX-25023-in.idf,Comox AP_BC,COMOX,CAN_BC_Comox.AP.718930_CWEC2020.zip
ERS-EX-25026-in.idf,Comox AP_BC,COMOX,CAN_BC_Comox.AP.718930_CWEC2020.zip
ERS-EX-25029-in.idf,Comox AP_BC,COMOX,CAN_BC_Comox.AP.718930_CWEC2020.zip
ERS-EX-25033-in.idf,Calgary Intl AP_AB,CALGARY INTL,CAN_AB_Calgary.Intl.AP.718770_CWEC2020.zip
ERS-EX-25044-in.idf,Calgary Intl AP_AB,CALGARY INTL,CAN_AB_Calgary.Intl.AP.718770_CWEC2020.zip
ERS-EX-25046-in.idf,Calgary Intl AP_AB,CALGARY INTL,CAN_AB_Calgary.Intl.AP.718770_CWEC2020.zip
ERS-EX-25050-in.idf,Calgary Intl AP_AB,CALGARY INTL,CAN_AB_Calgary.Intl.AP.718770_CWEC2020.zip
ERS-EX-25054-in.idf,Calgary Intl AP_AB,CALGARY INTL,CAN_AB_Calgary.Intl.AP.718770_CWEC2020.zip
ERS-EX-25056-in.idf,Calgary Intl AP_AB,CALGARY INTL,CAN_AB_Calgary.Intl.AP.718770_CWEC2020.zip
ERS-EX-25067-in.idf,Calgary Intl AP_AB,CALGARY INTL,CAN_AB_Calgary.Intl.AP.718770_CWEC2020.zip
ERS-EX-25069-in.idf,Calgary Intl AP_AB,CALGARY INTL,CAN_AB_Calgary.Intl.AP.718770_CWEC2020.zip
ERS-EX-25071-in.idf,Calgary Intl AP_AB,CALGARY INTL,CAN_AB_Calgary.Intl.AP.718770_CWEC2020.zip
ERS-EX-25076-in.idf,Calgary Intl AP_AB,CALGARY INTL,CAN_AB_Calgary.Intl.AP.718770_CWEC2020.zip
ERS-EX-25079-in.idf,Calgary Intl AP_AB,CALGARY INTL,CAN_AB_Calgary.Intl.AP.718770_CWEC2020.zip
ERS-EX-25088-in.idf,Calgary Intl AP_AB,CALGARY INTL,CAN_AB_Calgary.Intl.AP.718770_CWEC2020.zip
ERS-EX-25098-in.idf,Calgary Intl AP_AB,CALGARY INTL,CAN_AB_Calgary.Intl.AP.718770_CWEC2020.zip
ERS-EX-25099-in.idf,Calgary Intl AP_AB,CALGARY INTL,CAN_AB_Calgary.Intl.AP.718770_CWEC2020.zip
ERS-EX-25121-in.idf,Calgary Intl AP_AB,CALGARY INTL,CAN_AB_Calgary.Intl.AP.718770_CWEC2020.zip
ERS-EX-25124-in.idf,Calgary Intl AP_AB,CALGARY INTL,CAN_AB_Calgary.Intl.AP.718770_CWEC2020.zip
ERS-EX-25132-in.idf,Calgary Intl AP_AB,CALGARY INTL,CAN_AB_Calgary.Intl.AP.718770_CWEC2020.zip
ERS-EX-25133-in.idf,Calgary Intl AP_AB,CALGARY INTL,CAN_AB_Calgary.Intl.AP.718770_CWEC2020.zip
ERS-EX-25140-in.idf,Calgary Intl AP_AB,CALGARY INTL,CAN_AB_Calgary.Intl.AP.718770_CWEC2020.zip
ERS-EX-25154-in.idf,Calgary Intl AP_AB,CALGARY INTL,CAN_AB_Calgary.Intl.AP.718770_CWEC2020.zip
ERS-EX-25155-in.idf,Red Deer Regional AP_AB,RED DEER REGIONAL,CAN_AB_Red.Deer.Regional.AP.718780_CWEC2020.zip
ERS-EX-25157-in.idf,Calgary Intl AP_AB,CALGARY INTL,CAN_AB_Calgary.Intl.AP.718770_CWEC2020.zip
ERS-EX-25163-in.idf,Edmonton Intl AP_AB,EDMONTON INTL,CAN_AB_Edmonton.Intl.AP.711230_CWEC2020.zip
ERS-EX-25167-in.idf,Calgary Intl AP_AB,CALGARY INTL,CAN_AB_Calgary.Intl.AP.718770_CWEC2020.zip
ERS-EX-25169-in.idf,Calgary Intl AP_AB,CALGARY INTL,CAN_AB_Calgary.Intl.AP.718770_CWEC2020.zip
ERS-EX-25185-in.idf,Victoria Intl AP_BC,VICTORIA INTL,CAN_BC_Victoria.Intl.AP.717990_CWEC2020.zip
ERS-EX-2520-in.idf,Toronto Intl AP_ON,TORONTO INTL,CAN_ON_Toronto.Intl.AP.716240_CWEC2020.zip
ERS-EX-25209-in.idf,Vancouver Intl AP_BC,VANCOUVER INTL,CAN_BC_Vancouver.Intl.AP.718920_CWEC2020.zip
ERS-EX-25212-in.idf,Vancouver Intl AP_BC,VANCOUVER INTL,CAN_BC_Vancouver.Intl.AP.718920_CWEC2020.zip
ERS-EX-25218-in.idf,Vancouver Intl AP_BC,VANCOUVER INTL,CAN_BC_Vancouver.Intl.AP.718920_CWEC2020.zip
ERS-EX-25226-in.idf,Vancouver Intl AP_BC,VANCOUVER INTL,CAN_BC_Vancouver.Intl.AP.718920_CWEC2020.zip
ERS-EX-25232-in.idf,Whistler Nesters_BC,WHISTLER - NESTERS,CAN_BC_Whistler.Nesters.716870_CWEC2020.zip
ERS-EX-25238-in.idf,Vancouver Intl AP_BC,VANCOUVER INTL,CAN_BC_Vancouver.Intl.AP.718920_CWEC2020.zip
ERS-EX-2525-in.idf,Toronto Intl AP_ON,TORONTO INTL,CAN_ON_Toronto.Intl.AP.716240_CWEC2020.zip
ERS-EX-25250-in.idf,Vancouver Intl AP_BC,VANCOUVER INTL,CAN_BC_Vancouver.Intl.AP.718920_CWEC2020.zip
ERS-EX-25251-in.idf,Vancouver Intl AP_BC,VANCOUVER INTL,CAN_BC_Vancouver.Intl.AP.718920_CWEC2020.zip
ERS-EX-25264-in.idf,Montreal St Hubert_QC,MONTREAL-ST-HUBERT,CAN_QC_Montreal.St.Hubert.713710_CWEC2020.zip
ERS-EX-25273-in.idf,Quebec Intl AP_QC,QUEBEC INTL,CAN_QC_Quebec.Intl.AP.717140_CWEC2020.zip
ERS-EX-25298-in.idf,Quebec Intl AP_QC,QUEBEC INTL,CAN_QC_Quebec.Intl.AP.717140_CWEC2020.zip
ERS-EX-25309-in.idf,Quebec Intl AP_QC,QUEBEC INTL,CAN_QC_Quebec.Intl.AP.717140_CWEC2020.zip
ERS-EX-25310-in.idf,Montreal Intl AP_QC,MONTREAL INTL,CAN_QC_Montreal.Intl.AP.716270_CWEC2020.zip
ERS-EX-25311-in.idf,Montreal Intl AP_QC,MONTREAL INTL,CAN_QC_Montreal.Intl.AP.716270_CWEC2020.zip
ERS-EX-2533-in.idf,Toronto City Centre_ON,TORONTO CITY CENTRE,CAN_ON_Toronto.City.Centre.712650_CWEC2020.zip
ERS-EX-25332-in.idf,Montreal Intl AP_QC,MONTREAL INTL,CAN_QC_Montreal.Intl.AP.716270_CWEC2020.zip
ERS-EX-2534-in.idf,Toronto Intl AP_ON,TORONTO INTL,CAN_ON_Toronto.Intl.AP.716240_CWEC2020.zip
ERS-EX-25346-in.idf,Montreal Intl AP_QC,MONTREAL INTL,CAN_QC_Montreal.Intl.AP.716270_CWEC2020.zip
ERS-EX-25348-in.idf,Lennoxville_QC,LENNOXVILLE,CAN_QC_Lennoxville.716110_CWEC2020.zip
ERS-EX-25352-in.idf,Montreal St Hubert_QC,MONTREAL-ST-HUBERT,CAN_QC_Montreal.St.Hubert.713710_CWEC2020.zip
ERS-EX-25354-in.idf,Montreal St Hubert_QC,MONTREAL-ST-HUBERT,CAN_QC_Montreal.St.Hubert.713710_CWEC2020.zip
ERS-EX-25357-in.idf,Montreal Intl AP_QC,MONTREAL INTL,CAN_QC_Montreal.Intl.AP.716270_CWEC2020.zip
ERS-EX-25358-in.idf,Montreal Intl AP_QC,MONTREAL INTL,CAN_QC_Montreal.Intl.AP.716270_CWEC2020.zip
ERS-EX-25360-in.idf,Montreal St Hubert_QC,MONTREAL-ST-HUBERT,CAN_QC_Montreal.St.Hubert.713710_CWEC2020.zip
ERS-EX-25361-in.idf,Montreal Mirabel Intl AP_QC,MONTREAL MIRABEL  INTL,CAN_QC_Montreal.Mirabel.Intl.AP.CAN002_CWEC2020.zip
ERS-EX-25368-in.idf,Montreal Intl AP_QC,MONTREAL INTL,CAN_QC_Montreal.Intl.AP.716270_CWEC2020.zip
ERS-EX-25371-in.idf,Montreal Intl AP_QC,MONTREAL INTL,CAN_QC_Montreal.Intl.AP.716270_CWEC2020.zip
ERS-EX-25384-in.idf,Lennoxville_QC,LENNOXVILLE,CAN_QC_Lennoxville.716110_CWEC2020.zip
ERS-EX-25394-in.idf,Montreal St Hubert_QC,MONTREAL-ST-HUBERT,CAN_QC_Montreal.St.Hubert.713710_CWEC2020.zip
ERS-EX-25402-in.idf,Montreal St Hubert_QC,MONTREAL-ST-HUBERT,CAN_QC_Montreal.St.Hubert.713710_CWEC2020.zip
ERS-EX-25410-in.idf,Montreal St Hubert_QC,MONTREAL-ST-HUBERT,CAN_QC_Montreal.St.Hubert.713710_CWEC2020.zip
ERS-EX-25430-in.idf,Montreal St Hubert_QC,MONTREAL-ST-HUBERT,CAN_QC_Montreal.St.Hubert.713710_CWEC2020.zip
ERS-EX-25434-in.idf,Montreal St Hubert_QC,MONTREAL-ST-HUBERT,CAN_QC_Montreal.St.Hubert.713710_CWEC2020.zip
ERS-EX-25437-in.idf,Montreal Intl AP_QC,MONTREAL INTL,CAN_QC_Montreal.Intl.AP.716270_CWEC2020.zip
ERS-EX-25439-in.idf,Montreal St Hubert_QC,MONTREAL-ST-HUBERT,CAN_QC_Montreal.St.Hubert.713710_CWEC2020.zip
ERS-EX-25441-in.idf,Montreal St Hubert_QC,MONTREAL-ST-HUBERT,CAN_QC_Montreal.St.Hubert.713710_CWEC2020.zip
ERS-EX-25447-in.idf,Montreal Intl AP_QC,MONTREAL INTL,CAN_QC_Montreal.Intl.AP.716270_CWEC2020.zip
ERS-EX-25459-in.idf,Montreal Intl AP_QC,MONTREAL INTL,CAN_QC_Montreal.Intl.AP.716270_CWEC2020.zip
ERS-EX-25462-in.idf,Montreal Intl AP_QC,MONTREAL INTL,CAN_QC_Montreal.Intl.AP.716270_CWEC2020.zip
ERS-EX-25467-in.idf,Montreal St Hubert_QC,MONTREAL-ST-HUBERT,CAN_QC_Montreal.St.Hubert.713710_CWEC2020.zip
ERS-EX-25474-in.idf,Montreal St Hubert_QC,MONTREAL-ST-HUBERT,CAN_QC_Montreal.St.Hubert.713710_CWEC2020.zip
ERS-EX-25486-in.idf,Montreal Intl AP_QC,MONTREAL INTL,CAN_QC_Montreal.Intl.AP.716270_CWEC2020.zip
ERS-EX-25491-in.idf,Lennoxville_QC,LENNOXVILLE,CAN_QC_Lennoxville.716110_CWEC2020.zip
ERS-EX-25494-in.idf,Montreal Intl AP_QC,MONTREAL INTL,CAN_QC_Montreal.Intl.AP.716270_CWEC2020.zip
ERS-EX-25497-in.idf,Lennoxville_QC,LENNOXVILLE,CAN_QC_Lennoxville.716110_CWEC2020.zip
ERS-EX-25498-in.idf,Lennoxville_QC,LENNOXVILLE,CAN_QC_Lennoxville.716110_CWEC2020.zip
ERS-EX-25502-in.idf,Lennoxville_QC,LENNOXVILLE,CAN_QC_Lennoxville.716110_CWEC2020.zip
ERS-EX-25503-in.idf,Quebec Intl AP_QC,QUEBEC INTL,CAN_QC_Quebec.Intl.AP.717140_CWEC2020.zip
ERS-EX-25504-in.idf,Quebec Intl AP_QC,QUEBEC INTL,CAN_QC_Quebec.Intl.AP.717140_CWEC2020.zip
ERS-EX-25505-in.idf,Quebec Intl AP_QC,QUEBEC INTL,CAN_QC_Quebec.Intl.AP.717140_CWEC2020.zip
ERS-EX-25507-in.idf,Quebec Intl AP_QC,QUEBEC INTL,CAN_QC_Quebec.Intl.AP.717140_CWEC2020.zip
ERS-EX-25508-in.idf,Quebec Intl AP_QC,QUEBEC INTL,CAN_QC_Quebec.Intl.AP.717140_CWEC2020.zip
ERS-EX-25509-in.idf,Quebec Intl AP_QC,QUEBEC INTL,CAN_QC_Quebec.Intl.AP.717140_CWEC2020.zip
ERS-EX-25511-in.idf,Lennoxville_QC,LENNOXVILLE,CAN_QC_Lennoxville.716110_CWEC2020.zip
ERS-EX-25514-in.idf,Lennoxville_QC,LENNOXVILLE,CAN_QC_Lennoxville.716110_CWEC2020.zip
ERS-EX-25515-in.idf,Lennoxville_QC,LENNOXVILLE,CAN_QC_Lennoxville.716110_CWEC2020.zip
ERS-EX-25517-in.idf,Lennoxville_QC,LENNOXVILLE,CAN_QC_Lennoxville.716110_CWEC2020.zip
ERS-EX-25518-in.idf,Lennoxville_QC,LENNOXVILLE,CAN_QC_Lennoxville.716110_CWEC2020.zip
ERS-EX-25519-in.idf,Quebec Intl AP_QC,QUEBEC INTL,CAN_QC_Quebec.Intl.AP.717140_CWEC2020.zip
ERS-EX-25521-in.idf,Quebec Intl AP_QC,QUEBEC INTL,CAN_QC_Quebec.Intl.AP.717140_CWEC2020.zip
ERS-EX-25522-in.idf,Quebec Intl AP_QC,QUEBEC INTL,CAN_QC_Quebec.Intl.AP.717140_CWEC2020.zip
ERS-EX-25523-in.idf,Quebec Intl AP_QC,QUEBEC INTL,CAN_QC_Quebec.Intl.AP.717140_CWEC2020.zip
ERS-EX-25525-in.idf,Quebec Intl AP_QC,QUEBEC INTL,CAN_QC_Quebec.Intl.AP.717140_CWEC2020.zip
ERS-EX-25527-in.idf,Quebec Intl AP_QC,QUEBEC INTL,CAN_QC_Quebec.Intl.AP.717140_CWEC2020.zip
ERS-EX-25529-in.idf,Quebec Intl AP_QC,QUEBEC INTL,CAN_QC_Quebec.Intl.AP.717140_CWEC2020.zip
ERS-EX-25531-in.idf,Quebec Intl AP_QC,QUEBEC INTL,CAN_QC_Quebec.Intl.AP.717140_CWEC2020.zip
ERS-EX-25532-in.idf,Quebec Intl AP_QC,QUEBEC INTL,CAN_QC_Quebec.Intl.AP.717140_CWEC2020.zip
ERS-EX-25533-in.idf,Quebec Intl AP_QC,QUEBEC INTL,CAN_QC_Quebec.Intl.AP.717140_CWEC2020.zip
ERS-EX-25541-in.idf,Montreal Mirabel Intl AP_QC,MONTREAL MIRABEL  INTL,CAN_QC_Montreal.Mirabel.Intl.AP.CAN002_CWEC2020.zip
ERS-EX-25542-in.idf,Montreal Intl AP_QC,MONTREAL INTL,CAN_QC_Montreal.Intl.AP.716270_CWEC2020.zip
ERS-EX-25545-in.idf,Montreal Intl AP_QC,MONTREAL INTL,CAN_QC_Montreal.Intl.AP.716270_CWEC2020.zip
ERS-EX-25549-in.idf,Montreal Mirabel Intl AP_QC,MONTREAL MIRABEL  INTL,CAN_QC_Montreal.Mirabel.Intl.AP.CAN002_CWEC2020.zip
ERS-EX-25562-in.idf,Montreal Mirabel Intl AP_QC,MONTREAL MIRABEL  INTL,CAN_QC_Montreal.Mirabel.Intl.AP.CAN002_CWEC2020.zip
ERS-EX-25564-in.idf,Montreal Mirabel Intl AP_QC,MONTREAL MIRABEL  INTL,CAN_QC_Montreal.Mirabel.Intl.AP.CAN002_CWEC2020.zip
ERS-EX-25565-in.idf,Montreal Mirabel Intl AP_QC,MONTREAL MIRABEL  INTL,CAN_QC_Montreal.Mirabel.Intl.AP.CAN002_CWEC2020.zip
ERS-EX-25566-in.idf,Montreal Mirabel Intl AP_QC,MONTREAL MIRABEL  INTL,CAN_QC_Montreal.Mirabel.Intl.AP.CAN002_CWEC2020.zip
ERS-EX-25567-in.idf,Montreal Mirabel Intl AP_QC,MONTREAL MIRABEL  INTL,CAN_QC_Montreal.Mirabel.Intl.AP.CAN002_CWEC2020.zip
ERS-EX-25568-in.idf,Montreal Mirabel Intl AP_QC,MONTREAL MIRABEL  INTL,CAN_QC_Montreal.Mirabel.Intl.AP.CAN002_CWEC2020.zip
ERS-EX-25569-in.idf,Montreal Mirabel Intl AP_QC,MONTREAL MIRABEL  INTL,CAN_QC_Montreal.Mirabel.Intl.AP.CAN002_CWEC2020.zip
ERS-EX-25570-in.idf,Montreal Mirabel Intl AP_QC,MONTREAL MIRABEL  INTL,CAN_QC_Montreal.Mirabel.Intl.AP.CAN002_CWEC2020.zip
ERS-EX-25572-in.idf,Montreal Intl AP_QC,MONTREAL INTL,CAN_QC_Montreal.Intl.AP.716270_CWEC2020.zip
ERS-EX-25573-in.idf,Montreal Intl AP_QC,MONTREAL INTL,CAN_QC_Montreal.Intl.AP.716270_CWEC2020.zip
ERS-EX-25574-in.idf,Montreal Mirabel Intl AP_QC,MONTREAL MIRABEL  INTL,CAN_QC_Montreal.Mirabel.Intl.AP.CAN002_CWEC2020.zip
ERS-EX-2558-in.idf,Toronto Intl AP_ON,TORONTO INTL,CAN_ON_Toronto.Intl.AP.716240_CWEC2020.zip
ERS-EX-25581-in.idf,Montreal Mirabel Intl AP_QC,MONTREAL MIRABEL  INTL,CAN_QC_Montreal.Mirabel.Intl.AP.CAN002_CWEC2020.zip
ERS-EX-25583-in.idf,Montreal Mirabel Intl AP_QC,MONTREAL MIRABEL  INTL,CAN_QC_Montreal.Mirabel.Intl.AP.CAN002_CWEC2020.zip
ERS-EX-25587-in.idf,Montreal Mirabel Intl AP_QC,MONTREAL MIRABEL  INTL,CAN_QC_Montreal.Mirabel.Intl.AP.CAN002_CWEC2020.zip
ERS-EX-25588-in.idf,Montreal Mirabel Intl AP_QC,MONTREAL MIRABEL  INTL,CAN_QC_Montreal.Mirabel.Intl.AP.CAN002_CWEC2020.zip
ERS-EX-25589-in.idf,Montreal Mirabel Intl AP_QC,MONTREAL MIRABEL  INTL,CAN_QC_Montreal.Mirabel.Intl.AP.CAN002_CWEC2020.zip
ERS-EX-25591-in.idf,Montreal Mirabel Intl AP_QC,MONTREAL MIRABEL  INTL,CAN_QC_Montreal.Mirabel.Intl.AP.CAN002_CWEC2020.zip
ERS-EX-25593-in.idf,Montreal Mirabel Intl AP_QC,MONTREAL MIRABEL  INTL,CAN_QC_Montreal.Mirabel.Intl.AP.CAN002_CWEC2020.zip
ERS-EX-25595-in.idf,Montreal Mirabel Intl AP_QC,MONTREAL MIRABEL  INTL,CAN_QC_Montreal.Mirabel.Intl.AP.CAN002_CWEC2020.zip
ERS-EX-25596-in.idf,Montreal Intl AP_QC,MONTREAL INTL,CAN_QC_Montreal.Intl.AP.716270_CWEC2020.zip
ERS-EX-25600-in.idf,Montreal Mirabel Intl AP_QC,MONTREAL MIRABEL  INTL,CAN_QC_Montreal.Mirabel.Intl.AP.CAN002_CWEC2020.zip
ERS-EX-25601-in.idf,Montreal Mirabel Intl AP_QC,MONTREAL MIRABEL  INTL,CAN_QC_Montreal.Mirabel.Intl.AP.CAN002_CWEC2020.zip
ERS-EX-25604-in.idf,Montreal Mirabel Intl AP_QC,MONTREAL MIRABEL  INTL,CAN_QC_Montreal.Mirabel.Intl.AP.CAN002_CWEC2020.zip
ERS-EX-25605-in.idf,Montreal Intl AP_QC,MONTREAL INTL,CAN_QC_Montreal.Intl.AP.716270_CWEC2020.zip
ERS-EX-25607-in.idf,Montreal Intl AP_QC,MONTREAL INTL,CAN_QC_Montreal.Intl.AP.716270_CWEC2020.zip
ERS-EX-25608-in.idf,Montreal Intl AP_QC,MONTREAL INTL,CAN_QC_Montreal.Intl.AP.716270_CWEC2020.zip
ERS-EX-25609-in.idf,Montreal Intl AP_QC,MONTREAL INTL,CAN_QC_Montreal.Intl.AP.716270_CWEC2020.zip
ERS-EX-25610-in.idf,Montreal Intl AP_QC,MONTREAL INTL,CAN_QC_Montreal.Intl.AP.716270_CWEC2020.zip
ERS-EX-25611-in.idf,Montreal Intl AP_QC,MONTREAL INTL,CAN_QC_Montreal.Intl.AP.716270_CWEC2020.zip
ERS-EX-25612-in.idf,Montreal Intl AP_QC,MONTREAL INTL,CAN_QC_Montreal.Intl.AP.716270_CWEC2020.zip
ERS-EX-25613-in.idf,Montreal Intl AP_QC,MONTREAL INTL,CAN_QC_Montreal.Intl.AP.716270_CWEC2020.zip
ERS-EX-25621-in.idf,Quebec Intl AP_QC,QUEBEC INTL,CAN_QC_Quebec.Intl.AP.717140_CWEC2020.zip
ERS-EX-25622-in.idf,Quebec Intl AP_QC,QUEBEC INTL,CAN_QC_Quebec.Intl.AP.717140_CWEC2020.zip
ERS-EX-25626-in.idf,Quebec Intl AP_QC,QUEBEC INTL,CAN_QC_Quebec.Intl.AP.717140_CWEC2020.zip
ERS-EX-25627-in.idf,Quebec Intl AP_QC,QUEBEC INTL,CAN_QC_Quebec.Intl.AP.717140_CWEC2020.zip
ERS-EX-25631-in.idf,Quebec Intl AP_QC,QUEBEC INTL,CAN_QC_Quebec.Intl.AP.717140_CWEC2020.zip
ERS-EX-25636-in.idf,Montreal Intl AP_QC,MONTREAL INTL,CAN_QC_Montreal.Intl.AP.716270_CWEC2020.zip
ERS-EX-25638-in.idf,Montreal Intl AP_QC,MONTREAL INTL,CAN_QC_Montreal.Intl.AP.716270_CWEC2020.zip
ERS-EX-25639-in.idf,Montreal Mirabel Intl AP_QC,MONTREAL MIRABEL  INTL,CAN_QC_Montreal.Mirabel.Intl.AP.CAN002_CWEC2020.zip
ERS-EX-25640-in.idf,Montreal Mirabel Intl AP_QC,MONTREAL MIRABEL  INTL,CAN_QC_Montreal.Mirabel.Intl.AP.CAN002_CWEC2020.zip
ERS-EX-25642-in.idf,Montreal Intl AP_QC,MONTREAL INTL,CAN_QC_Montreal.Intl.AP.716270_CWEC2020.zip
ERS-EX-25646-in.idf,Montreal Mirabel Intl AP_QC,MONTREAL MIRABEL  INTL,CAN_QC_Montreal.Mirabel.Intl.AP.CAN002_CWEC2020.zip
ERS-EX-25647-in.idf,Montreal Mirabel Intl AP_QC,MONTREAL MIRABEL  INTL,CAN_QC_Montreal.Mirabel.Intl.AP.CAN002_CWEC2020.zip
ERS-EX-25648-in.idf,Montreal Mirabel Intl AP_QC,MONTREAL MIRABEL  INTL,CAN_QC_Montreal.Mirabel.Intl.AP.CAN002_CWEC2020.zip
ERS-EX-25649-in.idf,Montreal Mirabel Intl AP_QC,MONTREAL MIRABEL  INTL,CAN_QC_Montreal.Mirabel.Intl.AP.CAN002_CWEC2020.zip
ERS-EX-25662-in.idf,Montreal Intl AP_QC,MONTREAL INTL,CAN_QC_Montreal.Intl.AP.716270_CWEC2020.zip
ERS-EX-25666-in.idf,Montreal Mirabel Intl AP_QC,MONTREAL MIRABEL  INTL,CAN_QC_Montreal.Mirabel.Intl.AP.CAN002_CWEC2020.zip
ERS-EX-25672-in.idf,Montreal Mirabel Intl AP_QC,MONTREAL MIRABEL  INTL,CAN_QC_Montreal.Mirabel.Intl.AP.CAN002_CWEC2020.zip
ERS-EX-25673-in.idf,Montreal Mirabel Intl AP_QC,MONTREAL MIRABEL  INTL,CAN_QC_Montreal.Mirabel.Intl.AP.CAN002_CWEC2020.zip
ERS-EX-25675-in.idf,Montreal Intl AP_QC,MONTREAL INTL,CAN_QC_Montreal.Intl.AP.716270_CWEC2020.zip
ERS-EX-25682-in.idf,Montreal Mirabel Intl AP_QC,MONTREAL MIRABEL  INTL,CAN_QC_Montreal.Mirabel.Intl.AP.CAN002_CWEC2020.zip
ERS-EX-25683-in.idf,Montreal Mirabel Intl AP_QC,MONTREAL MIRABEL  INTL,CAN_QC_Montreal.Mirabel.Intl.AP.CAN002_CWEC2020.zip
ERS-EX-25690-in.idf,Montreal Intl AP_QC,MONTREAL INTL,CAN_QC_Montreal.Intl.AP.716270_CWEC2020.zip
ERS-EX-25691-in.idf,Montreal Mirabel Intl AP_QC,MONTREAL MIRABEL  INTL,CAN_QC_Montreal.Mirabel.Intl.AP.CAN002_CWEC2020.zip
ERS-EX-25692-in.idf,Montreal Mirabel Intl AP_QC,MONTREAL MIRABEL  INTL,CAN_QC_Montreal.Mirabel.Intl.AP.CAN002_CWEC2020.zip
ERS-EX-25701-in.idf,Montreal Intl AP_QC,MONTREAL INTL,CAN_QC_Montreal.Intl.AP.716270_CWEC2020.zip
ERS-EX-25704-in.idf,Montreal Mirabel Intl AP_QC,MONTREAL MIRABEL  INTL,CAN_QC_Montreal.Mirabel.Intl.AP.CAN002_CWEC2020.zip
ERS-EX-25707-in.idf,Montreal Mirabel Intl AP_QC,MONTREAL MIRABEL  INTL,CAN_QC_Montreal.Mirabel.Intl.AP.CAN002_CWEC2020.zip
ERS-EX-25712-in.idf,Montreal Mirabel Intl AP_QC,MONTREAL MIRABEL  INTL,CAN_QC_Montreal.Mirabel.Intl.AP.CAN002_CWEC2020.zip
ERS-EX-25713-in.idf,Montreal Mirabel Intl AP_QC,MONTREAL MIRABEL  INTL,CAN_QC_Montreal.Mirabel.Intl.AP.CAN002_CWEC2020.zip
ERS-EX-25715-in.idf,Montreal Mirabel Intl AP_QC,MONTREAL MIRABEL  INTL,CAN_QC_Montreal.Mirabel.Intl.AP.CAN002_CWEC2020.zip
ERS-EX-25716-in.idf,Montreal Mirabel Intl AP_QC,MONTREAL MIRABEL  INTL,CAN_QC_Montreal.Mirabel.Intl.AP.CAN002_CWEC2020.zip
ERS-EX-25722-in.idf,Montreal Mirabel Intl AP_QC,MONTREAL MIRABEL  INTL,CAN_QC_Montreal.Mirabel.Intl.AP.CAN002_CWEC2020.zip
ERS-EX-25724-in.idf,Montreal Mirabel Intl AP_QC,MONTREAL MIRABEL  INTL,CAN_QC_Montreal.Mirabel.Intl.AP.CAN002_CWEC2020.zip
ERS-EX-25729-in.idf,Montreal Mirabel Intl AP_QC,MONTREAL MIRABEL  INTL,CAN_QC_Montreal.Mirabel.Intl.AP.CAN002_CWEC2020.zip
ERS-EX-25736-in.idf,Montreal Mirabel Intl AP_QC,MONTREAL MIRABEL  INTL,CAN_QC_Montreal.Mirabel.Intl.AP.CAN002_CWEC2020.zip
ERS-EX-25738-in.idf,Montreal Mirabel Intl AP_QC,MONTREAL MIRABEL  INTL,CAN_QC_Montreal.Mirabel.Intl.AP.CAN002_CWEC2020.zip
ERS-EX-25740-in.idf,Montreal Mirabel Intl AP_QC,MONTREAL MIRABEL  INTL,CAN_QC_Montreal.Mirabel.Intl.AP.CAN002_CWEC2020.zip
ERS-EX-25742-in.idf,Montreal Mirabel Intl AP_QC,MONTREAL MIRABEL  INTL,CAN_QC_Montreal.Mirabel.Intl.AP.CAN002_CWEC2020.zip
ERS-EX-25746-in.idf,Montreal Mirabel Intl AP_QC,MONTREAL MIRABEL  INTL,CAN_QC_Montreal.Mirabel.Intl.AP.CAN002_CWEC2020.zip
ERS-EX-25754-in.idf,Montreal Mirabel Intl AP_QC,MONTREAL MIRABEL  INTL,CAN_QC_Montreal.Mirabel.Intl.AP.CAN002_CWEC2020.zip
ERS-EX-25756-in.idf,Montreal Intl AP_QC,MONTREAL INTL,CAN_QC_Montreal.Intl.AP.716270_CWEC2020.zip
ERS-EX-25766-in.idf,Montreal Intl AP_QC,MONTREAL INTL,CAN_QC_Montreal.Intl.AP.716270_CWEC2020.zip
ERS-EX-25769-in.idf,Montreal Intl AP_QC,MONTREAL INTL,CAN_QC_Montreal.Intl.AP.716270_CWEC2020.zip
ERS-EX-25771-in.idf,Montreal Intl AP_QC,MONTREAL INTL,CAN_QC_Montreal.Intl.AP.716270_CWEC2020.zip
ERS-EX-25772-in.idf,Montreal Intl AP_QC,MONTREAL INTL,CAN_QC_Montreal.Intl.AP.716270_CWEC2020.zip
ERS-EX-25779-in.idf,Montreal Intl AP_QC,MONTREAL INTL,CAN_QC_Montreal.Intl.AP.716270_CWEC2020.zip
ERS-EX-25783-in.idf,Montreal Intl AP_QC,MONTREAL INTL,CAN_QC_Montreal.Intl.AP.716270_CWEC2020.zip
ERS-EX-25784-in.idf,Montreal Mirabel Intl AP_QC,MONTREAL MIRABEL  INTL,CAN_QC_Montreal.Mirabel.Intl.AP.CAN002_CWEC2020.zip
ERS-EX-25786-in.idf,Montreal Intl AP_QC,MONTREAL INTL,CAN_QC_Montreal.Intl.AP.716270_CWEC2020.zip
ERS-EX-25794-in.idf,Montreal Intl AP_QC,MONTREAL INTL,CAN_QC_Montreal.Intl.AP.716270_CWEC2020.zip
ERS-EX-25795-in.idf,Montreal Intl AP_QC,MONTREAL INTL,CAN_QC_Montreal.Intl.AP.716270_CWEC2020.zip
ERS-EX-25805-in.idf,Montreal Intl AP_QC,MONTREAL INTL,CAN_QC_Montreal.Intl.AP.716270_CWEC2020.zip
ERS-EX-25810-in.idf,Montreal Intl AP_QC,MONTREAL INTL,CAN_QC_Montreal.Intl.AP.716270_CWEC2020.zip
ERS-EX-25811-in.idf,Montreal Intl AP_QC,MONTREAL INTL,CAN_QC_Montreal.Intl.AP.716270_CWEC2020.zip
ERS-EX-25821-in.idf,Montreal Intl AP_QC,MONTREAL INTL,CAN_QC_Montreal.Intl.AP.716270_CWEC2020.zip
ERS-EX-25823-in.idf,Montreal Intl AP_QC,MONTREAL INTL,CAN_QC_Montreal.Intl.AP.716270_CWEC2020.zip
ERS-EX-25828-in.idf,Montreal Intl AP_QC,MONTREAL INTL,CAN_QC_Montreal.Intl.AP.716270_CWEC2020.zip
ERS-EX-25840-in.idf,Montreal Intl AP_QC,MONTREAL INTL,CAN_QC_Montreal.Intl.AP.716270_CWEC2020.zip
ERS-EX-25841-in.idf,Montreal Intl AP_QC,MONTREAL INTL,CAN_QC_Montreal.Intl.AP.716270_CWEC2020.zip
ERS-EX-25844-in.idf,Montreal Intl AP_QC,MONTREAL INTL,CAN_QC_Montreal.Intl.AP.716270_CWEC2020.zip
ERS-EX-25858-in.idf,Montreal Intl AP_QC,MONTREAL INTL,CAN_QC_Montreal.Intl.AP.716270_CWEC2020.zip
ERS-EX-25859-in.idf,Montreal Intl AP_QC,MONTREAL INTL,CAN_QC_Montreal.Intl.AP.716270_CWEC2020.zip
ERS-EX-25864-in.idf,Montreal Intl AP_QC,MONTREAL INTL,CAN_QC_Montreal.Intl.AP.716270_CWEC2020.zip
ERS-EX-25866-in.idf,Montreal Intl AP_QC,MONTREAL INTL,CAN_QC_Montreal.Intl.AP.716270_CWEC2020.zip
ERS-EX-25871-in.idf,Montreal Intl AP_QC,MONTREAL INTL,CAN_QC_Montreal.Intl.AP.716270_CWEC2020.zip
ERS-EX-25874-in.idf,Montreal Intl AP_QC,MONTREAL INTL,CAN_QC_Montreal.Intl.AP.716270_CWEC2020.zip
ERS-EX-25878-in.idf,Montreal Intl AP_QC,MONTREAL INTL,CAN_QC_Montreal.Intl.AP.716270_CWEC2020.zip
ERS-EX-25882-in.idf,Montreal Intl AP_QC,MONTREAL INTL,CAN_QC_Montreal.Intl.AP.716270_CWEC2020.zip
ERS-EX-25883-in.idf,Montreal Intl AP_QC,MONTREAL INTL,CAN_QC_Montreal.Intl.AP.716270_CWEC2020.zip
ERS-EX-25888-in.idf,Montreal Intl AP_QC,MONTREAL INTL,CAN_QC_Montreal.Intl.AP.716270_CWEC2020.zip
ERS-EX-25895-in.idf,Montreal Intl AP_QC,MONTREAL INTL,CAN_QC_Montreal.Intl.AP.716270_CWEC2020.zip
ERS-EX-25897-in.idf,Montreal Intl AP_QC,MONTREAL INTL,CAN_QC_Montreal.Intl.AP.716270_CWEC2020.zip
ERS-EX-25902-in.idf,Montreal Intl AP_QC,MONTREAL INTL,CAN_QC_Montreal.Intl.AP.716270_CWEC2020.zip
ERS-EX-25925-in.idf,Montreal Intl AP_QC,MONTREAL INTL,CAN_QC_Montreal.Intl.AP.716270_CWEC2020.zip
ERS-EX-25928-in.idf,Montreal Intl AP_QC,MONTREAL INTL,CAN_QC_Montreal.Intl.AP.716270_CWEC2020.zip
ERS-EX-25929-in.idf,Montreal Intl AP_QC,MONTREAL INTL,CAN_QC_Montreal.Intl.AP.716270_CWEC2020.zip
ERS-EX-25930-in.idf,Montreal Intl AP_QC,MONTREAL INTL,CAN_QC_Montreal.Intl.AP.716270_CWEC2020.zip
ERS-EX-25931-in.idf,Montreal Intl AP_QC,MONTREAL INTL,CAN_QC_Montreal.Intl.AP.716270_CWEC2020.zip
ERS-EX-25951-in.idf,Montreal Intl AP_QC,MONTREAL INTL,CAN_QC_Montreal.Intl.AP.716270_CWEC2020.zip
ERS-EX-25952-in.idf,Montreal Mirabel Intl AP_QC,MONTREAL MIRABEL  INTL,CAN_QC_Montreal.Mirabel.Intl.AP.CAN002_CWEC2020.zip
ERS-EX-25975-in.idf,Montreal Intl AP_QC,MONTREAL INTL,CAN_QC_Montreal.Intl.AP.716270_CWEC2020.zip
ERS-EX-25976-in.idf,Montreal Intl AP_QC,MONTREAL INTL,CAN_QC_Montreal.Intl.AP.716270_CWEC2020.zip
ERS-EX-25981-in.idf,Montreal Intl AP_QC,MONTREAL INTL,CAN_QC_Montreal.Intl.AP.716270_CWEC2020.zip
ERS-EX-25982-in.idf,Montreal Intl AP_QC,MONTREAL INTL,CAN_QC_Montreal.Intl.AP.716270_CWEC2020.zip
ERS-EX-25984-in.idf,Montreal Intl AP_QC,MONTREAL INTL,CAN_QC_Montreal.Intl.AP.716270_CWEC2020.zip
ERS-EX-25985-in.idf,Montreal Intl AP_QC,MONTREAL INTL,CAN_QC_Montreal.Intl.AP.716270_CWEC2020.zip
ERS-EX-25989-in.idf,Montreal Intl AP_QC,MONTREAL INTL,CAN_QC_Montreal.Intl.AP.716270_CWEC2020.zip
ERS-EX-25995-in.idf,Montreal Intl AP_QC,MONTREAL INTL,CAN_QC_Montreal.Intl.AP.716270_CWEC2020.zip
ERS-EX-25996-in.idf,Montreal Intl AP_QC,MONTREAL INTL,CAN_QC_Montreal.Intl.AP.716270_CWEC2020.zip
ERS-EX-25998-in.idf,Montreal Intl AP_QC,MONTREAL INTL,CAN_QC_Montreal.Intl.AP.716270_CWEC2020.zip
ERS-EX-25999-in.idf,Montreal Intl AP_QC,MONTREAL INTL,CAN_QC_Montreal.Intl.AP.716270_CWEC2020.zip
ERS-EX-2600-in.idf,Toronto Intl AP_ON,TORONTO INTL,CAN_ON_Toronto.Intl.AP.716240_CWEC2020.zip
ERS-EX-26000-in.idf,Montreal Intl AP_QC,MONTREAL INTL,CAN_QC_Montreal.Intl.AP.716270_CWEC2020.zip
ERS-EX-26001-in.idf,Montreal Intl AP_QC,MONTREAL INTL,CAN_QC_Montreal.Intl.AP.716270_CWEC2020.zip
ERS-EX-26003-in.idf,Montreal Intl AP_QC,MONTREAL INTL,CAN_QC_Montreal.Intl.AP.716270_CWEC2020.zip
ERS-EX-26010-in.idf,Montreal Intl AP_QC,MONTREAL INTL,CAN_QC_Montreal.Intl.AP.716270_CWEC2020.zip
ERS-EX-26011-in.idf,Montreal Intl AP_QC,MONTREAL INTL,CAN_QC_Montreal.Intl.AP.716270_CWEC2020.zip
ERS-EX-26012-in.idf,Montreal Intl AP_QC,MONTREAL INTL,CAN_QC_Montreal.Intl.AP.716270_CWEC2020.zip
ERS-EX-26013-in.idf,Montreal Intl AP_QC,MONTREAL INTL,CAN_QC_Montreal.Intl.AP.716270_CWEC2020.zip
ERS-EX-26018-in.idf,Montreal Intl AP_QC,MONTREAL INTL,CAN_QC_Montreal.Intl.AP.716270_CWEC2020.zip
ERS-EX-26020-in.idf,Montreal Intl AP_QC,MONTREAL INTL,CAN_QC_Montreal.Intl.AP.716270_CWEC2020.zip
ERS-EX-26021-in.idf,Montreal Intl AP_QC,MONTREAL INTL,CAN_QC_Montreal.Intl.AP.716270_CWEC2020.zip
ERS-EX-26022-in.idf,Montreal Intl AP_QC,MONTREAL INTL,CAN_QC_Montreal.Intl.AP.716270_CWEC2020.zip
ERS-EX-26023-in.idf,Montreal Intl AP_QC,MONTREAL INTL,CAN_QC_Montreal.Intl.AP.716270_CWEC2020.zip
ERS-EX-26024-in.idf,Montreal Intl AP_QC,MONTREAL INTL,CAN_QC_Montreal.Intl.AP.716270_CWEC2020.zip
ERS-EX-26025-in.idf,Montreal Intl AP_QC,MONTREAL INTL,CAN_QC_Montreal.Intl.AP.716270_CWEC2020.zip
ERS-EX-26027-in.idf,Montreal Intl AP_QC,MONTREAL INTL,CAN_QC_Montreal.Intl.AP.716270_CWEC2020.zip
ERS-EX-26028-in.idf,Montreal Intl AP_QC,MONTREAL INTL,CAN_QC_Montreal.Intl.AP.716270_CWEC2020.zip
ERS-EX-26042-in.idf,Montreal Intl AP_QC,MONTREAL INTL,CAN_QC_Montreal.Intl.AP.716270_CWEC2020.zip
ERS-EX-26046-in.idf,Montreal Intl AP_QC,MONTREAL INTL,CAN_QC_Montreal.Intl.AP.716270_CWEC2020.zip
ERS-EX-26051-in.idf,Montreal Intl AP_QC,MONTREAL INTL,CAN_QC_Montreal.Intl.AP.716270_CWEC2020.zip
ERS-EX-26052-in.idf,Montreal Intl AP_QC,MONTREAL INTL,CAN_QC_Montreal.Intl.AP.716270_CWEC2020.zip
ERS-EX-26054-in.idf,Montreal Intl AP_QC,MONTREAL INTL,CAN_QC_Montreal.Intl.AP.716270_CWEC2020.zip
ERS-EX-26055-in.idf,Montreal Intl AP_QC,MONTREAL INTL,CAN_QC_Montreal.Intl.AP.716270_CWEC2020.zip
ERS-EX-26062-in.idf,Montreal Intl AP_QC,MONTREAL INTL,CAN_QC_Montreal.Intl.AP.716270_CWEC2020.zip
ERS-EX-26070-in.idf,Montreal Intl AP_QC,MONTREAL INTL,CAN_QC_Montreal.Intl.AP.716270_CWEC2020.zip
ERS-EX-26071-in.idf,Montreal Intl AP_QC,MONTREAL INTL,CAN_QC_Montreal.Intl.AP.716270_CWEC2020.zip
ERS-EX-26072-in.idf,Montreal Intl AP_QC,MONTREAL INTL,CAN_QC_Montreal.Intl.AP.716270_CWEC2020.zip
ERS-EX-26073-in.idf,Montreal Intl AP_QC,MONTREAL INTL,CAN_QC_Montreal.Intl.AP.716270_CWEC2020.zip
ERS-EX-26077-in.idf,Montreal Intl AP_QC,MONTREAL INTL,CAN_QC_Montreal.Intl.AP.716270_CWEC2020.zip
ERS-EX-26079-in.idf,Montreal Intl AP_QC,MONTREAL INTL,CAN_QC_Montreal.Intl.AP.716270_CWEC2020.zip
ERS-EX-26082-in.idf,Montreal Intl AP_QC,MONTREAL INTL,CAN_QC_Montreal.Intl.AP.716270_CWEC2020.zip
ERS-EX-26083-in.idf,Montreal Intl AP_QC,MONTREAL INTL,CAN_QC_Montreal.Intl.AP.716270_CWEC2020.zip
ERS-EX-26088-in.idf,Montreal Intl AP_QC,MONTREAL INTL,CAN_QC_Montreal.Intl.AP.716270_CWEC2020.zip
ERS-EX-26089-in.idf,Montreal Intl AP_QC,MONTREAL INTL,CAN_QC_Montreal.Intl.AP.716270_CWEC2020.zip
ERS-EX-26090-in.idf,Montreal Intl AP_QC,MONTREAL INTL,CAN_QC_Montreal.Intl.AP.716270_CWEC2020.zip
ERS-EX-26091-in.idf,Montreal Intl AP_QC,MONTREAL INTL,CAN_QC_Montreal.Intl.AP.716270_CWEC2020.zip
ERS-EX-26092-in.idf,Montreal Intl AP_QC,MONTREAL INTL,CAN_QC_Montreal.Intl.AP.716270_CWEC2020.zip
ERS-EX-26099-in.idf,Quebec Intl AP_QC,QUEBEC INTL,CAN_QC_Quebec.Intl.AP.717140_CWEC2020.zip
ERS-EX-2610-in.idf,Toronto City Centre_ON,TORONTO CITY CENTRE,CAN_ON_Toronto.City.Centre.712650_CWEC2020.zip
ERS-EX-26100-in.idf,Quebec Intl AP_QC,QUEBEC INTL,CAN_QC_Quebec.Intl.AP.717140_CWEC2020.zip
ERS-EX-26101-in.idf,Quebec Intl AP_QC,QUEBEC INTL,CAN_QC_Quebec.Intl.AP.717140_CWEC2020.zip
ERS-EX-26102-in.idf,Quebec Intl AP_QC,QUEBEC INTL,CAN_QC_Quebec.Intl.AP.717140_CWEC2020.zip
ERS-EX-26103-in.idf,Quebec Intl AP_QC,QUEBEC INTL,CAN_QC_Quebec.Intl.AP.717140_CWEC2020.zip
ERS-EX-26106-in.idf,Mont Joli AP_QC,MONT JOLI,CAN_QC_Mont.Joli.AP.717180_CWEC2020.zip
ERS-EX-26108-in.idf,Mont Joli AP_QC,MONT JOLI,CAN_QC_Mont.Joli.AP.717180_CWEC2020.zip
ERS-EX-26109-in.idf,Mont Joli AP_QC,MONT JOLI,CAN_QC_Mont.Joli.AP.717180_CWEC2020.zip
ERS-EX-26110-in.idf,Mont Joli AP_QC,MONT JOLI,CAN_QC_Mont.Joli.AP.717180_CWEC2020.zip
ERS-EX-26111-in.idf,Mont Joli AP_QC,MONT JOLI,CAN_QC_Mont.Joli.AP.717180_CWEC2020.zip
ERS-EX-26112-in.idf,Mont Joli AP_QC,MONT JOLI,CAN_QC_Mont.Joli.AP.717180_CWEC2020.zip
ERS-EX-26113-in.idf,Mont Joli AP_QC,MONT JOLI,CAN_QC_Mont.Joli.AP.717180_CWEC2020.zip
ERS-EX-26116-in.idf,Mont Joli AP_QC,MONT JOLI,CAN_QC_Mont.Joli.AP.717180_CWEC2020.zip
ERS-EX-26117-in.idf,Mont Joli AP_QC,MONT JOLI,CAN_QC_Mont.Joli.AP.717180_CWEC2020.zip
ERS-EX-26118-in.idf,Mont Joli AP_QC,MONT JOLI,CAN_QC_Mont.Joli.AP.717180_CWEC2020.zip
ERS-EX-26119-in.idf,Mont Joli AP_QC,MONT JOLI,CAN_QC_Mont.Joli.AP.717180_CWEC2020.zip
ERS-EX-26122-in.idf,Quebec Intl AP_QC,QUEBEC INTL,CAN_QC_Quebec.Intl.AP.717140_CWEC2020.zip
ERS-EX-26127-in.idf,Montreal Intl AP_QC,MONTREAL INTL,CAN_QC_Montreal.Intl.AP.716270_CWEC2020.zip
ERS-EX-26128-in.idf,Montreal Intl AP_QC,MONTREAL INTL,CAN_QC_Montreal.Intl.AP.716270_CWEC2020.zip
ERS-EX-26131-in.idf,Montreal Intl AP_QC,MONTREAL INTL,CAN_QC_Montreal.Intl.AP.716270_CWEC2020.zip
ERS-EX-26134-in.idf,Montreal Intl AP_QC,MONTREAL INTL,CAN_QC_Montreal.Intl.AP.716270_CWEC2020.zip
ERS-EX-26137-in.idf,Montreal Intl AP_QC,MONTREAL INTL,CAN_QC_Montreal.Intl.AP.716270_CWEC2020.zip
ERS-EX-26139-in.idf,Montreal Intl AP_QC,MONTREAL INTL,CAN_QC_Montreal.Intl.AP.716270_CWEC2020.zip
ERS-EX-26144-in.idf,Montreal Intl AP_QC,MONTREAL INTL,CAN_QC_Montreal.Intl.AP.716270_CWEC2020.zip
ERS-EX-26147-in.idf,Montreal Intl AP_QC,MONTREAL INTL,CAN_QC_Montreal.Intl.AP.716270_CWEC2020.zip
ERS-EX-26148-in.idf,Montreal Intl AP_QC,MONTREAL INTL,CAN_QC_Montreal.Intl.AP.716270_CWEC2020.zip
ERS-EX-26149-in.idf,Montreal Intl AP_QC,MONTREAL INTL,CAN_QC_Montreal.Intl.AP.716270_CWEC2020.zip
ERS-EX-26156-in.idf,Montreal Intl AP_QC,MONTREAL INTL,CAN_QC_Montreal.Intl.AP.716270_CWEC2020.zip
ERS-EX-26158-in.idf,Montreal Intl AP_QC,MONTREAL INTL,CAN_QC_Montreal.Intl.AP.716270_CWEC2020.zip
ERS-EX-26159-in.idf,Montreal Intl AP_QC,MONTREAL INTL,CAN_QC_Montreal.Intl.AP.716270_CWEC2020.zip
ERS-EX-26162-in.idf,Montreal Intl AP_QC,MONTREAL INTL,CAN_QC_Montreal.Intl.AP.716270_CWEC2020.zip
ERS-EX-26163-in.idf,Montreal Intl AP_QC,MONTREAL INTL,CAN_QC_Montreal.Intl.AP.716270_CWEC2020.zip
ERS-EX-26167-in.idf,Montreal Intl AP_QC,MONTREAL INTL,CAN_QC_Montreal.Intl.AP.716270_CWEC2020.zip
ERS-EX-26168-in.idf,Montreal Intl AP_QC,MONTREAL INTL,CAN_QC_Montreal.Intl.AP.716270_CWEC2020.zip
ERS-EX-26169-in.idf,Montreal Intl AP_QC,MONTREAL INTL,CAN_QC_Montreal.Intl.AP.716270_CWEC2020.zip
ERS-EX-2617-in.idf,Toronto City Centre_ON,TORONTO CITY CENTRE,CAN_ON_Toronto.City.Centre.712650_CWEC2020.zip
ERS-EX-26170-in.idf,Montreal Intl AP_QC,MONTREAL INTL,CAN_QC_Montreal.Intl.AP.716270_CWEC2020.zip
ERS-EX-26172-in.idf,Montreal Intl AP_QC,MONTREAL INTL,CAN_QC_Montreal.Intl.AP.716270_CWEC2020.zip
ERS-EX-26179-in.idf,Montreal Intl AP_QC,MONTREAL INTL,CAN_QC_Montreal.Intl.AP.716270_CWEC2020.zip
ERS-EX-26180-in.idf,Montreal Intl AP_QC,MONTREAL INTL,CAN_QC_Montreal.Intl.AP.716270_CWEC2020.zip
ERS-EX-26181-in.idf,Montreal Intl AP_QC,MONTREAL INTL,CAN_QC_Montreal.Intl.AP.716270_CWEC2020.zip
ERS-EX-26187-in.idf,Montreal Intl AP_QC,MONTREAL INTL,CAN_QC_Montreal.Intl.AP.716270_CWEC2020.zip
ERS-EX-26189-in.idf,Montreal Intl AP_QC,MONTREAL INTL,CAN_QC_Montreal.Intl.AP.716270_CWEC2020.zip
ERS-EX-26190-in.idf,Montreal Intl AP_QC,MONTREAL INTL,CAN_QC_Montreal.Intl.AP.716270_CWEC2020.zip
ERS-EX-26191-in.idf,Montreal Intl AP_QC,MONTREAL INTL,CAN_QC_Montreal.Intl.AP.716270_CWEC2020.zip
ERS-EX-26192-in.idf,Montreal Intl AP_QC,MONTREAL INTL,CAN_QC_Montreal.Intl.AP.716270_CWEC2020.zip
ERS-EX-26193-in.idf,Montreal Intl AP_QC,MONTREAL INTL,CAN_QC_Montreal.Intl.AP.716270_CWEC2020.zip
ERS-EX-26195-in.idf,Montreal Intl AP_QC,MONTREAL INTL,CAN_QC_Montreal.Intl.AP.716270_CWEC2020.zip
ERS-EX-26197-in.idf,Montreal Intl AP_QC,MONTREAL INTL,CAN_QC_Montreal.Intl.AP.716270_CWEC2020.zip
ERS-EX-26200-in.idf,Montreal Intl AP_QC,MONTREAL INTL,CAN_QC_Montreal.Intl.AP.716270_CWEC2020.zip
ERS-EX-26204-in.idf,Montreal Intl AP_QC,MONTREAL INTL,CAN_QC_Montreal.Intl.AP.716270_CWEC2020.zip
ERS-EX-26207-in.idf,Montreal Intl AP_QC,MONTREAL INTL,CAN_QC_Montreal.Intl.AP.716270_CWEC2020.zip
ERS-EX-26210-in.idf,Montreal Intl AP_QC,MONTREAL INTL,CAN_QC_Montreal.Intl.AP.716270_CWEC2020.zip
ERS-EX-26211-in.idf,Montreal Intl AP_QC,MONTREAL INTL,CAN_QC_Montreal.Intl.AP.716270_CWEC2020.zip
ERS-EX-26212-in.idf,Montreal Intl AP_QC,MONTREAL INTL,CAN_QC_Montreal.Intl.AP.716270_CWEC2020.zip
ERS-EX-26217-in.idf,Montreal Intl AP_QC,MONTREAL INTL,CAN_QC_Montreal.Intl.AP.716270_CWEC2020.zip
ERS-EX-26219-in.idf,Montreal Intl AP_QC,MONTREAL INTL,CAN_QC_Montreal.Intl.AP.716270_CWEC2020.zip
ERS-EX-26221-in.idf,Montreal Intl AP_QC,MONTREAL INTL,CAN_QC_Montreal.Intl.AP.716270_CWEC2020.zip
ERS-EX-26223-in.idf,Montreal Intl AP_QC,MONTREAL INTL,CAN_QC_Montreal.Intl.AP.716270_CWEC2020.zip
ERS-EX-26224-in.idf,Montreal Intl AP_QC,MONTREAL INTL,CAN_QC_Montreal.Intl.AP.716270_CWEC2020.zip
ERS-EX-26226-in.idf,Montreal Intl AP_QC,MONTREAL INTL,CAN_QC_Montreal.Intl.AP.716270_CWEC2020.zip
ERS-EX-26233-in.idf,Montreal Intl AP_QC,MONTREAL INTL,CAN_QC_Montreal.Intl.AP.716270_CWEC2020.zip
ERS-EX-26234-in.idf,Montreal Intl AP_QC,MONTREAL INTL,CAN_QC_Montreal.Intl.AP.716270_CWEC2020.zip
ERS-EX-26235-in.idf,Montreal Intl AP_QC,MONTREAL INTL,CAN_QC_Montreal.Intl.AP.716270_CWEC2020.zip
ERS-EX-26236-in.idf,Montreal Intl AP_QC,MONTREAL INTL,CAN_QC_Montreal.Intl.AP.716270_CWEC2020.zip
ERS-EX-26238-in.idf,Montreal Intl AP_QC,MONTREAL INTL,CAN_QC_Montreal.Intl.AP.716270_CWEC2020.zip
ERS-EX-26241-in.idf,Quebec Intl AP_QC,QUEBEC INTL,CAN_QC_Quebec.Intl.AP.717140_CWEC2020.zip
ERS-EX-26244-in.idf,Montreal Intl AP_QC,MONTREAL INTL,CAN_QC_Montreal.Intl.AP.716270_CWEC2020.zip
ERS-EX-26245-in.idf,Montreal Intl AP_QC,MONTREAL INTL,CAN_QC_Montreal.Intl.AP.716270_CWEC2020.zip
ERS-EX-26249-in.idf,Montreal Intl AP_QC,MONTREAL INTL,CAN_QC_Montreal.Intl.AP.716270_CWEC2020.zip
ERS-EX-2625-in.idf,Toronto Intl AP_ON,TORONTO INTL,CAN_ON_Toronto.Intl.AP.716240_CWEC2020.zip
ERS-EX-26255-in.idf,Montreal Intl AP_QC,MONTREAL INTL,CAN_QC_Montreal.Intl.AP.716270_CWEC2020.zip
ERS-EX-26258-in.idf,Montreal Intl AP_QC,MONTREAL INTL,CAN_QC_Montreal.Intl.AP.716270_CWEC2020.zip
ERS-EX-26262-in.idf,Montreal Intl AP_QC,MONTREAL INTL,CAN_QC_Montreal.Intl.AP.716270_CWEC2020.zip
ERS-EX-26263-in.idf,Montreal Intl AP_QC,MONTREAL INTL,CAN_QC_Montreal.Intl.AP.716270_CWEC2020.zip
ERS-EX-26265-in.idf,Montreal Intl AP_QC,MONTREAL INTL,CAN_QC_Montreal.Intl.AP.716270_CWEC2020.zip
ERS-EX-26266-in.idf,Montreal Intl AP_QC,MONTREAL INTL,CAN_QC_Montreal.Intl.AP.716270_CWEC2020.zip
ERS-EX-2627-in.idf,Toronto Intl AP_ON,TORONTO INTL,CAN_ON_Toronto.Intl.AP.716240_CWEC2020.zip
ERS-EX-26270-in.idf,Montreal Intl AP_QC,MONTREAL INTL,CAN_QC_Montreal.Intl.AP.716270_CWEC2020.zip
ERS-EX-26271-in.idf,Montreal Intl AP_QC,MONTREAL INTL,CAN_QC_Montreal.Intl.AP.716270_CWEC2020.zip
ERS-EX-26272-in.idf,Montreal Intl AP_QC,MONTREAL INTL,CAN_QC_Montreal.Intl.AP.716270_CWEC2020.zip
ERS-EX-26273-in.idf,Montreal Intl AP_QC,MONTREAL INTL,CAN_QC_Montreal.Intl.AP.716270_CWEC2020.zip
ERS-EX-26276-in.idf,Montreal Intl AP_QC,MONTREAL INTL,CAN_QC_Montreal.Intl.AP.716270_CWEC2020.zip
ERS-EX-26278-in.idf,Montreal Intl AP_QC,MONTREAL INTL,CAN_QC_Montreal.Intl.AP.716270_CWEC2020.zip
ERS-EX-26279-in.idf,Montreal Intl AP_QC,MONTREAL INTL,CAN_QC_Montreal.Intl.AP.716270_CWEC2020.zip
ERS-EX-26280-in.idf,Montreal Intl AP_QC,MONTREAL INTL,CAN_QC_Montreal.Intl.AP.716270_CWEC2020.zip
ERS-EX-26281-in.idf,Montreal Intl AP_QC,MONTREAL INTL,CAN_QC_Montreal.Intl.AP.716270_CWEC2020.zip
ERS-EX-26285-in.idf,Montreal Intl AP_QC,MONTREAL INTL,CAN_QC_Montreal.Intl.AP.716270_CWEC2020.zip
ERS-EX-26288-in.idf,Montreal Intl AP_QC,MONTREAL INTL,CAN_QC_Montreal.Intl.AP.716270_CWEC2020.zip
ERS-EX-26289-in.idf,Montreal Intl AP_QC,MONTREAL INTL,CAN_QC_Montreal.Intl.AP.716270_CWEC2020.zip
ERS-EX-26290-in.idf,Montreal Intl AP_QC,MONTREAL INTL,CAN_QC_Montreal.Intl.AP.716270_CWEC2020.zip
ERS-EX-26294-in.idf,Montreal Intl AP_QC,MONTREAL INTL,CAN_QC_Montreal.Intl.AP.716270_CWEC2020.zip
ERS-EX-26295-in.idf,Quebec Intl AP_QC,QUEBEC INTL,CAN_QC_Quebec.Intl.AP.717140_CWEC2020.zip
ERS-EX-26296-in.idf,Montreal Intl AP_QC,MONTREAL INTL,CAN_QC_Montreal.Intl.AP.716270_CWEC2020.zip
ERS-EX-26298-in.idf,Quebec Intl AP_QC,QUEBEC INTL,CAN_QC_Quebec.Intl.AP.717140_CWEC2020.zip
ERS-EX-26299-in.idf,Montreal Intl AP_QC,MONTREAL INTL,CAN_QC_Montreal.Intl.AP.716270_CWEC2020.zip
ERS-EX-26309-in.idf,Montreal Intl AP_QC,MONTREAL INTL,CAN_QC_Montreal.Intl.AP.716270_CWEC2020.zip
ERS-EX-26313-in.idf,Montreal Intl AP_QC,MONTREAL INTL,CAN_QC_Montreal.Intl.AP.716270_CWEC2020.zip
ERS-EX-26314-in.idf,Montreal Intl AP_QC,MONTREAL INTL,CAN_QC_Montreal.Intl.AP.716270_CWEC2020.zip
ERS-EX-26315-in.idf,Montreal Intl AP_QC,MONTREAL INTL,CAN_QC_Montreal.Intl.AP.716270_CWEC2020.zip
ERS-EX-26316-in.idf,Montreal Intl AP_QC,MONTREAL INTL,CAN_QC_Montreal.Intl.AP.716270_CWEC2020.zip
ERS-EX-26317-in.idf,Montreal Intl AP_QC,MONTREAL INTL,CAN_QC_Montreal.Intl.AP.716270_CWEC2020.zip
ERS-EX-26319-in.idf,Montreal Intl AP_QC,MONTREAL INTL,CAN_QC_Montreal.Intl.AP.716270_CWEC2020.zip
ERS-EX-26321-in.idf,Montreal Intl AP_QC,MONTREAL INTL,CAN_QC_Montreal.Intl.AP.716270_CWEC2020.zip
ERS-EX-26323-in.idf,Montreal Intl AP_QC,MONTREAL INTL,CAN_QC_Montreal.Intl.AP.716270_CWEC2020.zip
ERS-EX-26325-in.idf,Montreal Intl AP_QC,MONTREAL INTL,CAN_QC_Montreal.Intl.AP.716270_CWEC2020.zip
ERS-EX-26330-in.idf,Montreal Intl AP_QC,MONTREAL INTL,CAN_QC_Montreal.Intl.AP.716270_CWEC2020.zip
ERS-EX-26334-in.idf,Montreal Intl AP_QC,MONTREAL INTL,CAN_QC_Montreal.Intl.AP.716270_CWEC2020.zip
ERS-EX-26335-in.idf,Montreal Intl AP_QC,MONTREAL INTL,CAN_QC_Montreal.Intl.AP.716270_CWEC2020.zip
ERS-EX-26338-in.idf,Montreal Intl AP_QC,MONTREAL INTL,CAN_QC_Montreal.Intl.AP.716270_CWEC2020.zip
ERS-EX-26341-in.idf,Montreal Intl AP_QC,MONTREAL INTL,CAN_QC_Montreal.Intl.AP.716270_CWEC2020.zip
ERS-EX-26342-in.idf,Montreal Intl AP_QC,MONTREAL INTL,CAN_QC_Montreal.Intl.AP.716270_CWEC2020.zip
ERS-EX-26343-in.idf,Montreal Intl AP_QC,MONTREAL INTL,CAN_QC_Montreal.Intl.AP.716270_CWEC2020.zip
ERS-EX-26344-in.idf,Montreal Intl AP_QC,MONTREAL INTL,CAN_QC_Montreal.Intl.AP.716270_CWEC2020.zip
ERS-EX-26345-in.idf,Montreal Intl AP_QC,MONTREAL INTL,CAN_QC_Montreal.Intl.AP.716270_CWEC2020.zip
ERS-EX-26348-in.idf,Montreal Intl AP_QC,MONTREAL INTL,CAN_QC_Montreal.Intl.AP.716270_CWEC2020.zip
ERS-EX-2635-in.idf,Toronto City Centre_ON,TORONTO CITY CENTRE,CAN_ON_Toronto.City.Centre.712650_CWEC2020.zip
ERS-EX-26351-in.idf,Montreal Intl AP_QC,MONTREAL INTL,CAN_QC_Montreal.Intl.AP.716270_CWEC2020.zip
ERS-EX-26352-in.idf,Montreal Intl AP_QC,MONTREAL INTL,CAN_QC_Montreal.Intl.AP.716270_CWEC2020.zip
ERS-EX-26353-in.idf,Montreal Intl AP_QC,MONTREAL INTL,CAN_QC_Montreal.Intl.AP.716270_CWEC2020.zip
ERS-EX-26357-in.idf,Montreal Intl AP_QC,MONTREAL INTL,CAN_QC_Montreal.Intl.AP.716270_CWEC2020.zip
ERS-EX-26360-in.idf,Montreal Intl AP_QC,MONTREAL INTL,CAN_QC_Montreal.Intl.AP.716270_CWEC2020.zip
ERS-EX-26361-in.idf,Montreal Intl AP_QC,MONTREAL INTL,CAN_QC_Montreal.Intl.AP.716270_CWEC2020.zip
ERS-EX-26364-in.idf,Montreal Intl AP_QC,MONTREAL INTL,CAN_QC_Montreal.Intl.AP.716270_CWEC2020.zip
ERS-EX-26366-in.idf,Montreal Intl AP_QC,MONTREAL INTL,CAN_QC_Montreal.Intl.AP.716270_CWEC2020.zip
ERS-EX-26368-in.idf,Montreal Intl AP_QC,MONTREAL INTL,CAN_QC_Montreal.Intl.AP.716270_CWEC2020.zip
ERS-EX-26369-in.idf,Montreal Intl AP_QC,MONTREAL INTL,CAN_QC_Montreal.Intl.AP.716270_CWEC2020.zip
ERS-EX-26370-in.idf,Montreal Intl AP_QC,MONTREAL INTL,CAN_QC_Montreal.Intl.AP.716270_CWEC2020.zip
ERS-EX-26371-in.idf,Montreal Intl AP_QC,MONTREAL INTL,CAN_QC_Montreal.Intl.AP.716270_CWEC2020.zip
ERS-EX-26372-in.idf,Montreal St Hubert_QC,MONTREAL-ST-HUBERT,CAN_QC_Montreal.St.Hubert.713710_CWEC2020.zip
ERS-EX-26378-in.idf,Montreal Intl AP_QC,MONTREAL INTL,CAN_QC_Montreal.Intl.AP.716270_CWEC2020.zip
ERS-EX-26379-in.idf,Montreal Intl AP_QC,MONTREAL INTL,CAN_QC_Montreal.Intl.AP.716270_CWEC2020.zip
ERS-EX-26381-in.idf,Montreal Intl AP_QC,MONTREAL INTL,CAN_QC_Montreal.Intl.AP.716270_CWEC2020.zip
ERS-EX-26384-in.idf,Montreal Intl AP_QC,MONTREAL INTL,CAN_QC_Montreal.Intl.AP.716270_CWEC2020.zip
ERS-EX-26389-in.idf,Montreal Intl AP_QC,MONTREAL INTL,CAN_QC_Montreal.Intl.AP.716270_CWEC2020.zip
ERS-EX-26401-in.idf,Montreal Intl AP_QC,MONTREAL INTL,CAN_QC_Montreal.Intl.AP.716270_CWEC2020.zip
ERS-EX-26403-in.idf,Montreal Mirabel Intl AP_QC,MONTREAL MIRABEL  INTL,CAN_QC_Montreal.Mirabel.Intl.AP.CAN002_CWEC2020.zip
ERS-EX-26404-in.idf,Montreal Mirabel Intl AP_QC,MONTREAL MIRABEL  INTL,CAN_QC_Montreal.Mirabel.Intl.AP.CAN002_CWEC2020.zip
ERS-EX-26408-in.idf,Montreal Mirabel Intl AP_QC,MONTREAL MIRABEL  INTL,CAN_QC_Montreal.Mirabel.Intl.AP.CAN002_CWEC2020.zip
ERS-EX-26409-in.idf,Montreal Intl AP_QC,MONTREAL INTL,CAN_QC_Montreal.Intl.AP.716270_CWEC2020.zip
ERS-EX-26411-in.idf,Montreal Intl AP_QC,MONTREAL INTL,CAN_QC_Montreal.Intl.AP.716270_CWEC2020.zip
ERS-EX-26412-in.idf,Montreal Intl AP_QC,MONTREAL INTL,CAN_QC_Montreal.Intl.AP.716270_CWEC2020.zip
ERS-EX-26413-in.idf,Montreal Intl AP_QC,MONTREAL INTL,CAN_QC_Montreal.Intl.AP.716270_CWEC2020.zip
ERS-EX-26414-in.idf,Montreal Intl AP_QC,MONTREAL INTL,CAN_QC_Montreal.Intl.AP.716270_CWEC2020.zip
ERS-EX-26416-in.idf,Montreal Intl AP_QC,MONTREAL INTL,CAN_QC_Montreal.Intl.AP.716270_CWEC2020.zip
ERS-EX-26417-in.idf,Montreal Intl AP_QC,MONTREAL INTL,CAN_QC_Montreal.Intl.AP.716270_CWEC2020.zip
ERS-EX-26418-in.idf,Montreal Intl AP_QC,MONTREAL INTL,CAN_QC_Montreal.Intl.AP.716270_CWEC2020.zip
ERS-EX-26419-in.idf,Montreal Intl AP_QC,MONTREAL INTL,CAN_QC_Montreal.Intl.AP.716270_CWEC2020.zip
ERS-EX-26420-in.idf,Montreal Intl AP_QC,MONTREAL INTL,CAN_QC_Montreal.Intl.AP.716270_CWEC2020.zip
ERS-EX-26421-in.idf,Montreal Intl AP_QC,MONTREAL INTL,CAN_QC_Montreal.Intl.AP.716270_CWEC2020.zip
ERS-EX-26422-in.idf,Montreal Intl AP_QC,MONTREAL INTL,CAN_QC_Montreal.Intl.AP.716270_CWEC2020.zip
ERS-EX-26423-in.idf,Montreal Intl AP_QC,MONTREAL INTL,CAN_QC_Montreal.Intl.AP.716270_CWEC2020.zip
ERS-EX-26424-in.idf,Montreal Intl AP_QC,MONTREAL INTL,CAN_QC_Montreal.Intl.AP.716270_CWEC2020.zip
ERS-EX-26425-in.idf,Montreal Intl AP_QC,MONTREAL INTL,CAN_QC_Montreal.Intl.AP.716270_CWEC2020.zip
ERS-EX-26426-in.idf,Montreal Intl AP_QC,MONTREAL INTL,CAN_QC_Montreal.Intl.AP.716270_CWEC2020.zip
ERS-EX-26427-in.idf,Montreal Intl AP_QC,MONTREAL INTL,CAN_QC_Montreal.Intl.AP.716270_CWEC2020.zip
ERS-EX-26428-in.idf,Montreal Intl AP_QC,MONTREAL INTL,CAN_QC_Montreal.Intl.AP.716270_CWEC2020.zip
ERS-EX-26431-in.idf,Montreal Intl AP_QC,MONTREAL INTL,CAN_QC_Montreal.Intl.AP.716270_CWEC2020.zip
ERS-EX-26433-in.idf,Montreal Intl AP_QC,MONTREAL INTL,CAN_QC_Montreal.Intl.AP.716270_CWEC2020.zip
ERS-EX-26435-in.idf,Montreal Intl AP_QC,MONTREAL INTL,CAN_QC_Montreal.Intl.AP.716270_CWEC2020.zip
ERS-EX-26436-in.idf,Montreal Intl AP_QC,MONTREAL INTL,CAN_QC_Montreal.Intl.AP.716270_CWEC2020.zip
ERS-EX-26438-in.idf,Montreal Intl AP_QC,MONTREAL INTL,CAN_QC_Montreal.Intl.AP.716270_CWEC2020.zip
ERS-EX-26439-in.idf,Montreal Mirabel Intl AP_QC,MONTREAL MIRABEL  INTL,CAN_QC_Montreal.Mirabel.Intl.AP.CAN002_CWEC2020.zip
ERS-EX-26442-in.idf,Montreal Mirabel Intl AP_QC,MONTREAL MIRABEL  INTL,CAN_QC_Montreal.Mirabel.Intl.AP.CAN002_CWEC2020.zip
ERS-EX-26447-in.idf,Montreal Mirabel Intl AP_QC,MONTREAL MIRABEL  INTL,CAN_QC_Montreal.Mirabel.Intl.AP.CAN002_CWEC2020.zip
ERS-EX-26448-in.idf,Montreal Intl AP_QC,MONTREAL INTL,CAN_QC_Montreal.Intl.AP.716270_CWEC2020.zip
ERS-EX-26450-in.idf,Montreal Mirabel Intl AP_QC,MONTREAL MIRABEL  INTL,CAN_QC_Montreal.Mirabel.Intl.AP.CAN002_CWEC2020.zip
ERS-EX-26452-in.idf,Montreal Mirabel Intl AP_QC,MONTREAL MIRABEL  INTL,CAN_QC_Montreal.Mirabel.Intl.AP.CAN002_CWEC2020.zip
ERS-EX-26453-in.idf,Montreal Mirabel Intl AP_QC,MONTREAL MIRABEL  INTL,CAN_QC_Montreal.Mirabel.Intl.AP.CAN002_CWEC2020.zip
ERS-EX-26455-in.idf,Montreal Intl AP_QC,MONTREAL INTL,CAN_QC_Montreal.Intl.AP.716270_CWEC2020.zip
ERS-EX-26456-in.idf,Montreal Intl AP_QC,MONTREAL INTL,CAN_QC_Montreal.Intl.AP.716270_CWEC2020.zip
ERS-EX-26457-in.idf,Montreal Intl AP_QC,MONTREAL INTL,CAN_QC_Montreal.Intl.AP.716270_CWEC2020.zip
ERS-EX-26459-in.idf,Montreal Mirabel Intl AP_QC,MONTREAL MIRABEL  INTL,CAN_QC_Montreal.Mirabel.Intl.AP.CAN002_CWEC2020.zip
ERS-EX-26460-in.idf,Montreal Intl AP_QC,MONTREAL INTL,CAN_QC_Montreal.Intl.AP.716270_CWEC2020.zip
ERS-EX-26461-in.idf,Montreal Intl AP_QC,MONTREAL INTL,CAN_QC_Montreal.Intl.AP.716270_CWEC2020.zip
ERS-EX-26462-in.idf,Montreal Intl AP_QC,MONTREAL INTL,CAN_QC_Montreal.Intl.AP.716270_CWEC2020.zip
ERS-EX-26469-in.idf,Montreal Mirabel Intl AP_QC,MONTREAL MIRABEL  INTL,CAN_QC_Montreal.Mirabel.Intl.AP.CAN002_CWEC2020.zip
ERS-EX-26470-in.idf,Montreal Mirabel Intl AP_QC,MONTREAL MIRABEL  INTL,CAN_QC_Montreal.Mirabel.Intl.AP.CAN002_CWEC2020.zip
ERS-EX-26471-in.idf,Montreal Intl AP_QC,MONTREAL INTL,CAN_QC_Montreal.Intl.AP.716270_CWEC2020.zip
ERS-EX-26472-in.idf,Montreal Intl AP_QC,MONTREAL INTL,CAN_QC_Montreal.Intl.AP.716270_CWEC2020.zip
ERS-EX-26473-in.idf,Montreal Mirabel Intl AP_QC,MONTREAL MIRABEL  INTL,CAN_QC_Montreal.Mirabel.Intl.AP.CAN002_CWEC2020.zip
ERS-EX-26475-in.idf,Montreal Mirabel Intl AP_QC,MONTREAL MIRABEL  INTL,CAN_QC_Montreal.Mirabel.Intl.AP.CAN002_CWEC2020.zip
ERS-EX-26476-in.idf,Montreal Mirabel Intl AP_QC,MONTREAL MIRABEL  INTL,CAN_QC_Montreal.Mirabel.Intl.AP.CAN002_CWEC2020.zip
ERS-EX-26477-in.idf,Montreal Mirabel Intl AP_QC,MONTREAL MIRABEL  INTL,CAN_QC_Montreal.Mirabel.Intl.AP.CAN002_CWEC2020.zip
ERS-EX-26480-in.idf,Montreal Mirabel Intl AP_QC,MONTREAL MIRABEL  INTL,CAN_QC_Montreal.Mirabel.Intl.AP.CAN002_CWEC2020.zip
ERS-EX-26486-in.idf,Montreal Mirabel Intl AP_QC,MONTREAL MIRABEL  INTL,CAN_QC_Montreal.Mirabel.Intl.AP.CAN002_CWEC2020.zip
ERS-EX-26488-in.idf,Montreal Mirabel Intl AP_QC,MONTREAL MIRABEL  INTL,CAN_QC_Montreal.Mirabel.Intl.AP.CAN002_CWEC2020.zip
ERS-EX-2649-in.idf,Toronto City Centre_ON,TORONTO CITY CENTRE,CAN_ON_Toronto.City.Centre.712650_CWEC2020.zip
ERS-EX-26492-in.idf,Montreal Mirabel Intl AP_QC,MONTREAL MIRABEL  INTL,CAN_QC_Montreal.Mirabel.Intl.AP.CAN002_CWEC2020.zip
ERS-EX-26495-in.idf,Montreal Mirabel Intl AP_QC,MONTREAL MIRABEL  INTL,CAN_QC_Montreal.Mirabel.Intl.AP.CAN002_CWEC2020.zip
ERS-EX-26496-in.idf,Montreal Mirabel Intl AP_QC,MONTREAL MIRABEL  INTL,CAN_QC_Montreal.Mirabel.Intl.AP.CAN002_CWEC2020.zip
ERS-EX-26499-in.idf,Montreal Mirabel Intl AP_QC,MONTREAL MIRABEL  INTL,CAN_QC_Montreal.Mirabel.Intl.AP.CAN002_CWEC2020.zip
ERS-EX-26503-in.idf,Montreal Intl AP_QC,MONTREAL INTL,CAN_QC_Montreal.Intl.AP.716270_CWEC2020.zip
ERS-EX-26506-in.idf,Montreal Intl AP_QC,MONTREAL INTL,CAN_QC_Montreal.Intl.AP.716270_CWEC2020.zip
ERS-EX-26512-in.idf,Montreal Intl AP_QC,MONTREAL INTL,CAN_QC_Montreal.Intl.AP.716270_CWEC2020.zip
ERS-EX-26513-in.idf,Montreal Intl AP_QC,MONTREAL INTL,CAN_QC_Montreal.Intl.AP.716270_CWEC2020.zip
ERS-EX-26514-in.idf,Montreal Intl AP_QC,MONTREAL INTL,CAN_QC_Montreal.Intl.AP.716270_CWEC2020.zip
ERS-EX-26515-in.idf,Montreal Intl AP_QC,MONTREAL INTL,CAN_QC_Montreal.Intl.AP.716270_CWEC2020.zip
ERS-EX-26517-in.idf,Montreal Intl AP_QC,MONTREAL INTL,CAN_QC_Montreal.Intl.AP.716270_CWEC2020.zip
ERS-EX-26519-in.idf,Montreal Intl AP_QC,MONTREAL INTL,CAN_QC_Montreal.Intl.AP.716270_CWEC2020.zip
ERS-EX-26520-in.idf,Montreal Intl AP_QC,MONTREAL INTL,CAN_QC_Montreal.Intl.AP.716270_CWEC2020.zip
ERS-EX-26521-in.idf,Montreal Intl AP_QC,MONTREAL INTL,CAN_QC_Montreal.Intl.AP.716270_CWEC2020.zip
ERS-EX-26522-in.idf,Montreal Intl AP_QC,MONTREAL INTL,CAN_QC_Montreal.Intl.AP.716270_CWEC2020.zip
ERS-EX-26524-in.idf,Montreal Intl AP_QC,MONTREAL INTL,CAN_QC_Montreal.Intl.AP.716270_CWEC2020.zip
ERS-EX-26527-in.idf,Montreal Intl AP_QC,MONTREAL INTL,CAN_QC_Montreal.Intl.AP.716270_CWEC2020.zip
ERS-EX-26530-in.idf,Montreal Intl AP_QC,MONTREAL INTL,CAN_QC_Montreal.Intl.AP.716270_CWEC2020.zip
ERS-EX-26531-in.idf,Montreal Intl AP_QC,MONTREAL INTL,CAN_QC_Montreal.Intl.AP.716270_CWEC2020.zip
ERS-EX-26535-in.idf,Mont Joli AP_QC,MONT JOLI,CAN_QC_Mont.Joli.AP.717180_CWEC2020.zip
ERS-EX-26536-in.idf,Mont Joli AP_QC,MONT JOLI,CAN_QC_Mont.Joli.AP.717180_CWEC2020.zip
ERS-EX-26539-in.idf,Mont Joli AP_QC,MONT JOLI,CAN_QC_Mont.Joli.AP.717180_CWEC2020.zip
ERS-EX-26540-in.idf,Mont Joli AP_QC,MONT JOLI,CAN_QC_Mont.Joli.AP.717180_CWEC2020.zip
ERS-EX-26541-in.idf,Mont Joli AP_QC,MONT JOLI,CAN_QC_Mont.Joli.AP.717180_CWEC2020.zip
ERS-EX-26544-in.idf,Mont Joli AP_QC,MONT JOLI,CAN_QC_Mont.Joli.AP.717180_CWEC2020.zip
ERS-EX-26545-in.idf,Mont Joli AP_QC,MONT JOLI,CAN_QC_Mont.Joli.AP.717180_CWEC2020.zip
ERS-EX-26546-in.idf,Mont Joli AP_QC,MONT JOLI,CAN_QC_Mont.Joli.AP.717180_CWEC2020.zip
ERS-EX-26547-in.idf,Mont Joli AP_QC,MONT JOLI,CAN_QC_Mont.Joli.AP.717180_CWEC2020.zip
ERS-EX-26548-in.idf,Mont Joli AP_QC,MONT JOLI,CAN_QC_Mont.Joli.AP.717180_CWEC2020.zip
ERS-EX-26550-in.idf,Mont Joli AP_QC,MONT JOLI,CAN_QC_Mont.Joli.AP.717180_CWEC2020.zip
ERS-EX-26551-in.idf,Mont Joli AP_QC,MONT JOLI,CAN_QC_Mont.Joli.AP.717180_CWEC2020.zip
ERS-EX-26552-in.idf,Mont Joli AP_QC,MONT JOLI,CAN_QC_Mont.Joli.AP.717180_CWEC2020.zip
ERS-EX-26553-in.idf,Mont Joli AP_QC,MONT JOLI,CAN_QC_Mont.Joli.AP.717180_CWEC2020.zip
ERS-EX-26555-in.idf,Mont Joli AP_QC,MONT JOLI,CAN_QC_Mont.Joli.AP.717180_CWEC2020.zip
ERS-EX-26556-in.idf,Mont Joli AP_QC,MONT JOLI,CAN_QC_Mont.Joli.AP.717180_CWEC2020.zip
ERS-EX-26559-in.idf,Mont Joli AP_QC,MONT JOLI,CAN_QC_Mont.Joli.AP.717180_CWEC2020.zip
ERS-EX-26561-in.idf,Mont Joli AP_QC,MONT JOLI,CAN_QC_Mont.Joli.AP.717180_CWEC2020.zip
ERS-EX-26565-in.idf,Mont Joli AP_QC,MONT JOLI,CAN_QC_Mont.Joli.AP.717180_CWEC2020.zip
ERS-EX-26566-in.idf,Mont Joli AP_QC,MONT JOLI,CAN_QC_Mont.Joli.AP.717180_CWEC2020.zip
ERS-EX-26567-in.idf,Mont Joli AP_QC,MONT JOLI,CAN_QC_Mont.Joli.AP.717180_CWEC2020.zip
ERS-EX-26568-in.idf,Mont Joli AP_QC,MONT JOLI,CAN_QC_Mont.Joli.AP.717180_CWEC2020.zip
ERS-EX-26569-in.idf,Mont Joli AP_QC,MONT JOLI,CAN_QC_Mont.Joli.AP.717180_CWEC2020.zip
ERS-EX-26571-in.idf,Mont Joli AP_QC,MONT JOLI,CAN_QC_Mont.Joli.AP.717180_CWEC2020.zip
ERS-EX-26572-in.idf,Mont Joli AP_QC,MONT JOLI,CAN_QC_Mont.Joli.AP.717180_CWEC2020.zip
ERS-EX-26575-in.idf,Mont Joli AP_QC,MONT JOLI,CAN_QC_Mont.Joli.AP.717180_CWEC2020.zip
ERS-EX-26576-in.idf,Mont Joli AP_QC,MONT JOLI,CAN_QC_Mont.Joli.AP.717180_CWEC2020.zip
ERS-EX-26577-in.idf,Mont Joli AP_QC,MONT JOLI,CAN_QC_Mont.Joli.AP.717180_CWEC2020.zip
ERS-EX-26578-in.idf,Mont Joli AP_QC,MONT JOLI,CAN_QC_Mont.Joli.AP.717180_CWEC2020.zip
ERS-EX-26579-in.idf,Mont Joli AP_QC,MONT JOLI,CAN_QC_Mont.Joli.AP.717180_CWEC2020.zip
ERS-EX-26580-in.idf,Mont Joli AP_QC,MONT JOLI,CAN_QC_Mont.Joli.AP.717180_CWEC2020.zip
ERS-EX-26581-in.idf,Mont Joli AP_QC,MONT JOLI,CAN_QC_Mont.Joli.AP.717180_CWEC2020.zip
ERS-EX-26582-in.idf,Mont Joli AP_QC,MONT JOLI,CAN_QC_Mont.Joli.AP.717180_CWEC2020.zip
ERS-EX-26583-in.idf,Mont Joli AP_QC,MONT JOLI,CAN_QC_Mont.Joli.AP.717180_CWEC2020.zip
ERS-EX-26584-in.idf,Mont Joli AP_QC,MONT JOLI,CAN_QC_Mont.Joli.AP.717180_CWEC2020.zip
ERS-EX-26585-in.idf,Mont Joli AP_QC,MONT JOLI,CAN_QC_Mont.Joli.AP.717180_CWEC2020.zip
ERS-EX-26586-in.idf,Mont Joli AP_QC,MONT JOLI,CAN_QC_Mont.Joli.AP.717180_CWEC2020.zip
ERS-EX-26587-in.idf,Mont Joli AP_QC,MONT JOLI,CAN_QC_Mont.Joli.AP.717180_CWEC2020.zip
ERS-EX-26588-in.idf,Mont Joli AP_QC,MONT JOLI,CAN_QC_Mont.Joli.AP.717180_CWEC2020.zip
ERS-EX-26589-in.idf,Mont Joli AP_QC,MONT JOLI,CAN_QC_Mont.Joli.AP.717180_CWEC2020.zip
ERS-EX-26590-in.idf,Mont Joli AP_QC,MONT JOLI,CAN_QC_Mont.Joli.AP.717180_CWEC2020.zip
ERS-EX-26591-in.idf,Mont Joli AP_QC,MONT JOLI,CAN_QC_Mont.Joli.AP.717180_CWEC2020.zip
ERS-EX-26593-in.idf,Mont Joli AP_QC,MONT JOLI,CAN_QC_Mont.Joli.AP.717180_CWEC2020.zip
ERS-EX-26597-in.idf,Mont Joli AP_QC,MONT JOLI,CAN_QC_Mont.Joli.AP.717180_CWEC2020.zip
ERS-EX-26598-in.idf,Mont Joli AP_QC,MONT JOLI,CAN_QC_Mont.Joli.AP.717180_CWEC2020.zip
ERS-EX-26600-in.idf,Mont Joli AP_QC,MONT JOLI,CAN_QC_Mont.Joli.AP.717180_CWEC2020.zip
ERS-EX-26603-in.idf,Mont Joli AP_QC,MONT JOLI,CAN_QC_Mont.Joli.AP.717180_CWEC2020.zip
ERS-EX-26604-in.idf,Mont Joli AP_QC,MONT JOLI,CAN_QC_Mont.Joli.AP.717180_CWEC2020.zip
ERS-EX-26605-in.idf,Mont Joli AP_QC,MONT JOLI,CAN_QC_Mont.Joli.AP.717180_CWEC2020.zip
ERS-EX-26606-in.idf,Mont Joli AP_QC,MONT JOLI,CAN_QC_Mont.Joli.AP.717180_CWEC2020.zip
ERS-EX-26609-in.idf,Mont Joli AP_QC,MONT JOLI,CAN_QC_Mont.Joli.AP.717180_CWEC2020.zip
ERS-EX-26610-in.idf,Mont Joli AP_QC,MONT JOLI,CAN_QC_Mont.Joli.AP.717180_CWEC2020.zip
ERS-EX-26612-in.idf,Mont Joli AP_QC,MONT JOLI,CAN_QC_Mont.Joli.AP.717180_CWEC2020.zip
ERS-EX-26613-in.idf,Mont Joli AP_QC,MONT JOLI,CAN_QC_Mont.Joli.AP.717180_CWEC2020.zip
ERS-EX-26618-in.idf,Mont Joli AP_QC,MONT JOLI,CAN_QC_Mont.Joli.AP.717180_CWEC2020.zip
ERS-EX-26622-in.idf,Mont Joli AP_QC,MONT JOLI,CAN_QC_Mont.Joli.AP.717180_CWEC2020.zip
ERS-EX-26625-in.idf,Mont Joli AP_QC,MONT JOLI,CAN_QC_Mont.Joli.AP.717180_CWEC2020.zip
ERS-EX-26626-in.idf,Mont Joli AP_QC,MONT JOLI,CAN_QC_Mont.Joli.AP.717180_CWEC2020.zip
ERS-EX-26627-in.idf,Mont Joli AP_QC,MONT JOLI,CAN_QC_Mont.Joli.AP.717180_CWEC2020.zip
ERS-EX-26628-in.idf,Mont Joli AP_QC,MONT JOLI,CAN_QC_Mont.Joli.AP.717180_CWEC2020.zip
ERS-EX-26632-in.idf,Mont Joli AP_QC,MONT JOLI,CAN_QC_Mont.Joli.AP.717180_CWEC2020.zip
ERS-EX-26633-in.idf,Mont Joli AP_QC,MONT JOLI,CAN_QC_Mont.Joli.AP.717180_CWEC2020.zip
ERS-EX-26634-in.idf,Mont Joli AP_QC,MONT JOLI,CAN_QC_Mont.Joli.AP.717180_CWEC2020.zip
ERS-EX-26638-in.idf,Mont Joli AP_QC,MONT JOLI,CAN_QC_Mont.Joli.AP.717180_CWEC2020.zip
ERS-EX-26642-in.idf,Mont Joli AP_QC,MONT JOLI,CAN_QC_Mont.Joli.AP.717180_CWEC2020.zip
ERS-EX-26643-in.idf,Mont Joli AP_QC,MONT JOLI,CAN_QC_Mont.Joli.AP.717180_CWEC2020.zip
ERS-EX-26644-in.idf,Mont Joli AP_QC,MONT JOLI,CAN_QC_Mont.Joli.AP.717180_CWEC2020.zip
ERS-EX-26645-in.idf,Mont Joli AP_QC,MONT JOLI,CAN_QC_Mont.Joli.AP.717180_CWEC2020.zip
ERS-EX-26646-in.idf,Mont Joli AP_QC,MONT JOLI,CAN_QC_Mont.Joli.AP.717180_CWEC2020.zip
ERS-EX-26647-in.idf,Mont Joli AP_QC,MONT JOLI,CAN_QC_Mont.Joli.AP.717180_CWEC2020.zip
ERS-EX-26648-in.idf,Mont Joli AP_QC,MONT JOLI,CAN_QC_Mont.Joli.AP.717180_CWEC2020.zip
ERS-EX-26649-in.idf,Mont Joli AP_QC,MONT JOLI,CAN_QC_Mont.Joli.AP.717180_CWEC2020.zip
ERS-EX-26653-in.idf,Mont Joli AP_QC,MONT JOLI,CAN_QC_Mont.Joli.AP.717180_CWEC2020.zip
ERS-EX-26654-in.idf,Mont Joli AP_QC,MONT JOLI,CAN_QC_Mont.Joli.AP.717180_CWEC2020.zip
ERS-EX-26655-in.idf,Mont Joli AP_QC,MONT JOLI,CAN_QC_Mont.Joli.AP.717180_CWEC2020.zip
ERS-EX-26656-in.idf,Mont Joli AP_QC,MONT JOLI,CAN_QC_Mont.Joli.AP.717180_CWEC2020.zip
ERS-EX-26658-in.idf,Mont Joli AP_QC,MONT JOLI,CAN_QC_Mont.Joli.AP.717180_CWEC2020.zip
ERS-EX-26663-in.idf,Mont Joli AP_QC,MONT JOLI,CAN_QC_Mont.Joli.AP.717180_CWEC2020.zip
ERS-EX-26665-in.idf,Mont Joli AP_QC,MONT JOLI,CAN_QC_Mont.Joli.AP.717180_CWEC2020.zip
ERS-EX-26666-in.idf,Mont Joli AP_QC,MONT JOLI,CAN_QC_Mont.Joli.AP.717180_CWEC2020.zip
ERS-EX-26667-in.idf,Mont Joli AP_QC,MONT JOLI,CAN_QC_Mont.Joli.AP.717180_CWEC2020.zip
ERS-EX-26668-in.idf,Mont Joli AP_QC,MONT JOLI,CAN_QC_Mont.Joli.AP.717180_CWEC2020.zip
ERS-EX-26670-in.idf,Mont Joli AP_QC,MONT JOLI,CAN_QC_Mont.Joli.AP.717180_CWEC2020.zip
ERS-EX-26672-in.idf,Mont Joli AP_QC,MONT JOLI,CAN_QC_Mont.Joli.AP.717180_CWEC2020.zip
ERS-EX-26673-in.idf,Mont Joli AP_QC,MONT JOLI,CAN_QC_Mont.Joli.AP.717180_CWEC2020.zip
ERS-EX-26674-in.idf,Mont Joli AP_QC,MONT JOLI,CAN_QC_Mont.Joli.AP.717180_CWEC2020.zip
ERS-EX-26675-in.idf,Mont Joli AP_QC,MONT JOLI,CAN_QC_Mont.Joli.AP.717180_CWEC2020.zip
ERS-EX-26678-in.idf,Mont Joli AP_QC,MONT JOLI,CAN_QC_Mont.Joli.AP.717180_CWEC2020.zip
ERS-EX-26679-in.idf,Mont Joli AP_QC,MONT JOLI,CAN_QC_Mont.Joli.AP.717180_CWEC2020.zip
ERS-EX-26683-in.idf,Mont Joli AP_QC,MONT JOLI,CAN_QC_Mont.Joli.AP.717180_CWEC2020.zip
ERS-EX-26685-in.idf,Mont Joli AP_QC,MONT JOLI,CAN_QC_Mont.Joli.AP.717180_CWEC2020.zip
ERS-EX-26686-in.idf,Mont Joli AP_QC,MONT JOLI,CAN_QC_Mont.Joli.AP.717180_CWEC2020.zip
ERS-EX-26690-in.idf,Mont Joli AP_QC,MONT JOLI,CAN_QC_Mont.Joli.AP.717180_CWEC2020.zip
ERS-EX-26692-in.idf,Mont Joli AP_QC,MONT JOLI,CAN_QC_Mont.Joli.AP.717180_CWEC2020.zip
ERS-EX-26693-in.idf,Mont Joli AP_QC,MONT JOLI,CAN_QC_Mont.Joli.AP.717180_CWEC2020.zip
ERS-EX-26695-in.idf,Mont Joli AP_QC,MONT JOLI,CAN_QC_Mont.Joli.AP.717180_CWEC2020.zip
ERS-EX-26696-in.idf,Mont Joli AP_QC,MONT JOLI,CAN_QC_Mont.Joli.AP.717180_CWEC2020.zip
ERS-EX-26699-in.idf,Mont Joli AP_QC,MONT JOLI,CAN_QC_Mont.Joli.AP.717180_CWEC2020.zip
ERS-EX-26700-in.idf,Mont Joli AP_QC,MONT JOLI,CAN_QC_Mont.Joli.AP.717180_CWEC2020.zip
ERS-EX-26701-in.idf,Mont Joli AP_QC,MONT JOLI,CAN_QC_Mont.Joli.AP.717180_CWEC2020.zip
ERS-EX-26702-in.idf,Mont Joli AP_QC,MONT JOLI,CAN_QC_Mont.Joli.AP.717180_CWEC2020.zip
ERS-EX-26707-in.idf,Mont Joli AP_QC,MONT JOLI,CAN_QC_Mont.Joli.AP.717180_CWEC2020.zip
ERS-EX-26709-in.idf,Mont Joli AP_QC,MONT JOLI,CAN_QC_Mont.Joli.AP.717180_CWEC2020.zip
ERS-EX-26710-in.idf,Mont Joli AP_QC,MONT JOLI,CAN_QC_Mont.Joli.AP.717180_CWEC2020.zip
ERS-EX-26713-in.idf,Mont Joli AP_QC,MONT JOLI,CAN_QC_Mont.Joli.AP.717180_CWEC2020.zip
ERS-EX-26715-in.idf,Mont Joli AP_QC,MONT JOLI,CAN_QC_Mont.Joli.AP.717180_CWEC2020.zip
ERS-EX-26717-in.idf,Mont Joli AP_QC,MONT JOLI,CAN_QC_Mont.Joli.AP.717180_CWEC2020.zip
ERS-EX-26719-in.idf,Mont Joli AP_QC,MONT JOLI,CAN_QC_Mont.Joli.AP.717180_CWEC2020.zip
ERS-EX-26724-in.idf,Mont Joli AP_QC,MONT JOLI,CAN_QC_Mont.Joli.AP.717180_CWEC2020.zip
ERS-EX-26726-in.idf,Quebec Intl AP_QC,QUEBEC INTL,CAN_QC_Quebec.Intl.AP.717140_CWEC2020.zip
ERS-EX-26729-in.idf,Quebec Intl AP_QC,QUEBEC INTL,CAN_QC_Quebec.Intl.AP.717140_CWEC2020.zip
ERS-EX-26730-in.idf,Quebec Intl AP_QC,QUEBEC INTL,CAN_QC_Quebec.Intl.AP.717140_CWEC2020.zip
ERS-EX-26731-in.idf,Quebec Intl AP_QC,QUEBEC INTL,CAN_QC_Quebec.Intl.AP.717140_CWEC2020.zip
ERS-EX-26733-in.idf,Quebec Intl AP_QC,QUEBEC INTL,CAN_QC_Quebec.Intl.AP.717140_CWEC2020.zip
ERS-EX-26734-in.idf,Quebec Intl AP_QC,QUEBEC INTL,CAN_QC_Quebec.Intl.AP.717140_CWEC2020.zip
ERS-EX-26735-in.idf,Quebec Intl AP_QC,QUEBEC INTL,CAN_QC_Quebec.Intl.AP.717140_CWEC2020.zip
ERS-EX-26736-in.idf,Quebec Intl AP_QC,QUEBEC INTL,CAN_QC_Quebec.Intl.AP.717140_CWEC2020.zip
ERS-EX-26737-in.idf,Quebec Intl AP_QC,QUEBEC INTL,CAN_QC_Quebec.Intl.AP.717140_CWEC2020.zip
ERS-EX-26739-in.idf,Quebec Intl AP_QC,QUEBEC INTL,CAN_QC_Quebec.Intl.AP.717140_CWEC2020.zip
ERS-EX-26740-in.idf,Quebec Intl AP_QC,QUEBEC INTL,CAN_QC_Quebec.Intl.AP.717140_CWEC2020.zip
ERS-EX-26741-in.idf,Quebec Intl AP_QC,QUEBEC INTL,CAN_QC_Quebec.Intl.AP.717140_CWEC2020.zip
ERS-EX-26743-in.idf,Quebec Intl AP_QC,QUEBEC INTL,CAN_QC_Quebec.Intl.AP.717140_CWEC2020.zip
ERS-EX-26745-in.idf,Quebec Intl AP_QC,QUEBEC INTL,CAN_QC_Quebec.Intl.AP.717140_CWEC2020.zip
ERS-EX-26746-in.idf,Quebec Intl AP_QC,QUEBEC INTL,CAN_QC_Quebec.Intl.AP.717140_CWEC2020.zip
ERS-EX-26747-in.idf,Quebec Intl AP_QC,QUEBEC INTL,CAN_QC_Quebec.Intl.AP.717140_CWEC2020.zip
ERS-EX-26754-in.idf,Quebec Intl AP_QC,QUEBEC INTL,CAN_QC_Quebec.Intl.AP.717140_CWEC2020.zip
ERS-EX-26755-in.idf,Quebec Intl AP_QC,QUEBEC INTL,CAN_QC_Quebec.Intl.AP.717140_CWEC2020.zip
ERS-EX-26757-in.idf,Quebec Intl AP_QC,QUEBEC INTL,CAN_QC_Quebec.Intl.AP.717140_CWEC2020.zip
ERS-EX-26758-in.idf,Quebec Intl AP_QC,QUEBEC INTL,CAN_QC_Quebec.Intl.AP.717140_CWEC2020.zip
ERS-EX-26759-in.idf,Quebec Intl AP_QC,QUEBEC INTL,CAN_QC_Quebec.Intl.AP.717140_CWEC2020.zip
ERS-EX-26760-in.idf,Quebec Intl AP_QC,QUEBEC INTL,CAN_QC_Quebec.Intl.AP.717140_CWEC2020.zip
ERS-EX-26761-in.idf,Quebec Intl AP_QC,QUEBEC INTL,CAN_QC_Quebec.Intl.AP.717140_CWEC2020.zip
ERS-EX-26762-in.idf,Quebec Intl AP_QC,QUEBEC INTL,CAN_QC_Quebec.Intl.AP.717140_CWEC2020.zip
ERS-EX-26763-in.idf,Quebec Intl AP_QC,QUEBEC INTL,CAN_QC_Quebec.Intl.AP.717140_CWEC2020.zip
ERS-EX-26765-in.idf,Quebec Intl AP_QC,QUEBEC INTL,CAN_QC_Quebec.Intl.AP.717140_CWEC2020.zip
ERS-EX-26766-in.idf,Quebec Intl AP_QC,QUEBEC INTL,CAN_QC_Quebec.Intl.AP.717140_CWEC2020.zip
ERS-EX-26767-in.idf,Quebec Intl AP_QC,QUEBEC INTL,CAN_QC_Quebec.Intl.AP.717140_CWEC2020.zip
ERS-EX-26768-in.idf,Quebec Intl AP_QC,QUEBEC INTL,CAN_QC_Quebec.Intl.AP.717140_CWEC2020.zip
ERS-EX-26769-in.idf,Quebec Intl AP_QC,QUEBEC INTL,CAN_QC_Quebec.Intl.AP.717140_CWEC2020.zip
ERS-EX-26770-in.idf,Quebec Intl AP_QC,QUEBEC INTL,CAN_QC_Quebec.Intl.AP.717140_CWEC2020.zip
ERS-EX-26772-in.idf,Quebec Intl AP_QC,QUEBEC INTL,CAN_QC_Quebec.Intl.AP.717140_CWEC2020.zip
ERS-EX-26774-in.idf,Quebec Intl AP_QC,QUEBEC INTL,CAN_QC_Quebec.Intl.AP.717140_CWEC2020.zip
ERS-EX-26776-in.idf,Quebec Intl AP_QC,QUEBEC INTL,CAN_QC_Quebec.Intl.AP.717140_CWEC2020.zip
ERS-EX-26777-in.idf,Quebec Intl AP_QC,QUEBEC INTL,CAN_QC_Quebec.Intl.AP.717140_CWEC2020.zip
ERS-EX-26778-in.idf,Quebec Intl AP_QC,QUEBEC INTL,CAN_QC_Quebec.Intl.AP.717140_CWEC2020.zip
ERS-EX-26779-in.idf,Quebec Intl AP_QC,QUEBEC INTL,CAN_QC_Quebec.Intl.AP.717140_CWEC2020.zip
ERS-EX-26783-in.idf,Quebec Intl AP_QC,QUEBEC INTL,CAN_QC_Quebec.Intl.AP.717140_CWEC2020.zip
ERS-EX-26785-in.idf,Quebec Intl AP_QC,QUEBEC INTL,CAN_QC_Quebec.Intl.AP.717140_CWEC2020.zip
ERS-EX-26786-in.idf,Quebec Intl AP_QC,QUEBEC INTL,CAN_QC_Quebec.Intl.AP.717140_CWEC2020.zip
ERS-EX-26788-in.idf,Lennoxville_QC,LENNOXVILLE,CAN_QC_Lennoxville.716110_CWEC2020.zip
ERS-EX-26790-in.idf,Lennoxville_QC,LENNOXVILLE,CAN_QC_Lennoxville.716110_CWEC2020.zip
ERS-EX-26800-in.idf,Lennoxville_QC,LENNOXVILLE,CAN_QC_Lennoxville.716110_CWEC2020.zip
ERS-EX-26803-in.idf,Lennoxville_QC,LENNOXVILLE,CAN_QC_Lennoxville.716110_CWEC2020.zip
ERS-EX-26808-in.idf,Lennoxville_QC,LENNOXVILLE,CAN_QC_Lennoxville.716110_CWEC2020.zip
ERS-EX-26809-in.idf,Lennoxville_QC,LENNOXVILLE,CAN_QC_Lennoxville.716110_CWEC2020.zip
ERS-EX-26812-in.idf,Lennoxville_QC,LENNOXVILLE,CAN_QC_Lennoxville.716110_CWEC2020.zip
ERS-EX-26818-in.idf,Quebec Intl AP_QC,QUEBEC INTL,CAN_QC_Quebec.Intl.AP.717140_CWEC2020.zip
ERS-EX-26820-in.idf,Quebec Intl AP_QC,QUEBEC INTL,CAN_QC_Quebec.Intl.AP.717140_CWEC2020.zip
ERS-EX-26821-in.idf,Quebec Intl AP_QC,QUEBEC INTL,CAN_QC_Quebec.Intl.AP.717140_CWEC2020.zip
ERS-EX-26822-in.idf,Quebec Intl AP_QC,QUEBEC INTL,CAN_QC_Quebec.Intl.AP.717140_CWEC2020.zip
ERS-EX-26824-in.idf,Quebec Intl AP_QC,QUEBEC INTL,CAN_QC_Quebec.Intl.AP.717140_CWEC2020.zip
ERS-EX-26825-in.idf,Quebec Intl AP_QC,QUEBEC INTL,CAN_QC_Quebec.Intl.AP.717140_CWEC2020.zip
ERS-EX-26826-in.idf,Quebec Intl AP_QC,QUEBEC INTL,CAN_QC_Quebec.Intl.AP.717140_CWEC2020.zip
ERS-EX-26827-in.idf,Quebec Intl AP_QC,QUEBEC INTL,CAN_QC_Quebec.Intl.AP.717140_CWEC2020.zip
ERS-EX-26828-in.idf,Quebec Intl AP_QC,QUEBEC INTL,CAN_QC_Quebec.Intl.AP.717140_CWEC2020.zip
ERS-EX-26830-in.idf,Quebec Intl AP_QC,QUEBEC INTL,CAN_QC_Quebec.Intl.AP.717140_CWEC2020.zip
ERS-EX-26831-in.idf,Quebec Intl AP_QC,QUEBEC INTL,CAN_QC_Quebec.Intl.AP.717140_CWEC2020.zip
ERS-EX-26833-in.idf,Quebec Intl AP_QC,QUEBEC INTL,CAN_QC_Quebec.Intl.AP.717140_CWEC2020.zip
ERS-EX-26834-in.idf,Quebec Intl AP_QC,QUEBEC INTL,CAN_QC_Quebec.Intl.AP.717140_CWEC2020.zip
ERS-EX-26836-in.idf,Quebec Intl AP_QC,QUEBEC INTL,CAN_QC_Quebec.Intl.AP.717140_CWEC2020.zip
ERS-EX-26840-in.idf,Quebec Intl AP_QC,QUEBEC INTL,CAN_QC_Quebec.Intl.AP.717140_CWEC2020.zip
ERS-EX-26841-in.idf,Quebec Intl AP_QC,QUEBEC INTL,CAN_QC_Quebec.Intl.AP.717140_CWEC2020.zip
ERS-EX-26842-in.idf,Quebec Intl AP_QC,QUEBEC INTL,CAN_QC_Quebec.Intl.AP.717140_CWEC2020.zip
ERS-EX-26843-in.idf,Quebec Intl AP_QC,QUEBEC INTL,CAN_QC_Quebec.Intl.AP.717140_CWEC2020.zip
ERS-EX-26846-in.idf,Quebec Intl AP_QC,QUEBEC INTL,CAN_QC_Quebec.Intl.AP.717140_CWEC2020.zip
ERS-EX-26847-in.idf,Quebec Intl AP_QC,QUEBEC INTL,CAN_QC_Quebec.Intl.AP.717140_CWEC2020.zip
ERS-EX-26848-in.idf,Quebec Intl AP_QC,QUEBEC INTL,CAN_QC_Quebec.Intl.AP.717140_CWEC2020.zip
ERS-EX-26849-in.idf,Quebec Intl AP_QC,QUEBEC INTL,CAN_QC_Quebec.Intl.AP.717140_CWEC2020.zip
ERS-EX-26854-in.idf,Quebec Intl AP_QC,QUEBEC INTL,CAN_QC_Quebec.Intl.AP.717140_CWEC2020.zip
ERS-EX-26855-in.idf,Quebec Intl AP_QC,QUEBEC INTL,CAN_QC_Quebec.Intl.AP.717140_CWEC2020.zip
ERS-EX-26858-in.idf,Quebec Intl AP_QC,QUEBEC INTL,CAN_QC_Quebec.Intl.AP.717140_CWEC2020.zip
ERS-EX-26859-in.idf,Quebec Intl AP_QC,QUEBEC INTL,CAN_QC_Quebec.Intl.AP.717140_CWEC2020.zip
ERS-EX-26860-in.idf,Quebec Intl AP_QC,QUEBEC INTL,CAN_QC_Quebec.Intl.AP.717140_CWEC2020.zip
ERS-EX-26861-in.idf,Quebec Intl AP_QC,QUEBEC INTL,CAN_QC_Quebec.Intl.AP.717140_CWEC2020.zip
ERS-EX-26862-in.idf,Quebec Intl AP_QC,QUEBEC INTL,CAN_QC_Quebec.Intl.AP.717140_CWEC2020.zip
ERS-EX-26863-in.idf,Quebec Intl AP_QC,QUEBEC INTL,CAN_QC_Quebec.Intl.AP.717140_CWEC2020.zip
ERS-EX-26865-in.idf,Quebec Intl AP_QC,QUEBEC INTL,CAN_QC_Quebec.Intl.AP.717140_CWEC2020.zip
ERS-EX-26867-in.idf,Quebec Intl AP_QC,QUEBEC INTL,CAN_QC_Quebec.Intl.AP.717140_CWEC2020.zip
ERS-EX-26868-in.idf,Quebec Intl AP_QC,QUEBEC INTL,CAN_QC_Quebec.Intl.AP.717140_CWEC2020.zip
ERS-EX-26869-in.idf,Quebec Intl AP_QC,QUEBEC INTL,CAN_QC_Quebec.Intl.AP.717140_CWEC2020.zip
ERS-EX-26871-in.idf,Quebec Intl AP_QC,QUEBEC INTL,CAN_QC_Quebec.Intl.AP.717140_CWEC2020.zip
ERS-EX-26873-in.idf,Quebec Intl AP_QC,QUEBEC INTL,CAN_QC_Quebec.Intl.AP.717140_CWEC2020.zip
ERS-EX-26876-in.idf,Quebec Intl AP_QC,QUEBEC INTL,CAN_QC_Quebec.Intl.AP.717140_CWEC2020.zip
ERS-EX-26877-in.idf,Quebec Intl AP_QC,QUEBEC INTL,CAN_QC_Quebec.Intl.AP.717140_CWEC2020.zip
ERS-EX-26878-in.idf,Quebec Intl AP_QC,QUEBEC INTL,CAN_QC_Quebec.Intl.AP.717140_CWEC2020.zip
ERS-EX-26879-in.idf,Quebec Intl AP_QC,QUEBEC INTL,CAN_QC_Quebec.Intl.AP.717140_CWEC2020.zip
ERS-EX-26882-in.idf,Quebec Intl AP_QC,QUEBEC INTL,CAN_QC_Quebec.Intl.AP.717140_CWEC2020.zip
ERS-EX-26883-in.idf,Quebec Intl AP_QC,QUEBEC INTL,CAN_QC_Quebec.Intl.AP.717140_CWEC2020.zip
ERS-EX-26884-in.idf,Quebec Intl AP_QC,QUEBEC INTL,CAN_QC_Quebec.Intl.AP.717140_CWEC2020.zip
ERS-EX-26885-in.idf,Quebec Intl AP_QC,QUEBEC INTL,CAN_QC_Quebec.Intl.AP.717140_CWEC2020.zip
ERS-EX-26886-in.idf,Quebec Intl AP_QC,QUEBEC INTL,CAN_QC_Quebec.Intl.AP.717140_CWEC2020.zip
ERS-EX-26887-in.idf,Quebec Intl AP_QC,QUEBEC INTL,CAN_QC_Quebec.Intl.AP.717140_CWEC2020.zip
ERS-EX-26889-in.idf,Quebec Intl AP_QC,QUEBEC INTL,CAN_QC_Quebec.Intl.AP.717140_CWEC2020.zip
ERS-EX-26895-in.idf,Quebec Intl AP_QC,QUEBEC INTL,CAN_QC_Quebec.Intl.AP.717140_CWEC2020.zip
ERS-EX-26898-in.idf,Quebec Intl AP_QC,QUEBEC INTL,CAN_QC_Quebec.Intl.AP.717140_CWEC2020.zip
ERS-EX-26899-in.idf,Quebec Intl AP_QC,QUEBEC INTL,CAN_QC_Quebec.Intl.AP.717140_CWEC2020.zip
ERS-EX-26900-in.idf,Quebec Intl AP_QC,QUEBEC INTL,CAN_QC_Quebec.Intl.AP.717140_CWEC2020.zip
ERS-EX-26901-in.idf,Quebec Intl AP_QC,QUEBEC INTL,CAN_QC_Quebec.Intl.AP.717140_CWEC2020.zip
ERS-EX-26902-in.idf,Quebec Intl AP_QC,QUEBEC INTL,CAN_QC_Quebec.Intl.AP.717140_CWEC2020.zip
ERS-EX-26903-in.idf,Quebec Intl AP_QC,QUEBEC INTL,CAN_QC_Quebec.Intl.AP.717140_CWEC2020.zip
ERS-EX-26905-in.idf,Quebec Intl AP_QC,QUEBEC INTL,CAN_QC_Quebec.Intl.AP.717140_CWEC2020.zip
ERS-EX-26909-in.idf,Quebec Intl AP_QC,QUEBEC INTL,CAN_QC_Quebec.Intl.AP.717140_CWEC2020.zip
ERS-EX-26912-in.idf,Quebec Intl AP_QC,QUEBEC INTL,CAN_QC_Quebec.Intl.AP.717140_CWEC2020.zip
ERS-EX-26913-in.idf,Quebec Intl AP_QC,QUEBEC INTL,CAN_QC_Quebec.Intl.AP.717140_CWEC2020.zip
ERS-EX-26915-in.idf,Quebec Intl AP_QC,QUEBEC INTL,CAN_QC_Quebec.Intl.AP.717140_CWEC2020.zip
ERS-EX-26916-in.idf,Quebec Intl AP_QC,QUEBEC INTL,CAN_QC_Quebec.Intl.AP.717140_CWEC2020.zip
ERS-EX-26921-in.idf,Quebec Intl AP_QC,QUEBEC INTL,CAN_QC_Quebec.Intl.AP.717140_CWEC2020.zip
ERS-EX-26922-in.idf,Quebec Intl AP_QC,QUEBEC INTL,CAN_QC_Quebec.Intl.AP.717140_CWEC2020.zip
ERS-EX-26923-in.idf,Quebec Intl AP_QC,QUEBEC INTL,CAN_QC_Quebec.Intl.AP.717140_CWEC2020.zip
ERS-EX-26924-in.idf,Quebec Intl AP_QC,QUEBEC INTL,CAN_QC_Quebec.Intl.AP.717140_CWEC2020.zip
ERS-EX-26926-in.idf,Quebec Intl AP_QC,QUEBEC INTL,CAN_QC_Quebec.Intl.AP.717140_CWEC2020.zip
ERS-EX-26931-in.idf,Quebec Intl AP_QC,QUEBEC INTL,CAN_QC_Quebec.Intl.AP.717140_CWEC2020.zip
ERS-EX-26936-in.idf,Quebec Intl AP_QC,QUEBEC INTL,CAN_QC_Quebec.Intl.AP.717140_CWEC2020.zip
ERS-EX-26937-in.idf,Quebec Intl AP_QC,QUEBEC INTL,CAN_QC_Quebec.Intl.AP.717140_CWEC2020.zip
ERS-EX-26940-in.idf,Quebec Intl AP_QC,QUEBEC INTL,CAN_QC_Quebec.Intl.AP.717140_CWEC2020.zip
ERS-EX-26948-in.idf,Quebec Intl AP_QC,QUEBEC INTL,CAN_QC_Quebec.Intl.AP.717140_CWEC2020.zip
ERS-EX-26957-in.idf,Quebec Intl AP_QC,QUEBEC INTL,CAN_QC_Quebec.Intl.AP.717140_CWEC2020.zip
ERS-EX-26961-in.idf,Quebec Intl AP_QC,QUEBEC INTL,CAN_QC_Quebec.Intl.AP.717140_CWEC2020.zip
ERS-EX-26963-in.idf,Quebec Intl AP_QC,QUEBEC INTL,CAN_QC_Quebec.Intl.AP.717140_CWEC2020.zip
ERS-EX-26965-in.idf,Quebec Intl AP_QC,QUEBEC INTL,CAN_QC_Quebec.Intl.AP.717140_CWEC2020.zip
ERS-EX-26967-in.idf,Quebec Intl AP_QC,QUEBEC INTL,CAN_QC_Quebec.Intl.AP.717140_CWEC2020.zip
ERS-EX-26968-in.idf,Quebec Intl AP_QC,QUEBEC INTL,CAN_QC_Quebec.Intl.AP.717140_CWEC2020.zip
ERS-EX-26969-in.idf,Quebec Intl AP_QC,QUEBEC INTL,CAN_QC_Quebec.Intl.AP.717140_CWEC2020.zip
ERS-EX-26976-in.idf,Quebec Intl AP_QC,QUEBEC INTL,CAN_QC_Quebec.Intl.AP.717140_CWEC2020.zip
ERS-EX-26979-in.idf,Quebec Intl AP_QC,QUEBEC INTL,CAN_QC_Quebec.Intl.AP.717140_CWEC2020.zip
ERS-EX-26980-in.idf,Quebec Intl AP_QC,QUEBEC INTL,CAN_QC_Quebec.Intl.AP.717140_CWEC2020.zip
ERS-EX-26981-in.idf,Quebec Intl AP_QC,QUEBEC INTL,CAN_QC_Quebec.Intl.AP.717140_CWEC2020.zip
ERS-EX-26982-in.idf,Quebec Intl AP_QC,QUEBEC INTL,CAN_QC_Quebec.Intl.AP.717140_CWEC2020.zip
ERS-EX-26983-in.idf,Quebec Intl AP_QC,QUEBEC INTL,CAN_QC_Quebec.Intl.AP.717140_CWEC2020.zip
ERS-EX-26984-in.idf,Quebec Intl AP_QC,QUEBEC INTL,CAN_QC_Quebec.Intl.AP.717140_CWEC2020.zip
ERS-EX-26986-in.idf,Quebec Intl AP_QC,QUEBEC INTL,CAN_QC_Quebec.Intl.AP.717140_CWEC2020.zip
ERS-EX-26991-in.idf,Quebec Intl AP_QC,QUEBEC INTL,CAN_QC_Quebec.Intl.AP.717140_CWEC2020.zip
ERS-EX-26992-in.idf,Quebec Intl AP_QC,QUEBEC INTL,CAN_QC_Quebec.Intl.AP.717140_CWEC2020.zip
ERS-EX-26993-in.idf,Quebec Intl AP_QC,QUEBEC INTL,CAN_QC_Quebec.Intl.AP.717140_CWEC2020.zip
ERS-EX-26997-in.idf,Quebec Intl AP_QC,QUEBEC INTL,CAN_QC_Quebec.Intl.AP.717140_CWEC2020.zip
ERS-EX-27003-in.idf,Quebec Intl AP_QC,QUEBEC INTL,CAN_QC_Quebec.Intl.AP.717140_CWEC2020.zip
ERS-EX-27005-in.idf,Quebec Intl AP_QC,QUEBEC INTL,CAN_QC_Quebec.Intl.AP.717140_CWEC2020.zip
ERS-EX-27006-in.idf,Quebec Intl AP_QC,QUEBEC INTL,CAN_QC_Quebec.Intl.AP.717140_CWEC2020.zip
ERS-EX-27012-in.idf,Quebec Intl AP_QC,QUEBEC INTL,CAN_QC_Quebec.Intl.AP.717140_CWEC2020.zip
ERS-EX-27015-in.idf,Quebec Intl AP_QC,QUEBEC INTL,CAN_QC_Quebec.Intl.AP.717140_CWEC2020.zip
ERS-EX-27017-in.idf,Quebec Intl AP_QC,QUEBEC INTL,CAN_QC_Quebec.Intl.AP.717140_CWEC2020.zip
ERS-EX-27019-in.idf,Quebec Intl AP_QC,QUEBEC INTL,CAN_QC_Quebec.Intl.AP.717140_CWEC2020.zip
ERS-EX-27020-in.idf,Quebec Intl AP_QC,QUEBEC INTL,CAN_QC_Quebec.Intl.AP.717140_CWEC2020.zip
ERS-EX-27022-in.idf,Quebec Intl AP_QC,QUEBEC INTL,CAN_QC_Quebec.Intl.AP.717140_CWEC2020.zip
ERS-EX-27024-in.idf,Quebec Intl AP_QC,QUEBEC INTL,CAN_QC_Quebec.Intl.AP.717140_CWEC2020.zip
ERS-EX-27026-in.idf,Quebec Intl AP_QC,QUEBEC INTL,CAN_QC_Quebec.Intl.AP.717140_CWEC2020.zip
ERS-EX-27027-in.idf,Quebec Intl AP_QC,QUEBEC INTL,CAN_QC_Quebec.Intl.AP.717140_CWEC2020.zip
ERS-EX-27028-in.idf,Quebec Intl AP_QC,QUEBEC INTL,CAN_QC_Quebec.Intl.AP.717140_CWEC2020.zip
ERS-EX-27029-in.idf,Quebec Intl AP_QC,QUEBEC INTL,CAN_QC_Quebec.Intl.AP.717140_CWEC2020.zip
ERS-EX-27031-in.idf,Quebec Intl AP_QC,QUEBEC INTL,CAN_QC_Quebec.Intl.AP.717140_CWEC2020.zip
ERS-EX-27032-in.idf,Quebec Intl AP_QC,QUEBEC INTL,CAN_QC_Quebec.Intl.AP.717140_CWEC2020.zip
ERS-EX-27033-in.idf,Quebec Intl AP_QC,QUEBEC INTL,CAN_QC_Quebec.Intl.AP.717140_CWEC2020.zip
ERS-EX-27036-in.idf,Quebec Intl AP_QC,QUEBEC INTL,CAN_QC_Quebec.Intl.AP.717140_CWEC2020.zip
ERS-EX-27038-in.idf,Quebec Intl AP_QC,QUEBEC INTL,CAN_QC_Quebec.Intl.AP.717140_CWEC2020.zip
ERS-EX-27040-in.idf,Quebec Intl AP_QC,QUEBEC INTL,CAN_QC_Quebec.Intl.AP.717140_CWEC2020.zip
ERS-EX-27041-in.idf,Quebec Intl AP_QC,QUEBEC INTL,CAN_QC_Quebec.Intl.AP.717140_CWEC2020.zip
ERS-EX-27042-in.idf,Quebec Intl AP_QC,QUEBEC INTL,CAN_QC_Quebec.Intl.AP.717140_CWEC2020.zip
ERS-EX-27043-in.idf,Quebec Intl AP_QC,QUEBEC INTL,CAN_QC_Quebec.Intl.AP.717140_CWEC2020.zip
ERS-EX-27044-in.idf,Quebec Intl AP_QC,QUEBEC INTL,CAN_QC_Quebec.Intl.AP.717140_CWEC2020.zip
ERS-EX-27045-in.idf,Quebec Intl AP_QC,QUEBEC INTL,CAN_QC_Quebec.Intl.AP.717140_CWEC2020.zip
ERS-EX-27046-in.idf,Quebec Intl AP_QC,QUEBEC INTL,CAN_QC_Quebec.Intl.AP.717140_CWEC2020.zip
ERS-EX-27047-in.idf,Quebec Intl AP_QC,QUEBEC INTL,CAN_QC_Quebec.Intl.AP.717140_CWEC2020.zip
ERS-EX-27049-in.idf,Quebec Intl AP_QC,QUEBEC INTL,CAN_QC_Quebec.Intl.AP.717140_CWEC2020.zip
ERS-EX-27052-in.idf,Quebec Intl AP_QC,QUEBEC INTL,CAN_QC_Quebec.Intl.AP.717140_CWEC2020.zip
ERS-EX-27053-in.idf,Quebec Intl AP_QC,QUEBEC INTL,CAN_QC_Quebec.Intl.AP.717140_CWEC2020.zip
ERS-EX-27055-in.idf,Quebec Intl AP_QC,QUEBEC INTL,CAN_QC_Quebec.Intl.AP.717140_CWEC2020.zip
ERS-EX-27058-in.idf,Quebec Intl AP_QC,QUEBEC INTL,CAN_QC_Quebec.Intl.AP.717140_CWEC2020.zip
ERS-EX-27061-in.idf,Quebec Intl AP_QC,QUEBEC INTL,CAN_QC_Quebec.Intl.AP.717140_CWEC2020.zip
ERS-EX-27065-in.idf,Quebec Intl AP_QC,QUEBEC INTL,CAN_QC_Quebec.Intl.AP.717140_CWEC2020.zip
ERS-EX-27068-in.idf,Quebec Intl AP_QC,QUEBEC INTL,CAN_QC_Quebec.Intl.AP.717140_CWEC2020.zip
ERS-EX-27071-in.idf,Quebec Intl AP_QC,QUEBEC INTL,CAN_QC_Quebec.Intl.AP.717140_CWEC2020.zip
ERS-EX-27073-in.idf,Quebec Intl AP_QC,QUEBEC INTL,CAN_QC_Quebec.Intl.AP.717140_CWEC2020.zip
ERS-EX-27074-in.idf,Quebec Intl AP_QC,QUEBEC INTL,CAN_QC_Quebec.Intl.AP.717140_CWEC2020.zip
ERS-EX-27076-in.idf,Quebec Intl AP_QC,QUEBEC INTL,CAN_QC_Quebec.Intl.AP.717140_CWEC2020.zip
ERS-EX-27079-in.idf,Quebec Intl AP_QC,QUEBEC INTL,CAN_QC_Quebec.Intl.AP.717140_CWEC2020.zip
ERS-EX-27083-in.idf,Quebec Intl AP_QC,QUEBEC INTL,CAN_QC_Quebec.Intl.AP.717140_CWEC2020.zip
ERS-EX-27085-in.idf,Quebec Intl AP_QC,QUEBEC INTL,CAN_QC_Quebec.Intl.AP.717140_CWEC2020.zip
ERS-EX-27086-in.idf,Quebec Intl AP_QC,QUEBEC INTL,CAN_QC_Quebec.Intl.AP.717140_CWEC2020.zip
ERS-EX-27087-in.idf,Quebec Intl AP_QC,QUEBEC INTL,CAN_QC_Quebec.Intl.AP.717140_CWEC2020.zip
ERS-EX-27089-in.idf,Quebec Intl AP_QC,QUEBEC INTL,CAN_QC_Quebec.Intl.AP.717140_CWEC2020.zip
ERS-EX-27090-in.idf,Quebec Intl AP_QC,QUEBEC INTL,CAN_QC_Quebec.Intl.AP.717140_CWEC2020.zip
ERS-EX-27097-in.idf,Quebec Intl AP_QC,QUEBEC INTL,CAN_QC_Quebec.Intl.AP.717140_CWEC2020.zip
ERS-EX-27099-in.idf,Quebec Intl AP_QC,QUEBEC INTL,CAN_QC_Quebec.Intl.AP.717140_CWEC2020.zip
ERS-EX-27101-in.idf,Quebec Intl AP_QC,QUEBEC INTL,CAN_QC_Quebec.Intl.AP.717140_CWEC2020.zip
ERS-EX-27105-in.idf,Quebec Intl AP_QC,QUEBEC INTL,CAN_QC_Quebec.Intl.AP.717140_CWEC2020.zip
ERS-EX-27106-in.idf,Quebec Intl AP_QC,QUEBEC INTL,CAN_QC_Quebec.Intl.AP.717140_CWEC2020.zip
ERS-EX-27108-in.idf,Quebec Intl AP_QC,QUEBEC INTL,CAN_QC_Quebec.Intl.AP.717140_CWEC2020.zip
ERS-EX-27110-in.idf,Quebec Intl AP_QC,QUEBEC INTL,CAN_QC_Quebec.Intl.AP.717140_CWEC2020.zip
ERS-EX-27111-in.idf,Quebec Intl AP_QC,QUEBEC INTL,CAN_QC_Quebec.Intl.AP.717140_CWEC2020.zip
ERS-EX-27112-in.idf,Quebec Intl AP_QC,QUEBEC INTL,CAN_QC_Quebec.Intl.AP.717140_CWEC2020.zip
ERS-EX-27116-in.idf,Quebec Intl AP_QC,QUEBEC INTL,CAN_QC_Quebec.Intl.AP.717140_CWEC2020.zip
ERS-EX-27117-in.idf,Quebec Intl AP_QC,QUEBEC INTL,CAN_QC_Quebec.Intl.AP.717140_CWEC2020.zip
ERS-EX-2712-in.idf,Whitehorse AP_YT,WHITEHORSE,CAN_YT_Whitehorse.AP.719640_CWEC2020.zip
ERS-EX-27120-in.idf,Quebec Intl AP_QC,QUEBEC INTL,CAN_QC_Quebec.Intl.AP.717140_CWEC2020.zip
ERS-EX-27124-in.idf,Quebec Intl AP_QC,QUEBEC INTL,CAN_QC_Quebec.Intl.AP.717140_CWEC2020.zip
ERS-EX-27126-in.idf,Quebec Intl AP_QC,QUEBEC INTL,CAN_QC_Quebec.Intl.AP.717140_CWEC2020.zip
ERS-EX-27128-in.idf,Montreal Intl AP_QC,MONTREAL INTL,CAN_QC_Montreal.Intl.AP.716270_CWEC2020.zip
ERS-EX-27131-in.idf,Montreal Intl AP_QC,MONTREAL INTL,CAN_QC_Montreal.Intl.AP.716270_CWEC2020.zip
ERS-EX-27135-in.idf,Montreal Intl AP_QC,MONTREAL INTL,CAN_QC_Montreal.Intl.AP.716270_CWEC2020.zip
ERS-EX-27136-in.idf,Montreal Intl AP_QC,MONTREAL INTL,CAN_QC_Montreal.Intl.AP.716270_CWEC2020.zip
ERS-EX-27139-in.idf,Montreal Intl AP_QC,MONTREAL INTL,CAN_QC_Montreal.Intl.AP.716270_CWEC2020.zip
ERS-EX-27141-in.idf,Montreal Intl AP_QC,MONTREAL INTL,CAN_QC_Montreal.Intl.AP.716270_CWEC2020.zip
ERS-EX-27142-in.idf,Montreal Intl AP_QC,MONTREAL INTL,CAN_QC_Montreal.Intl.AP.716270_CWEC2020.zip
ERS-EX-27144-in.idf,Montreal Intl AP_QC,MONTREAL INTL,CAN_QC_Montreal.Intl.AP.716270_CWEC2020.zip
ERS-EX-27145-in.idf,Montreal Intl AP_QC,MONTREAL INTL,CAN_QC_Montreal.Intl.AP.716270_CWEC2020.zip
ERS-EX-27146-in.idf,Montreal Intl AP_QC,MONTREAL INTL,CAN_QC_Montreal.Intl.AP.716270_CWEC2020.zip
ERS-EX-27147-in.idf,Montreal Intl AP_QC,MONTREAL INTL,CAN_QC_Montreal.Intl.AP.716270_CWEC2020.zip
ERS-EX-27150-in.idf,Montreal Intl AP_QC,MONTREAL INTL,CAN_QC_Montreal.Intl.AP.716270_CWEC2020.zip
ERS-EX-27154-in.idf,Montreal Intl AP_QC,MONTREAL INTL,CAN_QC_Montreal.Intl.AP.716270_CWEC2020.zip
ERS-EX-27157-in.idf,Montreal Intl AP_QC,MONTREAL INTL,CAN_QC_Montreal.Intl.AP.716270_CWEC2020.zip
ERS-EX-27159-in.idf,Montreal Intl AP_QC,MONTREAL INTL,CAN_QC_Montreal.Intl.AP.716270_CWEC2020.zip
ERS-EX-2716-in.idf,Whitehorse AP_YT,WHITEHORSE,CAN_YT_Whitehorse.AP.719640_CWEC2020.zip
ERS-EX-27160-in.idf,Montreal Intl AP_QC,MONTREAL INTL,CAN_QC_Montreal.Intl.AP.716270_CWEC2020.zip
ERS-EX-27161-in.idf,Montreal Intl AP_QC,MONTREAL INTL,CAN_QC_Montreal.Intl.AP.716270_CWEC2020.zip
ERS-EX-27163-in.idf,Montreal Intl AP_QC,MONTREAL INTL,CAN_QC_Montreal.Intl.AP.716270_CWEC2020.zip
ERS-EX-27164-in.idf,Montreal Intl AP_QC,MONTREAL INTL,CAN_QC_Montreal.Intl.AP.716270_CWEC2020.zip
ERS-EX-27171-in.idf,Montreal Intl AP_QC,MONTREAL INTL,CAN_QC_Montreal.Intl.AP.716270_CWEC2020.zip
ERS-EX-27172-in.idf,Montreal Intl AP_QC,MONTREAL INTL,CAN_QC_Montreal.Intl.AP.716270_CWEC2020.zip
ERS-EX-27173-in.idf,Montreal Intl AP_QC,MONTREAL INTL,CAN_QC_Montreal.Intl.AP.716270_CWEC2020.zip
ERS-EX-27175-in.idf,Montreal Intl AP_QC,MONTREAL INTL,CAN_QC_Montreal.Intl.AP.716270_CWEC2020.zip
ERS-EX-27176-in.idf,Montreal Intl AP_QC,MONTREAL INTL,CAN_QC_Montreal.Intl.AP.716270_CWEC2020.zip
ERS-EX-2718-in.idf,Whitehorse AP_YT,WHITEHORSE,CAN_YT_Whitehorse.AP.719640_CWEC2020.zip
ERS-EX-27183-in.idf,Quebec Intl AP_QC,QUEBEC INTL,CAN_QC_Quebec.Intl.AP.717140_CWEC2020.zip
ERS-EX-27184-in.idf,Mont Joli AP_QC,MONT JOLI,CAN_QC_Mont.Joli.AP.717180_CWEC2020.zip
ERS-EX-27185-in.idf,Mont Joli AP_QC,MONT JOLI,CAN_QC_Mont.Joli.AP.717180_CWEC2020.zip
ERS-EX-27188-in.idf,Mont Joli AP_QC,MONT JOLI,CAN_QC_Mont.Joli.AP.717180_CWEC2020.zip
ERS-EX-2719-in.idf,Whitehorse AP_YT,WHITEHORSE,CAN_YT_Whitehorse.AP.719640_CWEC2020.zip
ERS-EX-27191-in.idf,Mont Joli AP_QC,MONT JOLI,CAN_QC_Mont.Joli.AP.717180_CWEC2020.zip
ERS-EX-27193-in.idf,Mont Joli AP_QC,MONT JOLI,CAN_QC_Mont.Joli.AP.717180_CWEC2020.zip
ERS-EX-27194-in.idf,Mont Joli AP_QC,MONT JOLI,CAN_QC_Mont.Joli.AP.717180_CWEC2020.zip
ERS-EX-27196-in.idf,Mont Joli AP_QC,MONT JOLI,CAN_QC_Mont.Joli.AP.717180_CWEC2020.zip
ERS-EX-27203-in.idf,Quebec Intl AP_QC,QUEBEC INTL,CAN_QC_Quebec.Intl.AP.717140_CWEC2020.zip
ERS-EX-27204-in.idf,Quebec Intl AP_QC,QUEBEC INTL,CAN_QC_Quebec.Intl.AP.717140_CWEC2020.zip
ERS-EX-27205-in.idf,Quebec Intl AP_QC,QUEBEC INTL,CAN_QC_Quebec.Intl.AP.717140_CWEC2020.zip
ERS-EX-27206-in.idf,Quebec Intl AP_QC,QUEBEC INTL,CAN_QC_Quebec.Intl.AP.717140_CWEC2020.zip
ERS-EX-27207-in.idf,Quebec Intl AP_QC,QUEBEC INTL,CAN_QC_Quebec.Intl.AP.717140_CWEC2020.zip
ERS-EX-27210-in.idf,Quebec Intl AP_QC,QUEBEC INTL,CAN_QC_Quebec.Intl.AP.717140_CWEC2020.zip
ERS-EX-27213-in.idf,Quebec Intl AP_QC,QUEBEC INTL,CAN_QC_Quebec.Intl.AP.717140_CWEC2020.zip
ERS-EX-27217-in.idf,Quebec Intl AP_QC,QUEBEC INTL,CAN_QC_Quebec.Intl.AP.717140_CWEC2020.zip
ERS-EX-27219-in.idf,Quebec Intl AP_QC,QUEBEC INTL,CAN_QC_Quebec.Intl.AP.717140_CWEC2020.zip
ERS-EX-2722-in.idf,Whitehorse AP_YT,WHITEHORSE,CAN_YT_Whitehorse.AP.719640_CWEC2020.zip
ERS-EX-27220-in.idf,Quebec Intl AP_QC,QUEBEC INTL,CAN_QC_Quebec.Intl.AP.717140_CWEC2020.zip
ERS-EX-27222-in.idf,Quebec Intl AP_QC,QUEBEC INTL,CAN_QC_Quebec.Intl.AP.717140_CWEC2020.zip
ERS-EX-27223-in.idf,Quebec Intl AP_QC,QUEBEC INTL,CAN_QC_Quebec.Intl.AP.717140_CWEC2020.zip
ERS-EX-27228-in.idf,Quebec Intl AP_QC,QUEBEC INTL,CAN_QC_Quebec.Intl.AP.717140_CWEC2020.zip
ERS-EX-27229-in.idf,Quebec Intl AP_QC,QUEBEC INTL,CAN_QC_Quebec.Intl.AP.717140_CWEC2020.zip
ERS-EX-27231-in.idf,Quebec Intl AP_QC,QUEBEC INTL,CAN_QC_Quebec.Intl.AP.717140_CWEC2020.zip
ERS-EX-27232-in.idf,Quebec Intl AP_QC,QUEBEC INTL,CAN_QC_Quebec.Intl.AP.717140_CWEC2020.zip
ERS-EX-27233-in.idf,Quebec Intl AP_QC,QUEBEC INTL,CAN_QC_Quebec.Intl.AP.717140_CWEC2020.zip
ERS-EX-27235-in.idf,Quebec Intl AP_QC,QUEBEC INTL,CAN_QC_Quebec.Intl.AP.717140_CWEC2020.zip
ERS-EX-27237-in.idf,Quebec Intl AP_QC,QUEBEC INTL,CAN_QC_Quebec.Intl.AP.717140_CWEC2020.zip
ERS-EX-27239-in.idf,Quebec Intl AP_QC,QUEBEC INTL,CAN_QC_Quebec.Intl.AP.717140_CWEC2020.zip
ERS-EX-27242-in.idf,Quebec Intl AP_QC,QUEBEC INTL,CAN_QC_Quebec.Intl.AP.717140_CWEC2020.zip
ERS-EX-27244-in.idf,Quebec Intl AP_QC,QUEBEC INTL,CAN_QC_Quebec.Intl.AP.717140_CWEC2020.zip
ERS-EX-27250-in.idf,Quebec Intl AP_QC,QUEBEC INTL,CAN_QC_Quebec.Intl.AP.717140_CWEC2020.zip
ERS-EX-27251-in.idf,Quebec Intl AP_QC,QUEBEC INTL,CAN_QC_Quebec.Intl.AP.717140_CWEC2020.zip
ERS-EX-27252-in.idf,Quebec Intl AP_QC,QUEBEC INTL,CAN_QC_Quebec.Intl.AP.717140_CWEC2020.zip
ERS-EX-27257-in.idf,Quebec Intl AP_QC,QUEBEC INTL,CAN_QC_Quebec.Intl.AP.717140_CWEC2020.zip
ERS-EX-27259-in.idf,Quebec Intl AP_QC,QUEBEC INTL,CAN_QC_Quebec.Intl.AP.717140_CWEC2020.zip
ERS-EX-27260-in.idf,Quebec Intl AP_QC,QUEBEC INTL,CAN_QC_Quebec.Intl.AP.717140_CWEC2020.zip
ERS-EX-27261-in.idf,Quebec Intl AP_QC,QUEBEC INTL,CAN_QC_Quebec.Intl.AP.717140_CWEC2020.zip
ERS-EX-27262-in.idf,Quebec Intl AP_QC,QUEBEC INTL,CAN_QC_Quebec.Intl.AP.717140_CWEC2020.zip
ERS-EX-27265-in.idf,Quebec Intl AP_QC,QUEBEC INTL,CAN_QC_Quebec.Intl.AP.717140_CWEC2020.zip
ERS-EX-27278-in.idf,Ottawa Intl AP_ON,OTTAWA INTL,CAN_ON_Ottawa.Intl.AP.716280_CWEC2020.zip
ERS-EX-27282-in.idf,Muskoka_ON,MUSKOKA,CAN_ON_Muskoka.715320_CWEC2020.zip
ERS-EX-27285-in.idf,Muskoka_ON,MUSKOKA,CAN_ON_Muskoka.715320_CWEC2020.zip
ERS-EX-27296-in.idf,Muskoka_ON,MUSKOKA,CAN_ON_Muskoka.715320_CWEC2020.zip
ERS-EX-27299-in.idf,Muskoka_ON,MUSKOKA,CAN_ON_Muskoka.715320_CWEC2020.zip
ERS-EX-2730-in.idf,Whitehorse AP_YT,WHITEHORSE,CAN_YT_Whitehorse.AP.719640_CWEC2020.zip
ERS-EX-27301-in.idf,Erieau AUT_ON,ERIEAU,CAN_ON_Erieau.AUT.714650_CWEC2020.zip
ERS-EX-2731-in.idf,Inuvik AP_NT,INUVIK,CAN_NT_Inuvik.AP.719570_CWEC2020.zip
ERS-EX-2732-in.idf,Inuvik AP_NT,INUVIK,CAN_NT_Inuvik.AP.719570_CWEC2020.zip
ERS-EX-27329-in.idf,Ottawa Intl AP_ON,OTTAWA INTL,CAN_ON_Ottawa.Intl.AP.716280_CWEC2020.zip
ERS-EX-2733-in.idf,Inuvik AP_NT,INUVIK,CAN_NT_Inuvik.AP.719570_CWEC2020.zip
ERS-EX-2734-in.idf,Inuvik AP_NT,INUVIK,CAN_NT_Inuvik.AP.719570_CWEC2020.zip
ERS-EX-27342-in.idf,Muskoka_ON,MUSKOKA,CAN_ON_Muskoka.715320_CWEC2020.zip
ERS-EX-27347-in.idf,Muskoka_ON,MUSKOKA,CAN_ON_Muskoka.715320_CWEC2020.zip
ERS-EX-27373-in.idf,Toronto Intl AP_ON,TORONTO INTL,CAN_ON_Toronto.Intl.AP.716240_CWEC2020.zip
ERS-EX-27378-in.idf,Toronto Intl AP_ON,TORONTO INTL,CAN_ON_Toronto.Intl.AP.716240_CWEC2020.zip
ERS-EX-27380-in.idf,Toronto Intl AP_ON,TORONTO INTL,CAN_ON_Toronto.Intl.AP.716240_CWEC2020.zip
ERS-EX-2739-in.idf,Inuvik AP_NT,INUVIK,CAN_NT_Inuvik.AP.719570_CWEC2020.zip
ERS-EX-27395-in.idf,Toronto Intl AP_ON,TORONTO INTL,CAN_ON_Toronto.Intl.AP.716240_CWEC2020.zip
ERS-EX-27402-in.idf,Toronto Intl AP_ON,TORONTO INTL,CAN_ON_Toronto.Intl.AP.716240_CWEC2020.zip
ERS-EX-2741-in.idf,Inuvik AP_NT,INUVIK,CAN_NT_Inuvik.AP.719570_CWEC2020.zip
ERS-EX-27425-in.idf,Toronto City Centre_ON,TORONTO CITY CENTRE,CAN_ON_Toronto.City.Centre.712650_CWEC2020.zip
ERS-EX-27434-in.idf,Toronto City Centre_ON,TORONTO CITY CENTRE,CAN_ON_Toronto.City.Centre.712650_CWEC2020.zip
ERS-EX-27459-in.idf,Toronto Intl AP_ON,TORONTO INTL,CAN_ON_Toronto.Intl.AP.716240_CWEC2020.zip
ERS-EX-2746-in.idf,Inuvik AP_NT,INUVIK,CAN_NT_Inuvik.AP.719570_CWEC2020.zip
ERS-EX-2747-in.idf,Inuvik AP_NT,INUVIK,CAN_NT_Inuvik.AP.719570_CWEC2020.zip
ERS-EX-2748-in.idf,Inuvik AP_NT,INUVIK,CAN_NT_Inuvik.AP.719570_CWEC2020.zip
ERS-EX-27499-in.idf,Toronto Intl AP_ON,TORONTO INTL,CAN_ON_Toronto.Intl.AP.716240_CWEC2020.zip
ERS-EX-2750-in.idf,Inuvik AP_NT,INUVIK,CAN_NT_Inuvik.AP.719570_CWEC2020.zip
ERS-EX-27517-in.idf,Toronto Intl AP_ON,TORONTO INTL,CAN_ON_Toronto.Intl.AP.716240_CWEC2020.zip
ERS-EX-2753-in.idf,Inuvik AP_NT,INUVIK,CAN_NT_Inuvik.AP.719570_CWEC2020.zip
ERS-EX-2754-in.idf,Inuvik AP_NT,INUVIK,CAN_NT_Inuvik.AP.719570_CWEC2020.zip
ERS-EX-27549-in.idf,Toronto Intl AP_ON,TORONTO INTL,CAN_ON_Toronto.Intl.AP.716240_CWEC2020.zip
ERS-EX-2756-in.idf,Inuvik AP_NT,INUVIK,CAN_NT_Inuvik.AP.719570_CWEC2020.zip
ERS-EX-27566-in.idf,Toronto Intl AP_ON,TORONTO INTL,CAN_ON_Toronto.Intl.AP.716240_CWEC2020.zip
ERS-EX-27579-in.idf,Toronto Intl AP_ON,TORONTO INTL,CAN_ON_Toronto.Intl.AP.716240_CWEC2020.zip
ERS-EX-27587-in.idf,Toronto Intl AP_ON,TORONTO INTL,CAN_ON_Toronto.Intl.AP.716240_CWEC2020.zip
ERS-EX-2760-in.idf,Inuvik AP_NT,INUVIK,CAN_NT_Inuvik.AP.719570_CWEC2020.zip
ERS-EX-2763-in.idf,Whitehorse AP_YT,WHITEHORSE,CAN_YT_Whitehorse.AP.719640_CWEC2020.zip
ERS-EX-2768-in.idf,Whitehorse AP_YT,WHITEHORSE,CAN_YT_Whitehorse.AP.719640_CWEC2020.zip
ERS-EX-27684-in.idf,Toronto Intl AP_ON,TORONTO INTL,CAN_ON_Toronto.Intl.AP.716240_CWEC2020.zip
ERS-EX-27705-in.idf,Toronto Intl AP_ON,TORONTO INTL,CAN_ON_Toronto.Intl.AP.716240_CWEC2020.zip
ERS-EX-27712-in.idf,Toronto Intl AP_ON,TORONTO INTL,CAN_ON_Toronto.Intl.AP.716240_CWEC2020.zip
ERS-EX-2772-in.idf,Whitehorse AP_YT,WHITEHORSE,CAN_YT_Whitehorse.AP.719640_CWEC2020.zip
ERS-EX-27740-in.idf,Toronto Intl AP_ON,TORONTO INTL,CAN_ON_Toronto.Intl.AP.716240_CWEC2020.zip
ERS-EX-27789-in.idf,Toronto Intl AP_ON,TORONTO INTL,CAN_ON_Toronto.Intl.AP.716240_CWEC2020.zip
ERS-EX-27807-in.idf,Toronto Intl AP_ON,TORONTO INTL,CAN_ON_Toronto.Intl.AP.716240_CWEC2020.zip
ERS-EX-27812-in.idf,Toronto Intl AP_ON,TORONTO INTL,CAN_ON_Toronto.Intl.AP.716240_CWEC2020.zip
ERS-EX-27829-in.idf,Toronto Intl AP_ON,TORONTO INTL,CAN_ON_Toronto.Intl.AP.716240_CWEC2020.zip
ERS-EX-27837-in.idf,Toronto Intl AP_ON,TORONTO INTL,CAN_ON_Toronto.Intl.AP.716240_CWEC2020.zip
ERS-EX-27866-in.idf,Toronto Intl AP_ON,TORONTO INTL,CAN_ON_Toronto.Intl.AP.716240_CWEC2020.zip
ERS-EX-2787-in.idf,Whitehorse AP_YT,WHITEHORSE,CAN_YT_Whitehorse.AP.719640_CWEC2020.zip
ERS-EX-27870-in.idf,Toronto Intl AP_ON,TORONTO INTL,CAN_ON_Toronto.Intl.AP.716240_CWEC2020.zip
ERS-EX-27875-in.idf,Toronto Intl AP_ON,TORONTO INTL,CAN_ON_Toronto.Intl.AP.716240_CWEC2020.zip
ERS-EX-27877-in.idf,Toronto Intl AP_ON,TORONTO INTL,CAN_ON_Toronto.Intl.AP.716240_CWEC2020.zip
ERS-EX-27884-in.idf,Toronto Intl AP_ON,TORONTO INTL,CAN_ON_Toronto.Intl.AP.716240_CWEC2020.zip
ERS-EX-27931-in.idf,Toronto Intl AP_ON,TORONTO INTL,CAN_ON_Toronto.Intl.AP.716240_CWEC2020.zip
ERS-EX-2794-in.idf,Whitehorse AP_YT,WHITEHORSE,CAN_YT_Whitehorse.AP.719640_CWEC2020.zip
ERS-EX-27949-in.idf,Wiarton AP_ON,WIARTON,CAN_ON_Wiarton.AP.716330_CWEC2020.zip
ERS-EX-2800-in.idf,Whitehorse AP_YT,WHITEHORSE,CAN_YT_Whitehorse.AP.719640_CWEC2020.zip
ERS-EX-28060-in.idf,Toronto Intl AP_ON,TORONTO INTL,CAN_ON_Toronto.Intl.AP.716240_CWEC2020.zip
ERS-EX-2807-in.idf,Whitehorse AP_YT,WHITEHORSE,CAN_YT_Whitehorse.AP.719640_CWEC2020.zip
ERS-EX-28086-in.idf,Toronto Intl AP_ON,TORONTO INTL,CAN_ON_Toronto.Intl.AP.716240_CWEC2020.zip
ERS-EX-28103-in.idf,Toronto Intl AP_ON,TORONTO INTL,CAN_ON_Toronto.Intl.AP.716240_CWEC2020.zip
ERS-EX-28117-in.idf,Toronto Intl AP_ON,TORONTO INTL,CAN_ON_Toronto.Intl.AP.716240_CWEC2020.zip
ERS-EX-28184-in.idf,Toronto Intl AP_ON,TORONTO INTL,CAN_ON_Toronto.Intl.AP.716240_CWEC2020.zip
ERS-EX-28188-in.idf,Toronto Intl AP_ON,TORONTO INTL,CAN_ON_Toronto.Intl.AP.716240_CWEC2020.zip
ERS-EX-28198-in.idf,Toronto Intl AP_ON,TORONTO INTL,CAN_ON_Toronto.Intl.AP.716240_CWEC2020.zip
ERS-EX-2825-in.idf,Whitehorse AP_YT,WHITEHORSE,CAN_YT_Whitehorse.AP.719640_CWEC2020.zip
ERS-EX-28255-in.idf,Toronto Intl AP_ON,TORONTO INTL,CAN_ON_Toronto.Intl.AP.716240_CWEC2020.zip
ERS-EX-28273-in.idf,Toronto Intl AP_ON,TORONTO INTL,CAN_ON_Toronto.Intl.AP.716240_CWEC2020.zip
ERS-EX-2829-in.idf,Whitehorse AP_YT,WHITEHORSE,CAN_YT_Whitehorse.AP.719640_CWEC2020.zip
ERS-EX-2830-in.idf,Whitehorse AP_YT,WHITEHORSE,CAN_YT_Whitehorse.AP.719640_CWEC2020.zip
ERS-EX-28315-in.idf,Toronto Intl AP_ON,TORONTO INTL,CAN_ON_Toronto.Intl.AP.716240_CWEC2020.zip
ERS-EX-2833-in.idf,Whitehorse AP_YT,WHITEHORSE,CAN_YT_Whitehorse.AP.719640_CWEC2020.zip
ERS-EX-28335-in.idf,Toronto Intl AP_ON,TORONTO INTL,CAN_ON_Toronto.Intl.AP.716240_CWEC2020.zip
ERS-EX-2834-in.idf,Whitehorse AP_YT,WHITEHORSE,CAN_YT_Whitehorse.AP.719640_CWEC2020.zip
ERS-EX-28342-in.idf,Toronto Intl AP_ON,TORONTO INTL,CAN_ON_Toronto.Intl.AP.716240_CWEC2020.zip
ERS-EX-28348-in.idf,Toronto Intl AP_ON,TORONTO INTL,CAN_ON_Toronto.Intl.AP.716240_CWEC2020.zip
ERS-EX-2840-in.idf,Whitehorse AP_YT,WHITEHORSE,CAN_YT_Whitehorse.AP.719640_CWEC2020.zip
ERS-EX-28406-in.idf,Toronto Intl AP_ON,TORONTO INTL,CAN_ON_Toronto.Intl.AP.716240_CWEC2020.zip
ERS-EX-2843-in.idf,Whitehorse AP_YT,WHITEHORSE,CAN_YT_Whitehorse.AP.719640_CWEC2020.zip
ERS-EX-2844-in.idf,Whitehorse AP_YT,WHITEHORSE,CAN_YT_Whitehorse.AP.719640_CWEC2020.zip
ERS-EX-28460-in.idf,Ottawa Intl AP_ON,OTTAWA INTL,CAN_ON_Ottawa.Intl.AP.716280_CWEC2020.zip
ERS-EX-28479-in.idf,Ottawa Intl AP_ON,OTTAWA INTL,CAN_ON_Ottawa.Intl.AP.716280_CWEC2020.zip
ERS-EX-2848-in.idf,Whitehorse AP_YT,WHITEHORSE,CAN_YT_Whitehorse.AP.719640_CWEC2020.zip
ERS-EX-28491-in.idf,Ottawa Intl AP_ON,OTTAWA INTL,CAN_ON_Ottawa.Intl.AP.716280_CWEC2020.zip
ERS-EX-28492-in.idf,Ottawa Intl AP_ON,OTTAWA INTL,CAN_ON_Ottawa.Intl.AP.716280_CWEC2020.zip
ERS-EX-28495-in.idf,Ottawa Intl AP_ON,OTTAWA INTL,CAN_ON_Ottawa.Intl.AP.716280_CWEC2020.zip
ERS-EX-28512-in.idf,Ottawa Intl AP_ON,OTTAWA INTL,CAN_ON_Ottawa.Intl.AP.716280_CWEC2020.zip
ERS-EX-28537-in.idf,Sault Ste Marie AP_ON,SAULT STE MARIE,CAN_ON_Sault.Ste.Marie.AP.712600_CWEC2020.zip
ERS-EX-28538-in.idf,Montreal Intl AP_QC,MONTREAL INTL,CAN_QC_Montreal.Intl.AP.716270_CWEC2020.zip
ERS-EX-2856-in.idf,Whitehorse AP_YT,WHITEHORSE,CAN_YT_Whitehorse.AP.719640_CWEC2020.zip
ERS-EX-2857-in.idf,Whitehorse AP_YT,WHITEHORSE,CAN_YT_Whitehorse.AP.719640_CWEC2020.zip
ERS-EX-28602-in.idf,Ottawa Intl AP_ON,OTTAWA INTL,CAN_ON_Ottawa.Intl.AP.716280_CWEC2020.zip
ERS-EX-2861-in.idf,Whitehorse AP_YT,WHITEHORSE,CAN_YT_Whitehorse.AP.719640_CWEC2020.zip
ERS-EX-28614-in.idf,Ottawa Intl AP_ON,OTTAWA INTL,CAN_ON_Ottawa.Intl.AP.716280_CWEC2020.zip
ERS-EX-28632-in.idf,Ottawa Intl AP_ON,OTTAWA INTL,CAN_ON_Ottawa.Intl.AP.716280_CWEC2020.zip
ERS-EX-28671-in.idf,Ottawa Intl AP_ON,OTTAWA INTL,CAN_ON_Ottawa.Intl.AP.716280_CWEC2020.zip
ERS-EX-2868-in.idf,Whitehorse AP_YT,WHITEHORSE,CAN_YT_Whitehorse.AP.719640_CWEC2020.zip
ERS-EX-28695-in.idf,Ottawa Intl AP_ON,OTTAWA INTL,CAN_ON_Ottawa.Intl.AP.716280_CWEC2020.zip
ERS-EX-28734-in.idf,Sault Ste Marie AP_ON,SAULT STE MARIE,CAN_ON_Sault.Ste.Marie.AP.712600_CWEC2020.zip
ERS-EX-2877-in.idf,Whitehorse AP_YT,WHITEHORSE,CAN_YT_Whitehorse.AP.719640_CWEC2020.zip
ERS-EX-28779-in.idf,Sault Ste Marie AP_ON,SAULT STE MARIE,CAN_ON_Sault.Ste.Marie.AP.712600_CWEC2020.zip
ERS-EX-2878-in.idf,Whitehorse AP_YT,WHITEHORSE,CAN_YT_Whitehorse.AP.719640_CWEC2020.zip
ERS-EX-28780-in.idf,Sault Ste Marie AP_ON,SAULT STE MARIE,CAN_ON_Sault.Ste.Marie.AP.712600_CWEC2020.zip
ERS-EX-28782-in.idf,Sault Ste Marie AP_ON,SAULT STE MARIE,CAN_ON_Sault.Ste.Marie.AP.712600_CWEC2020.zip
ERS-EX-2879-in.idf,Whitehorse AP_YT,WHITEHORSE,CAN_YT_Whitehorse.AP.719640_CWEC2020.zip
ERS-EX-28813-in.idf,Sault Ste Marie AP_ON,SAULT STE MARIE,CAN_ON_Sault.Ste.Marie.AP.712600_CWEC2020.zip
ERS-EX-2882-in.idf,Whitehorse AP_YT,WHITEHORSE,CAN_YT_Whitehorse.AP.719640_CWEC2020.zip
ERS-EX-28835-in.idf,Ottawa Intl AP_ON,OTTAWA INTL,CAN_ON_Ottawa.Intl.AP.716280_CWEC2020.zip
ERS-EX-28844-in.idf,Ottawa Intl AP_ON,OTTAWA INTL,CAN_ON_Ottawa.Intl.AP.716280_CWEC2020.zip
ERS-EX-28867-in.idf,Ottawa Intl AP_ON,OTTAWA INTL,CAN_ON_Ottawa.Intl.AP.716280_CWEC2020.zip
ERS-EX-28872-in.idf,Ottawa Intl AP_ON,OTTAWA INTL,CAN_ON_Ottawa.Intl.AP.716280_CWEC2020.zip
ERS-EX-28879-in.idf,Toronto City Centre_ON,TORONTO CITY CENTRE,CAN_ON_Toronto.City.Centre.712650_CWEC2020.zip
ERS-EX-28909-in.idf,Ottawa Intl AP_ON,OTTAWA INTL,CAN_ON_Ottawa.Intl.AP.716280_CWEC2020.zip
ERS-EX-2891-in.idf,Whitehorse AP_YT,WHITEHORSE,CAN_YT_Whitehorse.AP.719640_CWEC2020.zip
ERS-EX-28910-in.idf,Ottawa Intl AP_ON,OTTAWA INTL,CAN_ON_Ottawa.Intl.AP.716280_CWEC2020.zip
ERS-EX-28925-in.idf,Ottawa Intl AP_ON,OTTAWA INTL,CAN_ON_Ottawa.Intl.AP.716280_CWEC2020.zip
ERS-EX-28932-in.idf,Ottawa Intl AP_ON,OTTAWA INTL,CAN_ON_Ottawa.Intl.AP.716280_CWEC2020.zip
ERS-EX-28968-in.idf,Ottawa Intl AP_ON,OTTAWA INTL,CAN_ON_Ottawa.Intl.AP.716280_CWEC2020.zip
ERS-EX-28976-in.idf,Ottawa Intl AP_ON,OTTAWA INTL,CAN_ON_Ottawa.Intl.AP.716280_CWEC2020.zip
ERS-EX-28993-in.idf,Toronto City Centre_ON,TORONTO CITY CENTRE,CAN_ON_Toronto.City.Centre.712650_CWEC2020.zip
ERS-EX-29000-in.idf,Toronto City Centre_ON,TORONTO CITY CENTRE,CAN_ON_Toronto.City.Centre.712650_CWEC2020.zip
ERS-EX-2912-in.idf,Whitehorse AP_YT,WHITEHORSE,CAN_YT_Whitehorse.AP.719640_CWEC2020.zip
ERS-EX-29120-in.idf,Ottawa Intl AP_ON,OTTAWA INTL,CAN_ON_Ottawa.Intl.AP.716280_CWEC2020.zip
ERS-EX-29125-in.idf,Trenton AP_ON,TRENTON,CAN_ON_Trenton.AP.716210_CWEC2020.zip
ERS-EX-2913-in.idf,Whitehorse AP_YT,WHITEHORSE,CAN_YT_Whitehorse.AP.719640_CWEC2020.zip
ERS-EX-29147-in.idf,Toronto Intl AP_ON,TORONTO INTL,CAN_ON_Toronto.Intl.AP.716240_CWEC2020.zip
ERS-EX-2916-in.idf,Whitehorse AP_YT,WHITEHORSE,CAN_YT_Whitehorse.AP.719640_CWEC2020.zip
ERS-EX-29174-in.idf,Toronto Intl AP_ON,TORONTO INTL,CAN_ON_Toronto.Intl.AP.716240_CWEC2020.zip
ERS-EX-29181-in.idf,Toronto Intl AP_ON,TORONTO INTL,CAN_ON_Toronto.Intl.AP.716240_CWEC2020.zip
ERS-EX-29188-in.idf,Toronto Intl AP_ON,TORONTO INTL,CAN_ON_Toronto.Intl.AP.716240_CWEC2020.zip
ERS-EX-29202-in.idf,Toronto Intl AP_ON,TORONTO INTL,CAN_ON_Toronto.Intl.AP.716240_CWEC2020.zip
ERS-EX-29212-in.idf,Toronto Intl AP_ON,TORONTO INTL,CAN_ON_Toronto.Intl.AP.716240_CWEC2020.zip
ERS-EX-29213-in.idf,Toronto Intl AP_ON,TORONTO INTL,CAN_ON_Toronto.Intl.AP.716240_CWEC2020.zip
ERS-EX-29218-in.idf,Toronto Intl AP_ON,TORONTO INTL,CAN_ON_Toronto.Intl.AP.716240_CWEC2020.zip
ERS-EX-29219-in.idf,Point Petre AUT_ON,POINT PETRE,CAN_ON_Point.Petre.AUT.714300_CWEC2020.zip
ERS-EX-29227-in.idf,Toronto Intl AP_ON,TORONTO INTL,CAN_ON_Toronto.Intl.AP.716240_CWEC2020.zip
ERS-EX-29239-in.idf,Erieau AUT_ON,ERIEAU,CAN_ON_Erieau.AUT.714650_CWEC2020.zip
ERS-EX-2927-in.idf,Whitehorse AP_YT,WHITEHORSE,CAN_YT_Whitehorse.AP.719640_CWEC2020.zip
ERS-EX-29276-in.idf,Toronto Intl AP_ON,TORONTO INTL,CAN_ON_Toronto.Intl.AP.716240_CWEC2020.zip
ERS-EX-29305-in.idf,Toronto City Centre_ON,TORONTO CITY CENTRE,CAN_ON_Toronto.City.Centre.712650_CWEC2020.zip
ERS-EX-29306-in.idf,Toronto City Centre_ON,TORONTO CITY CENTRE,CAN_ON_Toronto.City.Centre.712650_CWEC2020.zip
ERS-EX-29313-in.idf,Toronto City Centre_ON,TORONTO CITY CENTRE,CAN_ON_Toronto.City.Centre.712650_CWEC2020.zip
ERS-EX-29319-in.idf,Toronto City Centre_ON,TORONTO CITY CENTRE,CAN_ON_Toronto.City.Centre.712650_CWEC2020.zip
ERS-EX-29330-in.idf,Toronto City Centre_ON,TORONTO CITY CENTRE,CAN_ON_Toronto.City.Centre.712650_CWEC2020.zip
ERS-EX-29336-in.idf,Toronto City Centre_ON,TORONTO CITY CENTRE,CAN_ON_Toronto.City.Centre.712650_CWEC2020.zip
ERS-EX-2936-in.idf,Whitehorse AP_YT,WHITEHORSE,CAN_YT_Whitehorse.AP.719640_CWEC2020.zip
ERS-EX-29402-in.idf,Ottawa Intl AP_ON,OTTAWA INTL,CAN_ON_Ottawa.Intl.AP.716280_CWEC2020.zip
ERS-EX-29425-in.idf,Halifax Intl AP_NS,HALIFAX INTL,CAN_NS_Halifax.Intl.AP.713950_CWEC2020.zip
ERS-EX-29440-in.idf,Halifax Intl AP_NS,HALIFAX INTL,CAN_NS_Halifax.Intl.AP.713950_CWEC2020.zip
ERS-EX-2945-in.idf,Whitehorse AP_YT,WHITEHORSE,CAN_YT_Whitehorse.AP.719640_CWEC2020.zip
ERS-EX-29456-in.idf,Halifax Intl AP_NS,HALIFAX INTL,CAN_NS_Halifax.Intl.AP.713950_CWEC2020.zip
ERS-EX-2946-in.idf,Whitehorse AP_YT,WHITEHORSE,CAN_YT_Whitehorse.AP.719640_CWEC2020.zip
ERS-EX-2951-in.idf,Whitehorse AP_YT,WHITEHORSE,CAN_YT_Whitehorse.AP.719640_CWEC2020.zip
ERS-EX-2953-in.idf,Whitehorse AP_YT,WHITEHORSE,CAN_YT_Whitehorse.AP.719640_CWEC2020.zip
ERS-EX-29550-in.idf,Halifax Intl AP_NS,HALIFAX INTL,CAN_NS_Halifax.Intl.AP.713950_CWEC2020.zip
ERS-EX-29579-in.idf,Summerside_PE,SUMMERSIDE,CAN_PE_Summerside.717020_CWEC2020.zip
ERS-EX-29583-in.idf,Charlottetown AP_PE,CHARLOTTETOWN,CAN_PE_Charlottetown.AP.717060_CWEC2020.zip
ERS-EX-29592-in.idf,Saint John AP_NB,SAINT JOHN,CAN_NB_Saint.John.AP.716090_CWEC2020.zip
ERS-EX-29603-in.idf,Fredericton_NB,FREDERICTON,CAN_NB_Fredericton.717000_CWEC2020.zip
ERS-EX-29604-in.idf,Fredericton_NB,FREDERICTON,CAN_NB_Fredericton.717000_CWEC2020.zip
ERS-EX-29622-in.idf,Saint John AP_NB,SAINT JOHN,CAN_NB_Saint.John.AP.716090_CWEC2020.zip
ERS-EX-2964-in.idf,Whitehorse AP_YT,WHITEHORSE,CAN_YT_Whitehorse.AP.719640_CWEC2020.zip
ERS-EX-29641-in.idf,Saint John AP_NB,SAINT JOHN,CAN_NB_Saint.John.AP.716090_CWEC2020.zip
ERS-EX-29648-in.idf,Charlottetown AP_PE,CHARLOTTETOWN,CAN_PE_Charlottetown.AP.717060_CWEC2020.zip
ERS-EX-29668-in.idf,Charlottetown AP_PE,CHARLOTTETOWN,CAN_PE_Charlottetown.AP.717060_CWEC2020.zip
ERS-EX-29695-in.idf,Saint John AP_NB,SAINT JOHN,CAN_NB_Saint.John.AP.716090_CWEC2020.zip
ERS-EX-29760-in.idf,Charlottetown AP_PE,CHARLOTTETOWN,CAN_PE_Charlottetown.AP.717060_CWEC2020.zip
ERS-EX-29791-in.idf,Halifax Intl AP_NS,HALIFAX INTL,CAN_NS_Halifax.Intl.AP.713950_CWEC2020.zip
ERS-EX-29792-in.idf,Halifax Intl AP_NS,HALIFAX INTL,CAN_NS_Halifax.Intl.AP.713950_CWEC2020.zip
ERS-EX-29813-in.idf,Halifax Intl AP_NS,HALIFAX INTL,CAN_NS_Halifax.Intl.AP.713950_CWEC2020.zip
ERS-EX-29902-in.idf,Fredericton_NB,FREDERICTON,CAN_NB_Fredericton.717000_CWEC2020.zip
ERS-EX-29910-in.idf,Saint John AP_NB,SAINT JOHN,CAN_NB_Saint.John.AP.716090_CWEC2020.zip
ERS-EX-29952-in.idf,Saint John AP_NB,SAINT JOHN,CAN_NB_Saint.John.AP.716090_CWEC2020.zip
ERS-EX-30012-in.idf,Ottawa Intl AP_ON,OTTAWA INTL,CAN_ON_Ottawa.Intl.AP.716280_CWEC2020.zip
ERS-EX-30015-in.idf,Ottawa Intl AP_ON,OTTAWA INTL,CAN_ON_Ottawa.Intl.AP.716280_CWEC2020.zip
ERS-EX-30016-in.idf,Ottawa Intl AP_ON,OTTAWA INTL,CAN_ON_Ottawa.Intl.AP.716280_CWEC2020.zip
ERS-EX-30020-in.idf,Ottawa Intl AP_ON,OTTAWA INTL,CAN_ON_Ottawa.Intl.AP.716280_CWEC2020.zip
ERS-EX-30039-in.idf,Ottawa Intl AP_ON,OTTAWA INTL,CAN_ON_Ottawa.Intl.AP.716280_CWEC2020.zip
ERS-EX-30081-in.idf,Ottawa Intl AP_ON,OTTAWA INTL,CAN_ON_Ottawa.Intl.AP.716280_CWEC2020.zip
ERS-EX-3010-in.idf,Regina Intl AP_SK,REGINA INTL,CAN_SK_Regina.Intl.AP.718630_CWEC2020.zip
ERS-EX-30137-in.idf,Halifax Intl AP_NS,HALIFAX INTL,CAN_NS_Halifax.Intl.AP.713950_CWEC2020.zip
ERS-EX-30152-in.idf,Fredericton_NB,FREDERICTON,CAN_NB_Fredericton.717000_CWEC2020.zip
ERS-EX-3016-in.idf,Regina Intl AP_SK,REGINA INTL,CAN_SK_Regina.Intl.AP.718630_CWEC2020.zip
ERS-EX-3017-in.idf,Regina Intl AP_SK,REGINA INTL,CAN_SK_Regina.Intl.AP.718630_CWEC2020.zip
ERS-EX-30191-in.idf,Moncton Intl AP_NB,MONCTON INTL,CAN_NB_Moncton.Intl.AP.717050_CWEC2020.zip
ERS-EX-30206-in.idf,Halifax Intl AP_NS,HALIFAX INTL,CAN_NS_Halifax.Intl.AP.713950_CWEC2020.zip
ERS-EX-30247-in.idf,Greenwood AP_NS,GREENWOOD,CAN_NS_Greenwood.AP.713970_CWEC2020.zip
ERS-EX-3025-in.idf,Regina Intl AP_SK,REGINA INTL,CAN_SK_Regina.Intl.AP.718630_CWEC2020.zip
ERS-EX-30270-in.idf,Halifax Intl AP_NS,HALIFAX INTL,CAN_NS_Halifax.Intl.AP.713950_CWEC2020.zip
ERS-EX-30313-in.idf,Greenwood AP_NS,GREENWOOD,CAN_NS_Greenwood.AP.713970_CWEC2020.zip
ERS-EX-30334-in.idf,Halifax Intl AP_NS,HALIFAX INTL,CAN_NS_Halifax.Intl.AP.713950_CWEC2020.zip
ERS-EX-30364-in.idf,Halifax Intl AP_NS,HALIFAX INTL,CAN_NS_Halifax.Intl.AP.713950_CWEC2020.zip
ERS-EX-30365-in.idf,Halifax Intl AP_NS,HALIFAX INTL,CAN_NS_Halifax.Intl.AP.713950_CWEC2020.zip
ERS-EX-30372-in.idf,Halifax Intl AP_NS,HALIFAX INTL,CAN_NS_Halifax.Intl.AP.713950_CWEC2020.zip
ERS-EX-30440-in.idf,Halifax Intl AP_NS,HALIFAX INTL,CAN_NS_Halifax.Intl.AP.713950_CWEC2020.zip
ERS-EX-30464-in.idf,Halifax Intl AP_NS,HALIFAX INTL,CAN_NS_Halifax.Intl.AP.713950_CWEC2020.zip
ERS-EX-30473-in.idf,Halifax Intl AP_NS,HALIFAX INTL,CAN_NS_Halifax.Intl.AP.713950_CWEC2020.zip
ERS-EX-30474-in.idf,Halifax Intl AP_NS,HALIFAX INTL,CAN_NS_Halifax.Intl.AP.713950_CWEC2020.zip
ERS-EX-30489-in.idf,Halifax Intl AP_NS,HALIFAX INTL,CAN_NS_Halifax.Intl.AP.713950_CWEC2020.zip
ERS-EX-30491-in.idf,Halifax Intl AP_NS,HALIFAX INTL,CAN_NS_Halifax.Intl.AP.713950_CWEC2020.zip
ERS-EX-30524-in.idf,Halifax Intl AP_NS,HALIFAX INTL,CAN_NS_Halifax.Intl.AP.713950_CWEC2020.zip
ERS-EX-30576-in.idf,Toronto City Centre_ON,TORONTO CITY CENTRE,CAN_ON_Toronto.City.Centre.712650_CWEC2020.zip
ERS-EX-30584-in.idf,Toronto City Centre_ON,TORONTO CITY CENTRE,CAN_ON_Toronto.City.Centre.712650_CWEC2020.zip
ERS-EX-30649-in.idf,Toronto City Centre_ON,TORONTO CITY CENTRE,CAN_ON_Toronto.City.Centre.712650_CWEC2020.zip
ERS-EX-30736-in.idf,Bathurst AP_NB,BATHURST,CAN_NB_Bathurst.AP.715740_CWEC2020.zip
ERS-EX-30763-in.idf,Bathurst AP_NB,BATHURST,CAN_NB_Bathurst.AP.715740_CWEC2020.zip
ERS-EX-30767-in.idf,Moncton Intl AP_NB,MONCTON INTL,CAN_NB_Moncton.Intl.AP.717050_CWEC2020.zip
ERS-EX-30779-in.idf,Bathurst AP_NB,BATHURST,CAN_NB_Bathurst.AP.715740_CWEC2020.zip
ERS-EX-30825-in.idf,Bathurst AP_NB,BATHURST,CAN_NB_Bathurst.AP.715740_CWEC2020.zip
ERS-EX-30845-in.idf,Bathurst AP_NB,BATHURST,CAN_NB_Bathurst.AP.715740_CWEC2020.zip
ERS-EX-30849-in.idf,Bathurst AP_NB,BATHURST,CAN_NB_Bathurst.AP.715740_CWEC2020.zip
ERS-EX-3088-in.idf,Saskatoon Intl AP_SK,SASKATOON INTL,CAN_SK_Saskatoon.Intl.AP.718660_CWEC2020.zip
ERS-EX-3089-in.idf,Saskatoon Intl AP_SK,SASKATOON INTL,CAN_SK_Saskatoon.Intl.AP.718660_CWEC2020.zip
ERS-EX-3091-in.idf,Moose Jaw CS_SK,MOOSE JAW,CAN_SK_Moose.Jaw.CS.715390_CWEC2020.zip
ERS-EX-30916-in.idf,Bathurst AP_NB,BATHURST,CAN_NB_Bathurst.AP.715740_CWEC2020.zip
ERS-EX-30938-in.idf,Bathurst AP_NB,BATHURST,CAN_NB_Bathurst.AP.715740_CWEC2020.zip
ERS-EX-30951-in.idf,Bathurst AP_NB,BATHURST,CAN_NB_Bathurst.AP.715740_CWEC2020.zip
ERS-EX-30961-in.idf,Bathurst AP_NB,BATHURST,CAN_NB_Bathurst.AP.715740_CWEC2020.zip
ERS-EX-31026-in.idf,Bathurst AP_NB,BATHURST,CAN_NB_Bathurst.AP.715740_CWEC2020.zip
ERS-EX-31028-in.idf,Bathurst AP_NB,BATHURST,CAN_NB_Bathurst.AP.715740_CWEC2020.zip
ERS-EX-31034-in.idf,Bathurst AP_NB,BATHURST,CAN_NB_Bathurst.AP.715740_CWEC2020.zip
ERS-EX-31061-in.idf,Bathurst AP_NB,BATHURST,CAN_NB_Bathurst.AP.715740_CWEC2020.zip
ERS-EX-31102-in.idf,Moncton Intl AP_NB,MONCTON INTL,CAN_NB_Moncton.Intl.AP.717050_CWEC2020.zip
ERS-EX-31104-in.idf,Bathurst AP_NB,BATHURST,CAN_NB_Bathurst.AP.715740_CWEC2020.zip
ERS-EX-3111-in.idf,Saskatoon Intl AP_SK,SASKATOON INTL,CAN_SK_Saskatoon.Intl.AP.718660_CWEC2020.zip
ERS-EX-31114-in.idf,Bathurst AP_NB,BATHURST,CAN_NB_Bathurst.AP.715740_CWEC2020.zip
ERS-EX-3114-in.idf,Saskatoon Intl AP_SK,SASKATOON INTL,CAN_SK_Saskatoon.Intl.AP.718660_CWEC2020.zip
ERS-EX-31173-in.idf,Fredericton_NB,FREDERICTON,CAN_NB_Fredericton.717000_CWEC2020.zip
ERS-EX-31200-in.idf,Charlottetown AP_PE,CHARLOTTETOWN,CAN_PE_Charlottetown.AP.717060_CWEC2020.zip
ERS-EX-31223-in.idf,Fredericton_NB,FREDERICTON,CAN_NB_Fredericton.717000_CWEC2020.zip
ERS-EX-31251-in.idf,Halifax Intl AP_NS,HALIFAX INTL,CAN_NS_Halifax.Intl.AP.713950_CWEC2020.zip
ERS-EX-31257-in.idf,Greenwood AP_NS,GREENWOOD,CAN_NS_Greenwood.AP.713970_CWEC2020.zip
ERS-EX-31281-in.idf,Fredericton_NB,FREDERICTON,CAN_NB_Fredericton.717000_CWEC2020.zip
ERS-EX-31302-in.idf,Halifax Intl AP_NS,HALIFAX INTL,CAN_NS_Halifax.Intl.AP.713950_CWEC2020.zip
ERS-EX-31326-in.idf,Halifax Intl AP_NS,HALIFAX INTL,CAN_NS_Halifax.Intl.AP.713950_CWEC2020.zip
ERS-EX-3134-in.idf,Saskatoon Intl AP_SK,SASKATOON INTL,CAN_SK_Saskatoon.Intl.AP.718660_CWEC2020.zip
ERS-EX-31351-in.idf,Halifax Intl AP_NS,HALIFAX INTL,CAN_NS_Halifax.Intl.AP.713950_CWEC2020.zip
ERS-EX-31373-in.idf,Halifax Intl AP_NS,HALIFAX INTL,CAN_NS_Halifax.Intl.AP.713950_CWEC2020.zip
ERS-EX-31395-in.idf,Bathurst AP_NB,BATHURST,CAN_NB_Bathurst.AP.715740_CWEC2020.zip
ERS-EX-31444-in.idf,Halifax Intl AP_NS,HALIFAX INTL,CAN_NS_Halifax.Intl.AP.713950_CWEC2020.zip
ERS-EX-31451-in.idf,Halifax Intl AP_NS,HALIFAX INTL,CAN_NS_Halifax.Intl.AP.713950_CWEC2020.zip
ERS-EX-3148-in.idf,Saskatoon Intl AP_SK,SASKATOON INTL,CAN_SK_Saskatoon.Intl.AP.718660_CWEC2020.zip
ERS-EX-31517-in.idf,Halifax Intl AP_NS,HALIFAX INTL,CAN_NS_Halifax.Intl.AP.713950_CWEC2020.zip
ERS-EX-31553-in.idf,Halifax Intl AP_NS,HALIFAX INTL,CAN_NS_Halifax.Intl.AP.713950_CWEC2020.zip
ERS-EX-31599-in.idf,Halifax Intl AP_NS,HALIFAX INTL,CAN_NS_Halifax.Intl.AP.713950_CWEC2020.zip
ERS-EX-31654-in.idf,Summerside_PE,SUMMERSIDE,CAN_PE_Summerside.717020_CWEC2020.zip
ERS-EX-3166-in.idf,Prince Albert AP_SK,PRINCE ALBERT,CAN_SK_Prince.Albert.AP.718690_CWEC2020.zip
ERS-EX-3168-in.idf,Prince Albert AP_SK,PRINCE ALBERT,CAN_SK_Prince.Albert.AP.718690_CWEC2020.zip
ERS-EX-31686-in.idf,Charlottetown AP_PE,CHARLOTTETOWN,CAN_PE_Charlottetown.AP.717060_CWEC2020.zip
ERS-EX-3171-in.idf,Prince Albert AP_SK,PRINCE ALBERT,CAN_SK_Prince.Albert.AP.718690_CWEC2020.zip
ERS-EX-31710-in.idf,Charlottetown AP_PE,CHARLOTTETOWN,CAN_PE_Charlottetown.AP.717060_CWEC2020.zip
ERS-EX-31765-in.idf,Charlottetown AP_PE,CHARLOTTETOWN,CAN_PE_Charlottetown.AP.717060_CWEC2020.zip
ERS-EX-31766-in.idf,Charlottetown AP_PE,CHARLOTTETOWN,CAN_PE_Charlottetown.AP.717060_CWEC2020.zip
ERS-EX-31770-in.idf,Charlottetown AP_PE,CHARLOTTETOWN,CAN_PE_Charlottetown.AP.717060_CWEC2020.zip
ERS-EX-31828-in.idf,Charlottetown AP_PE,CHARLOTTETOWN,CAN_PE_Charlottetown.AP.717060_CWEC2020.zip
ERS-EX-31830-in.idf,Charlottetown AP_PE,CHARLOTTETOWN,CAN_PE_Charlottetown.AP.717060_CWEC2020.zip
ERS-EX-31867-in.idf,Charlottetown AP_PE,CHARLOTTETOWN,CAN_PE_Charlottetown.AP.717060_CWEC2020.zip
ERS-EX-31900-in.idf,Charlottetown AP_PE,CHARLOTTETOWN,CAN_PE_Charlottetown.AP.717060_CWEC2020.zip
ERS-EX-31913-in.idf,Charlottetown AP_PE,CHARLOTTETOWN,CAN_PE_Charlottetown.AP.717060_CWEC2020.zip
ERS-EX-3192-in.idf,Prince Albert AP_SK,PRINCE ALBERT,CAN_SK_Prince.Albert.AP.718690_CWEC2020.zip
ERS-EX-31952-in.idf,Charlottetown AP_PE,CHARLOTTETOWN,CAN_PE_Charlottetown.AP.717060_CWEC2020.zip
ERS-EX-3197-in.idf,Prince Albert AP_SK,PRINCE ALBERT,CAN_SK_Prince.Albert.AP.718690_CWEC2020.zip
ERS-EX-3198-in.idf,Prince Albert AP_SK,PRINCE ALBERT,CAN_SK_Prince.Albert.AP.718690_CWEC2020.zip
ERS-EX-32001-in.idf,Charlottetown AP_PE,CHARLOTTETOWN,CAN_PE_Charlottetown.AP.717060_CWEC2020.zip
ERS-EX-32003-in.idf,Charlottetown AP_PE,CHARLOTTETOWN,CAN_PE_Charlottetown.AP.717060_CWEC2020.zip
ERS-EX-32012-in.idf,Charlottetown AP_PE,CHARLOTTETOWN,CAN_PE_Charlottetown.AP.717060_CWEC2020.zip
ERS-EX-32019-in.idf,Charlottetown AP_PE,CHARLOTTETOWN,CAN_PE_Charlottetown.AP.717060_CWEC2020.zip
ERS-EX-32031-in.idf,Moncton Intl AP_NB,MONCTON INTL,CAN_NB_Moncton.Intl.AP.717050_CWEC2020.zip
ERS-EX-32034-in.idf,Bathurst AP_NB,BATHURST,CAN_NB_Bathurst.AP.715740_CWEC2020.zip
ERS-EX-32099-in.idf,Moncton Intl AP_NB,MONCTON INTL,CAN_NB_Moncton.Intl.AP.717050_CWEC2020.zip
ERS-EX-32125-in.idf,Fredericton_NB,FREDERICTON,CAN_NB_Fredericton.717000_CWEC2020.zip
ERS-EX-32132-in.idf,Fredericton_NB,FREDERICTON,CAN_NB_Fredericton.717000_CWEC2020.zip
ERS-EX-32143-in.idf,Moncton Intl AP_NB,MONCTON INTL,CAN_NB_Moncton.Intl.AP.717050_CWEC2020.zip
ERS-EX-32159-in.idf,Moncton Intl AP_NB,MONCTON INTL,CAN_NB_Moncton.Intl.AP.717050_CWEC2020.zip
ERS-EX-32164-in.idf,Moncton Intl AP_NB,MONCTON INTL,CAN_NB_Moncton.Intl.AP.717050_CWEC2020.zip
ERS-EX-3217-in.idf,Prince Albert AP_SK,PRINCE ALBERT,CAN_SK_Prince.Albert.AP.718690_CWEC2020.zip
ERS-EX-32181-in.idf,Moncton Intl AP_NB,MONCTON INTL,CAN_NB_Moncton.Intl.AP.717050_CWEC2020.zip
ERS-EX-32185-in.idf,Moncton Intl AP_NB,MONCTON INTL,CAN_NB_Moncton.Intl.AP.717050_CWEC2020.zip
ERS-EX-32256-in.idf,Moncton Intl AP_NB,MONCTON INTL,CAN_NB_Moncton.Intl.AP.717050_CWEC2020.zip
ERS-EX-3226-in.idf,Prince Albert AP_SK,PRINCE ALBERT,CAN_SK_Prince.Albert.AP.718690_CWEC2020.zip
ERS-EX-32340-in.idf,Moncton Intl AP_NB,MONCTON INTL,CAN_NB_Moncton.Intl.AP.717050_CWEC2020.zip
ERS-EX-32405-in.idf,Bathurst AP_NB,BATHURST,CAN_NB_Bathurst.AP.715740_CWEC2020.zip
ERS-EX-32425-in.idf,Fredericton_NB,FREDERICTON,CAN_NB_Fredericton.717000_CWEC2020.zip
ERS-EX-32430-in.idf,Moncton Intl AP_NB,MONCTON INTL,CAN_NB_Moncton.Intl.AP.717050_CWEC2020.zip
ERS-EX-32455-in.idf,Fredericton_NB,FREDERICTON,CAN_NB_Fredericton.717000_CWEC2020.zip
ERS-EX-32464-in.idf,Saint John AP_NB,SAINT JOHN,CAN_NB_Saint.John.AP.716090_CWEC2020.zip
ERS-EX-32521-in.idf,Halifax Intl AP_NS,HALIFAX INTL,CAN_NS_Halifax.Intl.AP.713950_CWEC2020.zip
ERS-EX-32568-in.idf,Halifax Intl AP_NS,HALIFAX INTL,CAN_NS_Halifax.Intl.AP.713950_CWEC2020.zip
ERS-EX-32594-in.idf,Halifax Intl AP_NS,HALIFAX INTL,CAN_NS_Halifax.Intl.AP.713950_CWEC2020.zip
ERS-EX-3260-in.idf,North Battleford_SK,NORTH BATTLEFORD,CAN_SK_North.Battleford.718760_CWEC2020.zip
ERS-EX-32615-in.idf,Halifax Intl AP_NS,HALIFAX INTL,CAN_NS_Halifax.Intl.AP.713950_CWEC2020.zip
ERS-EX-32626-in.idf,Halifax Intl AP_NS,HALIFAX INTL,CAN_NS_Halifax.Intl.AP.713950_CWEC2020.zip
ERS-EX-3264-in.idf,North Battleford_SK,NORTH BATTLEFORD,CAN_SK_North.Battleford.718760_CWEC2020.zip
ERS-EX-32643-in.idf,Halifax Intl AP_NS,HALIFAX INTL,CAN_NS_Halifax.Intl.AP.713950_CWEC2020.zip
ERS-EX-32665-in.idf,Fredericton_NB,FREDERICTON,CAN_NB_Fredericton.717000_CWEC2020.zip
ERS-EX-32671-in.idf,Saint John AP_NB,SAINT JOHN,CAN_NB_Saint.John.AP.716090_CWEC2020.zip
ERS-EX-32682-in.idf,Saint John AP_NB,SAINT JOHN,CAN_NB_Saint.John.AP.716090_CWEC2020.zip
ERS-EX-3270-in.idf,Moose Jaw CS_SK,MOOSE JAW,CAN_SK_Moose.Jaw.CS.715390_CWEC2020.zip
ERS-EX-32704-in.idf,Saint John AP_NB,SAINT JOHN,CAN_NB_Saint.John.AP.716090_CWEC2020.zip
ERS-EX-32705-in.idf,Fredericton_NB,FREDERICTON,CAN_NB_Fredericton.717000_CWEC2020.zip
ERS-EX-32708-in.idf,Fredericton_NB,FREDERICTON,CAN_NB_Fredericton.717000_CWEC2020.zip
ERS-EX-32714-in.idf,Fredericton_NB,FREDERICTON,CAN_NB_Fredericton.717000_CWEC2020.zip
ERS-EX-32765-in.idf,Saint John AP_NB,SAINT JOHN,CAN_NB_Saint.John.AP.716090_CWEC2020.zip
ERS-EX-32799-in.idf,Fredericton_NB,FREDERICTON,CAN_NB_Fredericton.717000_CWEC2020.zip
ERS-EX-32836-in.idf,Saint John AP_NB,SAINT JOHN,CAN_NB_Saint.John.AP.716090_CWEC2020.zip
ERS-EX-32844-in.idf,Bathurst AP_NB,BATHURST,CAN_NB_Bathurst.AP.715740_CWEC2020.zip
ERS-EX-32849-in.idf,Fredericton_NB,FREDERICTON,CAN_NB_Fredericton.717000_CWEC2020.zip
ERS-EX-32861-in.idf,Fredericton_NB,FREDERICTON,CAN_NB_Fredericton.717000_CWEC2020.zip
ERS-EX-32899-in.idf,Fredericton_NB,FREDERICTON,CAN_NB_Fredericton.717000_CWEC2020.zip
ERS-EX-3290-in.idf,Moose Jaw CS_SK,MOOSE JAW,CAN_SK_Moose.Jaw.CS.715390_CWEC2020.zip
ERS-EX-3292-in.idf,Moose Jaw CS_SK,MOOSE JAW,CAN_SK_Moose.Jaw.CS.715390_CWEC2020.zip
ERS-EX-32924-in.idf,Saint John AP_NB,SAINT JOHN,CAN_NB_Saint.John.AP.716090_CWEC2020.zip
ERS-EX-32925-in.idf,Moncton Intl AP_NB,MONCTON INTL,CAN_NB_Moncton.Intl.AP.717050_CWEC2020.zip
ERS-EX-32946-in.idf,Saint John AP_NB,SAINT JOHN,CAN_NB_Saint.John.AP.716090_CWEC2020.zip
ERS-EX-32970-in.idf,Charlottetown AP_PE,CHARLOTTETOWN,CAN_PE_Charlottetown.AP.717060_CWEC2020.zip
ERS-EX-33025-in.idf,Charlottetown AP_PE,CHARLOTTETOWN,CAN_PE_Charlottetown.AP.717060_CWEC2020.zip
ERS-EX-33037-in.idf,Charlottetown AP_PE,CHARLOTTETOWN,CAN_PE_Charlottetown.AP.717060_CWEC2020.zip
ERS-EX-3306-in.idf,Moose Jaw CS_SK,MOOSE JAW,CAN_SK_Moose.Jaw.CS.715390_CWEC2020.zip
ERS-EX-33064-in.idf,Charlottetown AP_PE,CHARLOTTETOWN,CAN_PE_Charlottetown.AP.717060_CWEC2020.zip
ERS-EX-33132-in.idf,Charlottetown AP_PE,CHARLOTTETOWN,CAN_PE_Charlottetown.AP.717060_CWEC2020.zip
ERS-EX-33134-in.idf,Summerside_PE,SUMMERSIDE,CAN_PE_Summerside.717020_CWEC2020.zip
ERS-EX-3318-in.idf,Swift Current_SK,SWIFT CURRENT,CAN_SK_Swift.Current.711420_CWEC2020.zip
ERS-EX-33186-in.idf,Charlottetown AP_PE,CHARLOTTETOWN,CAN_PE_Charlottetown.AP.717060_CWEC2020.zip
ERS-EX-3320-in.idf,Moose Jaw CS_SK,MOOSE JAW,CAN_SK_Moose.Jaw.CS.715390_CWEC2020.zip
ERS-EX-3324-in.idf,Moose Jaw CS_SK,MOOSE JAW,CAN_SK_Moose.Jaw.CS.715390_CWEC2020.zip
ERS-EX-33261-in.idf,Charlottetown AP_PE,CHARLOTTETOWN,CAN_PE_Charlottetown.AP.717060_CWEC2020.zip
ERS-EX-33283-in.idf,Charlottetown AP_PE,CHARLOTTETOWN,CAN_PE_Charlottetown.AP.717060_CWEC2020.zip
ERS-EX-33308-in.idf,Charlottetown AP_PE,CHARLOTTETOWN,CAN_PE_Charlottetown.AP.717060_CWEC2020.zip
ERS-EX-3332-in.idf,Moose Jaw CS_SK,MOOSE JAW,CAN_SK_Moose.Jaw.CS.715390_CWEC2020.zip
ERS-EX-33347-in.idf,Charlottetown AP_PE,CHARLOTTETOWN,CAN_PE_Charlottetown.AP.717060_CWEC2020.zip
ERS-EX-33403-in.idf,Charlottetown AP_PE,CHARLOTTETOWN,CAN_PE_Charlottetown.AP.717060_CWEC2020.zip
ERS-EX-33422-in.idf,Charlottetown AP_PE,CHARLOTTETOWN,CAN_PE_Charlottetown.AP.717060_CWEC2020.zip
ERS-EX-33463-in.idf,Charlottetown AP_PE,CHARLOTTETOWN,CAN_PE_Charlottetown.AP.717060_CWEC2020.zip
ERS-EX-33479-in.idf,Halifax Intl AP_NS,HALIFAX INTL,CAN_NS_Halifax.Intl.AP.713950_CWEC2020.zip
ERS-EX-3350-in.idf,Moose Jaw CS_SK,MOOSE JAW,CAN_SK_Moose.Jaw.CS.715390_CWEC2020.zip
ERS-EX-3351-in.idf,Moose Jaw CS_SK,MOOSE JAW,CAN_SK_Moose.Jaw.CS.715390_CWEC2020.zip
ERS-EX-33513-in.idf,Halifax Intl AP_NS,HALIFAX INTL,CAN_NS_Halifax.Intl.AP.713950_CWEC2020.zip
ERS-EX-33536-in.idf,Halifax Intl AP_NS,HALIFAX INTL,CAN_NS_Halifax.Intl.AP.713950_CWEC2020.zip
ERS-EX-33564-in.idf,Moncton Intl AP_NB,MONCTON INTL,CAN_NB_Moncton.Intl.AP.717050_CWEC2020.zip
ERS-EX-33578-in.idf,Moncton Intl AP_NB,MONCTON INTL,CAN_NB_Moncton.Intl.AP.717050_CWEC2020.zip
ERS-EX-33584-in.idf,Moncton Intl AP_NB,MONCTON INTL,CAN_NB_Moncton.Intl.AP.717050_CWEC2020.zip
ERS-EX-33587-in.idf,Summerside_PE,SUMMERSIDE,CAN_PE_Summerside.717020_CWEC2020.zip
ERS-EX-33603-in.idf,Summerside_PE,SUMMERSIDE,CAN_PE_Summerside.717020_CWEC2020.zip
ERS-EX-33628-in.idf,Summerside_PE,SUMMERSIDE,CAN_PE_Summerside.717020_CWEC2020.zip
ERS-EX-33636-in.idf,Charlottetown AP_PE,CHARLOTTETOWN,CAN_PE_Charlottetown.AP.717060_CWEC2020.zip
ERS-EX-33647-in.idf,Summerside_PE,SUMMERSIDE,CAN_PE_Summerside.717020_CWEC2020.zip
ERS-EX-3373-in.idf,Moose Jaw CS_SK,MOOSE JAW,CAN_SK_Moose.Jaw.CS.715390_CWEC2020.zip
ERS-EX-33834-in.idf,Moncton Intl AP_NB,MONCTON INTL,CAN_NB_Moncton.Intl.AP.717050_CWEC2020.zip
ERS-EX-33845-in.idf,Moncton Intl AP_NB,MONCTON INTL,CAN_NB_Moncton.Intl.AP.717050_CWEC2020.zip
ERS-EX-33862-in.idf,Moncton Intl AP_NB,MONCTON INTL,CAN_NB_Moncton.Intl.AP.717050_CWEC2020.zip
ERS-EX-33903-in.idf,Saint John AP_NB,SAINT JOHN,CAN_NB_Saint.John.AP.716090_CWEC2020.zip
ERS-EX-33968-in.idf,Toronto Intl AP_ON,TORONTO INTL,CAN_ON_Toronto.Intl.AP.716240_CWEC2020.zip
ERS-EX-3397-in.idf,Moose Jaw CS_SK,MOOSE JAW,CAN_SK_Moose.Jaw.CS.715390_CWEC2020.zip
ERS-EX-3400-in.idf,Moose Jaw CS_SK,MOOSE JAW,CAN_SK_Moose.Jaw.CS.715390_CWEC2020.zip
ERS-EX-34021-in.idf,Windsor AP_ON,WINDSOR,CAN_ON_Windsor.AP.715380_CWEC2020.zip
ERS-EX-34022-in.idf,Windsor AP_ON,WINDSOR,CAN_ON_Windsor.AP.715380_CWEC2020.zip
ERS-EX-34065-in.idf,Windsor AP_ON,WINDSOR,CAN_ON_Windsor.AP.715380_CWEC2020.zip
ERS-EX-3408-in.idf,Moose Jaw CS_SK,MOOSE JAW,CAN_SK_Moose.Jaw.CS.715390_CWEC2020.zip
ERS-EX-34092-in.idf,Windsor AP_ON,WINDSOR,CAN_ON_Windsor.AP.715380_CWEC2020.zip
ERS-EX-3410-in.idf,Moose Jaw CS_SK,MOOSE JAW,CAN_SK_Moose.Jaw.CS.715390_CWEC2020.zip
ERS-EX-34101-in.idf,Windsor AP_ON,WINDSOR,CAN_ON_Windsor.AP.715380_CWEC2020.zip
ERS-EX-3411-in.idf,Moose Jaw CS_SK,MOOSE JAW,CAN_SK_Moose.Jaw.CS.715390_CWEC2020.zip
ERS-EX-34129-in.idf,Windsor AP_ON,WINDSOR,CAN_ON_Windsor.AP.715380_CWEC2020.zip
ERS-EX-34167-in.idf,Windsor AP_ON,WINDSOR,CAN_ON_Windsor.AP.715380_CWEC2020.zip
ERS-EX-34189-in.idf,Windsor AP_ON,WINDSOR,CAN_ON_Windsor.AP.715380_CWEC2020.zip
ERS-EX-3420-in.idf,Moose Jaw CS_SK,MOOSE JAW,CAN_SK_Moose.Jaw.CS.715390_CWEC2020.zip
ERS-EX-34212-in.idf,Windsor AP_ON,WINDSOR,CAN_ON_Windsor.AP.715380_CWEC2020.zip
ERS-EX-3423-in.idf,Moose Jaw CS_SK,MOOSE JAW,CAN_SK_Moose.Jaw.CS.715390_CWEC2020.zip
ERS-EX-34297-in.idf,Windsor AP_ON,WINDSOR,CAN_ON_Windsor.AP.715380_CWEC2020.zip
ERS-EX-34299-in.idf,Windsor AP_ON,WINDSOR,CAN_ON_Windsor.AP.715380_CWEC2020.zip
ERS-EX-34347-in.idf,Windsor AP_ON,WINDSOR,CAN_ON_Windsor.AP.715380_CWEC2020.zip
ERS-EX-3435-in.idf,Moose Jaw CS_SK,MOOSE JAW,CAN_SK_Moose.Jaw.CS.715390_CWEC2020.zip
ERS-EX-34375-in.idf,Windsor AP_ON,WINDSOR,CAN_ON_Windsor.AP.715380_CWEC2020.zip
ERS-EX-3438-in.idf,Moose Jaw CS_SK,MOOSE JAW,CAN_SK_Moose.Jaw.CS.715390_CWEC2020.zip
ERS-EX-3440-in.idf,Moose Jaw CS_SK,MOOSE JAW,CAN_SK_Moose.Jaw.CS.715390_CWEC2020.zip
ERS-EX-34414-in.idf,London AP_ON,LONDON,CAN_ON_London.AP.716230_CWEC2020.zip
ERS-EX-34417-in.idf,London AP_ON,LONDON,CAN_ON_London.AP.716230_CWEC2020.zip
ERS-EX-3442-in.idf,Yorkton_SK,YORKTON,CAN_SK_Yorkton.712920_CWEC2020.zip
ERS-EX-34423-in.idf,London AP_ON,LONDON,CAN_ON_London.AP.716230_CWEC2020.zip
ERS-EX-3443-in.idf,Moose Jaw CS_SK,MOOSE JAW,CAN_SK_Moose.Jaw.CS.715390_CWEC2020.zip
ERS-EX-34433-in.idf,London AP_ON,LONDON,CAN_ON_London.AP.716230_CWEC2020.zip
ERS-EX-34457-in.idf,London AP_ON,LONDON,CAN_ON_London.AP.716230_CWEC2020.zip
ERS-EX-34460-in.idf,London AP_ON,LONDON,CAN_ON_London.AP.716230_CWEC2020.zip
ERS-EX-34474-in.idf,London AP_ON,LONDON,CAN_ON_London.AP.716230_CWEC2020.zip
ERS-EX-34526-in.idf,London AP_ON,LONDON,CAN_ON_London.AP.716230_CWEC2020.zip
ERS-EX-34537-in.idf,London AP_ON,LONDON,CAN_ON_London.AP.716230_CWEC2020.zip
ERS-EX-34583-in.idf,London AP_ON,LONDON,CAN_ON_London.AP.716230_CWEC2020.zip
ERS-EX-34677-in.idf,London AP_ON,LONDON,CAN_ON_London.AP.716230_CWEC2020.zip
ERS-EX-3468-in.idf,Saskatoon Intl AP_SK,SASKATOON INTL,CAN_SK_Saskatoon.Intl.AP.718660_CWEC2020.zip
ERS-EX-34693-in.idf,London AP_ON,LONDON,CAN_ON_London.AP.716230_CWEC2020.zip
ERS-EX-3472-in.idf,Regina Intl AP_SK,REGINA INTL,CAN_SK_Regina.Intl.AP.718630_CWEC2020.zip
ERS-EX-34730-in.idf,London AP_ON,LONDON,CAN_ON_London.AP.716230_CWEC2020.zip
ERS-EX-34761-in.idf,London AP_ON,LONDON,CAN_ON_London.AP.716230_CWEC2020.zip
ERS-EX-3478-in.idf,Saskatoon Intl AP_SK,SASKATOON INTL,CAN_SK_Saskatoon.Intl.AP.718660_CWEC2020.zip
ERS-EX-34780-in.idf,London AP_ON,LONDON,CAN_ON_London.AP.716230_CWEC2020.zip
ERS-EX-3480-in.idf,Saskatoon Intl AP_SK,SASKATOON INTL,CAN_SK_Saskatoon.Intl.AP.718660_CWEC2020.zip
ERS-EX-34812-in.idf,London AP_ON,LONDON,CAN_ON_London.AP.716230_CWEC2020.zip
ERS-EX-34830-in.idf,London AP_ON,LONDON,CAN_ON_London.AP.716230_CWEC2020.zip
ERS-EX-34862-in.idf,London AP_ON,LONDON,CAN_ON_London.AP.716230_CWEC2020.zip
ERS-EX-34866-in.idf,London AP_ON,LONDON,CAN_ON_London.AP.716230_CWEC2020.zip
ERS-EX-34868-in.idf,London AP_ON,LONDON,CAN_ON_London.AP.716230_CWEC2020.zip
ERS-EX-34873-in.idf,London AP_ON,LONDON,CAN_ON_London.AP.716230_CWEC2020.zip
ERS-EX-34895-in.idf,London AP_ON,LONDON,CAN_ON_London.AP.716230_CWEC2020.zip
ERS-EX-34898-in.idf,London AP_ON,LONDON,CAN_ON_London.AP.716230_CWEC2020.zip
ERS-EX-34914-in.idf,Windsor AP_ON,WINDSOR,CAN_ON_Windsor.AP.715380_CWEC2020.zip
ERS-EX-34923-in.idf,Windsor AP_ON,WINDSOR,CAN_ON_Windsor.AP.715380_CWEC2020.zip
ERS-EX-34978-in.idf,Sault Ste Marie AP_ON,SAULT STE MARIE,CAN_ON_Sault.Ste.Marie.AP.712600_CWEC2020.zip
ERS-EX-34987-in.idf,Sault Ste Marie AP_ON,SAULT STE MARIE,CAN_ON_Sault.Ste.Marie.AP.712600_CWEC2020.zip
ERS-EX-35037-in.idf,Sault Ste Marie AP_ON,SAULT STE MARIE,CAN_ON_Sault.Ste.Marie.AP.712600_CWEC2020.zip
ERS-EX-35044-in.idf,Windsor AP_ON,WINDSOR,CAN_ON_Windsor.AP.715380_CWEC2020.zip
ERS-EX-35094-in.idf,Windsor AP_ON,WINDSOR,CAN_ON_Windsor.AP.715380_CWEC2020.zip
ERS-EX-3510-in.idf,Broadview_SK,BROADVIEW,CAN_SK_Broadview.718610_CWEC2020.zip
ERS-EX-35136-in.idf,Windsor AP_ON,WINDSOR,CAN_ON_Windsor.AP.715380_CWEC2020.zip
ERS-EX-3518-in.idf,Broadview_SK,BROADVIEW,CAN_SK_Broadview.718610_CWEC2020.zip
ERS-EX-35214-in.idf,Windsor AP_ON,WINDSOR,CAN_ON_Windsor.AP.715380_CWEC2020.zip
ERS-EX-35229-in.idf,Windsor AP_ON,WINDSOR,CAN_ON_Windsor.AP.715380_CWEC2020.zip
ERS-EX-3523-in.idf,Regina Intl AP_SK,REGINA INTL,CAN_SK_Regina.Intl.AP.718630_CWEC2020.zip
ERS-EX-35234-in.idf,Windsor AP_ON,WINDSOR,CAN_ON_Windsor.AP.715380_CWEC2020.zip
ERS-EX-3529-in.idf,Regina Intl AP_SK,REGINA INTL,CAN_SK_Regina.Intl.AP.718630_CWEC2020.zip
ERS-EX-35294-in.idf,Windsor AP_ON,WINDSOR,CAN_ON_Windsor.AP.715380_CWEC2020.zip
ERS-EX-35315-in.idf,Windsor AP_ON,WINDSOR,CAN_ON_Windsor.AP.715380_CWEC2020.zip
ERS-EX-3533-in.idf,Regina Intl AP_SK,REGINA INTL,CAN_SK_Regina.Intl.AP.718630_CWEC2020.zip
ERS-EX-35379-in.idf,Windsor AP_ON,WINDSOR,CAN_ON_Windsor.AP.715380_CWEC2020.zip
ERS-EX-35399-in.idf,Windsor AP_ON,WINDSOR,CAN_ON_Windsor.AP.715380_CWEC2020.zip
ERS-EX-3541-in.idf,Regina Intl AP_SK,REGINA INTL,CAN_SK_Regina.Intl.AP.718630_CWEC2020.zip
ERS-EX-35463-in.idf,Windsor AP_ON,WINDSOR,CAN_ON_Windsor.AP.715380_CWEC2020.zip
ERS-EX-35493-in.idf,Windsor AP_ON,WINDSOR,CAN_ON_Windsor.AP.715380_CWEC2020.zip
ERS-EX-3552-in.idf,Regina Intl AP_SK,REGINA INTL,CAN_SK_Regina.Intl.AP.718630_CWEC2020.zip
ERS-EX-35539-in.idf,London AP_ON,LONDON,CAN_ON_London.AP.716230_CWEC2020.zip
ERS-EX-35547-in.idf,London AP_ON,LONDON,CAN_ON_London.AP.716230_CWEC2020.zip
ERS-EX-35577-in.idf,London AP_ON,LONDON,CAN_ON_London.AP.716230_CWEC2020.zip
ERS-EX-35579-in.idf,London AP_ON,LONDON,CAN_ON_London.AP.716230_CWEC2020.zip
ERS-EX-35604-in.idf,London AP_ON,LONDON,CAN_ON_London.AP.716230_CWEC2020.zip
ERS-EX-3564-in.idf,Regina Intl AP_SK,REGINA INTL,CAN_SK_Regina.Intl.AP.718630_CWEC2020.zip
ERS-EX-35649-in.idf,London AP_ON,LONDON,CAN_ON_London.AP.716230_CWEC2020.zip
ERS-EX-3565-in.idf,Regina Intl AP_SK,REGINA INTL,CAN_SK_Regina.Intl.AP.718630_CWEC2020.zip
ERS-EX-35653-in.idf,London AP_ON,LONDON,CAN_ON_London.AP.716230_CWEC2020.zip
ERS-EX-35673-in.idf,London AP_ON,LONDON,CAN_ON_London.AP.716230_CWEC2020.zip
ERS-EX-35684-in.idf,London AP_ON,LONDON,CAN_ON_London.AP.716230_CWEC2020.zip
ERS-EX-3570-in.idf,Regina Intl AP_SK,REGINA INTL,CAN_SK_Regina.Intl.AP.718630_CWEC2020.zip
ERS-EX-35706-in.idf,London AP_ON,LONDON,CAN_ON_London.AP.716230_CWEC2020.zip
ERS-EX-35714-in.idf,London AP_ON,LONDON,CAN_ON_London.AP.716230_CWEC2020.zip
ERS-EX-35732-in.idf,London AP_ON,LONDON,CAN_ON_London.AP.716230_CWEC2020.zip
ERS-EX-3576-in.idf,Broadview_SK,BROADVIEW,CAN_SK_Broadview.718610_CWEC2020.zip
ERS-EX-35760-in.idf,London AP_ON,LONDON,CAN_ON_London.AP.716230_CWEC2020.zip
ERS-EX-35774-in.idf,London AP_ON,LONDON,CAN_ON_London.AP.716230_CWEC2020.zip
ERS-EX-35779-in.idf,London AP_ON,LONDON,CAN_ON_London.AP.716230_CWEC2020.zip
ERS-EX-35810-in.idf,Windsor AP_ON,WINDSOR,CAN_ON_Windsor.AP.715380_CWEC2020.zip
ERS-EX-3582-in.idf,Regina Intl AP_SK,REGINA INTL,CAN_SK_Regina.Intl.AP.718630_CWEC2020.zip
ERS-EX-35843-in.idf,Windsor AP_ON,WINDSOR,CAN_ON_Windsor.AP.715380_CWEC2020.zip
ERS-EX-35855-in.idf,Windsor AP_ON,WINDSOR,CAN_ON_Windsor.AP.715380_CWEC2020.zip
ERS-EX-35872-in.idf,Windsor AP_ON,WINDSOR,CAN_ON_Windsor.AP.715380_CWEC2020.zip
ERS-EX-35873-in.idf,Windsor AP_ON,WINDSOR,CAN_ON_Windsor.AP.715380_CWEC2020.zip
ERS-EX-35889-in.idf,Windsor AP_ON,WINDSOR,CAN_ON_Windsor.AP.715380_CWEC2020.zip
ERS-EX-35912-in.idf,Windsor AP_ON,WINDSOR,CAN_ON_Windsor.AP.715380_CWEC2020.zip
ERS-EX-3593-in.idf,Regina Intl AP_SK,REGINA INTL,CAN_SK_Regina.Intl.AP.718630_CWEC2020.zip
ERS-EX-35966-in.idf,Windsor AP_ON,WINDSOR,CAN_ON_Windsor.AP.715380_CWEC2020.zip
ERS-EX-35991-in.idf,Windsor AP_ON,WINDSOR,CAN_ON_Windsor.AP.715380_CWEC2020.zip
ERS-EX-3600-in.idf,Regina Intl AP_SK,REGINA INTL,CAN_SK_Regina.Intl.AP.718630_CWEC2020.zip
ERS-EX-36068-in.idf,Windsor AP_ON,WINDSOR,CAN_ON_Windsor.AP.715380_CWEC2020.zip
ERS-EX-36090-in.idf,Windsor AP_ON,WINDSOR,CAN_ON_Windsor.AP.715380_CWEC2020.zip
ERS-EX-36106-in.idf,Windsor AP_ON,WINDSOR,CAN_ON_Windsor.AP.715380_CWEC2020.zip
ERS-EX-36107-in.idf,Windsor AP_ON,WINDSOR,CAN_ON_Windsor.AP.715380_CWEC2020.zip
ERS-EX-36122-in.idf,Windsor AP_ON,WINDSOR,CAN_ON_Windsor.AP.715380_CWEC2020.zip
ERS-EX-36145-in.idf,Windsor AP_ON,WINDSOR,CAN_ON_Windsor.AP.715380_CWEC2020.zip
ERS-EX-36164-in.idf,Windsor AP_ON,WINDSOR,CAN_ON_Windsor.AP.715380_CWEC2020.zip
ERS-EX-3619-in.idf,Regina Intl AP_SK,REGINA INTL,CAN_SK_Regina.Intl.AP.718630_CWEC2020.zip
ERS-EX-36190-in.idf,Windsor AP_ON,WINDSOR,CAN_ON_Windsor.AP.715380_CWEC2020.zip
ERS-EX-36195-in.idf,Windsor AP_ON,WINDSOR,CAN_ON_Windsor.AP.715380_CWEC2020.zip
ERS-EX-36208-in.idf,Windsor AP_ON,WINDSOR,CAN_ON_Windsor.AP.715380_CWEC2020.zip
ERS-EX-36210-in.idf,Windsor AP_ON,WINDSOR,CAN_ON_Windsor.AP.715380_CWEC2020.zip
ERS-EX-3623-in.idf,Yorkton_SK,YORKTON,CAN_SK_Yorkton.712920_CWEC2020.zip
ERS-EX-36236-in.idf,Windsor AP_ON,WINDSOR,CAN_ON_Windsor.AP.715380_CWEC2020.zip
ERS-EX-36263-in.idf,Windsor AP_ON,WINDSOR,CAN_ON_Windsor.AP.715380_CWEC2020.zip
ERS-EX-36265-in.idf,Windsor AP_ON,WINDSOR,CAN_ON_Windsor.AP.715380_CWEC2020.zip
ERS-EX-36267-in.idf,Windsor AP_ON,WINDSOR,CAN_ON_Windsor.AP.715380_CWEC2020.zip
ERS-EX-36271-in.idf,Windsor AP_ON,WINDSOR,CAN_ON_Windsor.AP.715380_CWEC2020.zip
ERS-EX-36277-in.idf,Windsor AP_ON,WINDSOR,CAN_ON_Windsor.AP.715380_CWEC2020.zip
ERS-EX-36323-in.idf,Windsor AP_ON,WINDSOR,CAN_ON_Windsor.AP.715380_CWEC2020.zip
ERS-EX-36324-in.idf,Windsor AP_ON,WINDSOR,CAN_ON_Windsor.AP.715380_CWEC2020.zip
ERS-EX-36335-in.idf,Windsor AP_ON,WINDSOR,CAN_ON_Windsor.AP.715380_CWEC2020.zip
ERS-EX-3635-in.idf,Edmonton Intl AP_AB,EDMONTON INTL,CAN_AB_Edmonton.Intl.AP.711230_CWEC2020.zip
ERS-EX-36352-in.idf,Windsor AP_ON,WINDSOR,CAN_ON_Windsor.AP.715380_CWEC2020.zip
ERS-EX-3638-in.idf,Edmonton Intl AP_AB,EDMONTON INTL,CAN_AB_Edmonton.Intl.AP.711230_CWEC2020.zip
ERS-EX-36383-in.idf,Windsor AP_ON,WINDSOR,CAN_ON_Windsor.AP.715380_CWEC2020.zip
ERS-EX-3639-in.idf,Edmonton Intl AP_AB,EDMONTON INTL,CAN_AB_Edmonton.Intl.AP.711230_CWEC2020.zip
ERS-EX-36430-in.idf,Windsor AP_ON,WINDSOR,CAN_ON_Windsor.AP.715380_CWEC2020.zip
ERS-EX-36463-in.idf,Windsor AP_ON,WINDSOR,CAN_ON_Windsor.AP.715380_CWEC2020.zip
ERS-EX-36504-in.idf,Sault Ste Marie AP_ON,SAULT STE MARIE,CAN_ON_Sault.Ste.Marie.AP.712600_CWEC2020.zip
ERS-EX-36513-in.idf,Sault Ste Marie AP_ON,SAULT STE MARIE,CAN_ON_Sault.Ste.Marie.AP.712600_CWEC2020.zip
ERS-EX-36520-in.idf,Sault Ste Marie AP_ON,SAULT STE MARIE,CAN_ON_Sault.Ste.Marie.AP.712600_CWEC2020.zip
ERS-EX-3653-in.idf,Prince Albert AP_SK,PRINCE ALBERT,CAN_SK_Prince.Albert.AP.718690_CWEC2020.zip
ERS-EX-36539-in.idf,Sault Ste Marie AP_ON,SAULT STE MARIE,CAN_ON_Sault.Ste.Marie.AP.712600_CWEC2020.zip
ERS-EX-36581-in.idf,Sault Ste Marie AP_ON,SAULT STE MARIE,CAN_ON_Sault.Ste.Marie.AP.712600_CWEC2020.zip
ERS-EX-36582-in.idf,Sault Ste Marie AP_ON,SAULT STE MARIE,CAN_ON_Sault.Ste.Marie.AP.712600_CWEC2020.zip
ERS-EX-36591-in.idf,Sault Ste Marie AP_ON,SAULT STE MARIE,CAN_ON_Sault.Ste.Marie.AP.712600_CWEC2020.zip
ERS-EX-36609-in.idf,Sault Ste Marie AP_ON,SAULT STE MARIE,CAN_ON_Sault.Ste.Marie.AP.712600_CWEC2020.zip
ERS-EX-36617-in.idf,Sault Ste Marie AP_ON,SAULT STE MARIE,CAN_ON_Sault.Ste.Marie.AP.712600_CWEC2020.zip
ERS-EX-3662-in.idf,Prince Albert AP_SK,PRINCE ALBERT,CAN_SK_Prince.Albert.AP.718690_CWEC2020.zip
ERS-EX-3666-in.idf,Prince Albert AP_SK,PRINCE ALBERT,CAN_SK_Prince.Albert.AP.718690_CWEC2020.zip
ERS-EX-36664-in.idf,Sault Ste Marie AP_ON,SAULT STE MARIE,CAN_ON_Sault.Ste.Marie.AP.712600_CWEC2020.zip
ERS-EX-36689-in.idf,Sault Ste Marie AP_ON,SAULT STE MARIE,CAN_ON_Sault.Ste.Marie.AP.712600_CWEC2020.zip
ERS-EX-36694-in.idf,Sault Ste Marie AP_ON,SAULT STE MARIE,CAN_ON_Sault.Ste.Marie.AP.712600_CWEC2020.zip
ERS-EX-36698-in.idf,Sault Ste Marie AP_ON,SAULT STE MARIE,CAN_ON_Sault.Ste.Marie.AP.712600_CWEC2020.zip
ERS-EX-36708-in.idf,Sault Ste Marie AP_ON,SAULT STE MARIE,CAN_ON_Sault.Ste.Marie.AP.712600_CWEC2020.zip
ERS-EX-36720-in.idf,Sault Ste Marie AP_ON,SAULT STE MARIE,CAN_ON_Sault.Ste.Marie.AP.712600_CWEC2020.zip
ERS-EX-36722-in.idf,Sault Ste Marie AP_ON,SAULT STE MARIE,CAN_ON_Sault.Ste.Marie.AP.712600_CWEC2020.zip
ERS-EX-36726-in.idf,Sault Ste Marie AP_ON,SAULT STE MARIE,CAN_ON_Sault.Ste.Marie.AP.712600_CWEC2020.zip
ERS-EX-36731-in.idf,Sault Ste Marie AP_ON,SAULT STE MARIE,CAN_ON_Sault.Ste.Marie.AP.712600_CWEC2020.zip
ERS-EX-36743-in.idf,Sault Ste Marie AP_ON,SAULT STE MARIE,CAN_ON_Sault.Ste.Marie.AP.712600_CWEC2020.zip
ERS-EX-36760-in.idf,Sault Ste Marie AP_ON,SAULT STE MARIE,CAN_ON_Sault.Ste.Marie.AP.712600_CWEC2020.zip
ERS-EX-3677-in.idf,Prince Albert AP_SK,PRINCE ALBERT,CAN_SK_Prince.Albert.AP.718690_CWEC2020.zip
ERS-EX-36771-in.idf,Sault Ste Marie AP_ON,SAULT STE MARIE,CAN_ON_Sault.Ste.Marie.AP.712600_CWEC2020.zip
ERS-EX-36773-in.idf,Sault Ste Marie AP_ON,SAULT STE MARIE,CAN_ON_Sault.Ste.Marie.AP.712600_CWEC2020.zip
ERS-EX-36777-in.idf,Sault Ste Marie AP_ON,SAULT STE MARIE,CAN_ON_Sault.Ste.Marie.AP.712600_CWEC2020.zip
ERS-EX-36782-in.idf,Sault Ste Marie AP_ON,SAULT STE MARIE,CAN_ON_Sault.Ste.Marie.AP.712600_CWEC2020.zip
ERS-EX-36787-in.idf,Sault Ste Marie AP_ON,SAULT STE MARIE,CAN_ON_Sault.Ste.Marie.AP.712600_CWEC2020.zip
ERS-EX-36792-in.idf,Sault Ste Marie AP_ON,SAULT STE MARIE,CAN_ON_Sault.Ste.Marie.AP.712600_CWEC2020.zip
ERS-EX-36794-in.idf,Sault Ste Marie AP_ON,SAULT STE MARIE,CAN_ON_Sault.Ste.Marie.AP.712600_CWEC2020.zip
ERS-EX-36799-in.idf,Sault Ste Marie AP_ON,SAULT STE MARIE,CAN_ON_Sault.Ste.Marie.AP.712600_CWEC2020.zip
ERS-EX-36801-in.idf,Sault Ste Marie AP_ON,SAULT STE MARIE,CAN_ON_Sault.Ste.Marie.AP.712600_CWEC2020.zip
ERS-EX-36812-in.idf,Sault Ste Marie AP_ON,SAULT STE MARIE,CAN_ON_Sault.Ste.Marie.AP.712600_CWEC2020.zip
ERS-EX-36815-in.idf,Sault Ste Marie AP_ON,SAULT STE MARIE,CAN_ON_Sault.Ste.Marie.AP.712600_CWEC2020.zip
ERS-EX-36817-in.idf,Sault Ste Marie AP_ON,SAULT STE MARIE,CAN_ON_Sault.Ste.Marie.AP.712600_CWEC2020.zip
ERS-EX-36882-in.idf,Sault Ste Marie AP_ON,SAULT STE MARIE,CAN_ON_Sault.Ste.Marie.AP.712600_CWEC2020.zip
ERS-EX-36895-in.idf,Sault Ste Marie AP_ON,SAULT STE MARIE,CAN_ON_Sault.Ste.Marie.AP.712600_CWEC2020.zip
ERS-EX-36937-in.idf,Sault Ste Marie AP_ON,SAULT STE MARIE,CAN_ON_Sault.Ste.Marie.AP.712600_CWEC2020.zip
ERS-EX-3695-in.idf,Prince Albert AP_SK,PRINCE ALBERT,CAN_SK_Prince.Albert.AP.718690_CWEC2020.zip
ERS-EX-36959-in.idf,Sault Ste Marie AP_ON,SAULT STE MARIE,CAN_ON_Sault.Ste.Marie.AP.712600_CWEC2020.zip
ERS-EX-36974-in.idf,Sault Ste Marie AP_ON,SAULT STE MARIE,CAN_ON_Sault.Ste.Marie.AP.712600_CWEC2020.zip
ERS-EX-36977-in.idf,Sault Ste Marie AP_ON,SAULT STE MARIE,CAN_ON_Sault.Ste.Marie.AP.712600_CWEC2020.zip
ERS-EX-36978-in.idf,Sault Ste Marie AP_ON,SAULT STE MARIE,CAN_ON_Sault.Ste.Marie.AP.712600_CWEC2020.zip
ERS-EX-36980-in.idf,Sault Ste Marie AP_ON,SAULT STE MARIE,CAN_ON_Sault.Ste.Marie.AP.712600_CWEC2020.zip
ERS-EX-37002-in.idf,Sault Ste Marie AP_ON,SAULT STE MARIE,CAN_ON_Sault.Ste.Marie.AP.712600_CWEC2020.zip
ERS-EX-37010-in.idf,Sault Ste Marie AP_ON,SAULT STE MARIE,CAN_ON_Sault.Ste.Marie.AP.712600_CWEC2020.zip
ERS-EX-37022-in.idf,Sault Ste Marie AP_ON,SAULT STE MARIE,CAN_ON_Sault.Ste.Marie.AP.712600_CWEC2020.zip
ERS-EX-37029-in.idf,Sault Ste Marie AP_ON,SAULT STE MARIE,CAN_ON_Sault.Ste.Marie.AP.712600_CWEC2020.zip
ERS-EX-37037-in.idf,Sault Ste Marie AP_ON,SAULT STE MARIE,CAN_ON_Sault.Ste.Marie.AP.712600_CWEC2020.zip
ERS-EX-37044-in.idf,Toronto Intl AP_ON,TORONTO INTL,CAN_ON_Toronto.Intl.AP.716240_CWEC2020.zip
ERS-EX-37088-in.idf,Toronto Intl AP_ON,TORONTO INTL,CAN_ON_Toronto.Intl.AP.716240_CWEC2020.zip
ERS-EX-3709-in.idf,Prince Albert AP_SK,PRINCE ALBERT,CAN_SK_Prince.Albert.AP.718690_CWEC2020.zip
ERS-EX-37092-in.idf,Toronto Intl AP_ON,TORONTO INTL,CAN_ON_Toronto.Intl.AP.716240_CWEC2020.zip
ERS-EX-37093-in.idf,Toronto Intl AP_ON,TORONTO INTL,CAN_ON_Toronto.Intl.AP.716240_CWEC2020.zip
ERS-EX-37133-in.idf,Toronto Intl AP_ON,TORONTO INTL,CAN_ON_Toronto.Intl.AP.716240_CWEC2020.zip
ERS-EX-37134-in.idf,Toronto Intl AP_ON,TORONTO INTL,CAN_ON_Toronto.Intl.AP.716240_CWEC2020.zip
ERS-EX-37142-in.idf,Toronto Intl AP_ON,TORONTO INTL,CAN_ON_Toronto.Intl.AP.716240_CWEC2020.zip
ERS-EX-37169-in.idf,Toronto Intl AP_ON,TORONTO INTL,CAN_ON_Toronto.Intl.AP.716240_CWEC2020.zip
ERS-EX-37186-in.idf,Toronto Intl AP_ON,TORONTO INTL,CAN_ON_Toronto.Intl.AP.716240_CWEC2020.zip
ERS-EX-3721-in.idf,Prince Albert AP_SK,PRINCE ALBERT,CAN_SK_Prince.Albert.AP.718690_CWEC2020.zip
ERS-EX-37212-in.idf,Toronto Intl AP_ON,TORONTO INTL,CAN_ON_Toronto.Intl.AP.716240_CWEC2020.zip
ERS-EX-37222-in.idf,Toronto Intl AP_ON,TORONTO INTL,CAN_ON_Toronto.Intl.AP.716240_CWEC2020.zip
ERS-EX-37240-in.idf,Toronto Intl AP_ON,TORONTO INTL,CAN_ON_Toronto.Intl.AP.716240_CWEC2020.zip
ERS-EX-37251-in.idf,Toronto Intl AP_ON,TORONTO INTL,CAN_ON_Toronto.Intl.AP.716240_CWEC2020.zip
ERS-EX-3730-in.idf,Edmonton Intl AP_AB,EDMONTON INTL,CAN_AB_Edmonton.Intl.AP.711230_CWEC2020.zip
ERS-EX-37318-in.idf,Windsor AP_ON,WINDSOR,CAN_ON_Windsor.AP.715380_CWEC2020.zip
ERS-EX-37320-in.idf,Windsor AP_ON,WINDSOR,CAN_ON_Windsor.AP.715380_CWEC2020.zip
ERS-EX-37321-in.idf,Windsor AP_ON,WINDSOR,CAN_ON_Windsor.AP.715380_CWEC2020.zip
ERS-EX-37338-in.idf,Windsor AP_ON,WINDSOR,CAN_ON_Windsor.AP.715380_CWEC2020.zip
ERS-EX-3734-in.idf,Edmonton Intl AP_AB,EDMONTON INTL,CAN_AB_Edmonton.Intl.AP.711230_CWEC2020.zip
ERS-EX-37352-in.idf,Windsor AP_ON,WINDSOR,CAN_ON_Windsor.AP.715380_CWEC2020.zip
ERS-EX-3736-in.idf,Edmonton Intl AP_AB,EDMONTON INTL,CAN_AB_Edmonton.Intl.AP.711230_CWEC2020.zip
ERS-EX-37374-in.idf,Windsor AP_ON,WINDSOR,CAN_ON_Windsor.AP.715380_CWEC2020.zip
ERS-EX-37380-in.idf,Windsor AP_ON,WINDSOR,CAN_ON_Windsor.AP.715380_CWEC2020.zip
ERS-EX-37388-in.idf,Windsor AP_ON,WINDSOR,CAN_ON_Windsor.AP.715380_CWEC2020.zip
ERS-EX-37392-in.idf,Windsor AP_ON,WINDSOR,CAN_ON_Windsor.AP.715380_CWEC2020.zip
ERS-EX-37397-in.idf,Windsor AP_ON,WINDSOR,CAN_ON_Windsor.AP.715380_CWEC2020.zip
ERS-EX-37419-in.idf,Windsor AP_ON,WINDSOR,CAN_ON_Windsor.AP.715380_CWEC2020.zip
ERS-EX-3742-in.idf,Edmonton Intl AP_AB,EDMONTON INTL,CAN_AB_Edmonton.Intl.AP.711230_CWEC2020.zip
ERS-EX-3744-in.idf,Edmonton Intl AP_AB,EDMONTON INTL,CAN_AB_Edmonton.Intl.AP.711230_CWEC2020.zip
ERS-EX-3745-in.idf,Edmonton Intl AP_AB,EDMONTON INTL,CAN_AB_Edmonton.Intl.AP.711230_CWEC2020.zip
ERS-EX-37451-in.idf,Windsor AP_ON,WINDSOR,CAN_ON_Windsor.AP.715380_CWEC2020.zip
ERS-EX-3747-in.idf,Edmonton Intl AP_AB,EDMONTON INTL,CAN_AB_Edmonton.Intl.AP.711230_CWEC2020.zip
ERS-EX-37476-in.idf,Windsor AP_ON,WINDSOR,CAN_ON_Windsor.AP.715380_CWEC2020.zip
ERS-EX-37492-in.idf,Windsor AP_ON,WINDSOR,CAN_ON_Windsor.AP.715380_CWEC2020.zip
ERS-EX-37496-in.idf,Windsor AP_ON,WINDSOR,CAN_ON_Windsor.AP.715380_CWEC2020.zip
ERS-EX-37497-in.idf,Windsor AP_ON,WINDSOR,CAN_ON_Windsor.AP.715380_CWEC2020.zip
ERS-EX-37515-in.idf,Windsor AP_ON,WINDSOR,CAN_ON_Windsor.AP.715380_CWEC2020.zip
ERS-EX-37516-in.idf,Windsor AP_ON,WINDSOR,CAN_ON_Windsor.AP.715380_CWEC2020.zip
ERS-EX-37543-in.idf,London AP_ON,LONDON,CAN_ON_London.AP.716230_CWEC2020.zip
ERS-EX-3756-in.idf,Edmonton Intl AP_AB,EDMONTON INTL,CAN_AB_Edmonton.Intl.AP.711230_CWEC2020.zip
ERS-EX-37577-in.idf,Windsor AP_ON,WINDSOR,CAN_ON_Windsor.AP.715380_CWEC2020.zip
ERS-EX-3758-in.idf,Edmonton Intl AP_AB,EDMONTON INTL,CAN_AB_Edmonton.Intl.AP.711230_CWEC2020.zip
ERS-EX-3759-in.idf,Edmonton Intl AP_AB,EDMONTON INTL,CAN_AB_Edmonton.Intl.AP.711230_CWEC2020.zip
ERS-EX-3760-in.idf,Edmonton Intl AP_AB,EDMONTON INTL,CAN_AB_Edmonton.Intl.AP.711230_CWEC2020.zip
ERS-EX-37610-in.idf,Windsor AP_ON,WINDSOR,CAN_ON_Windsor.AP.715380_CWEC2020.zip
ERS-EX-37637-in.idf,Windsor AP_ON,WINDSOR,CAN_ON_Windsor.AP.715380_CWEC2020.zip
ERS-EX-37671-in.idf,Windsor AP_ON,WINDSOR,CAN_ON_Windsor.AP.715380_CWEC2020.zip
ERS-EX-3768-in.idf,Edmonton Intl AP_AB,EDMONTON INTL,CAN_AB_Edmonton.Intl.AP.711230_CWEC2020.zip
ERS-EX-37704-in.idf,Windsor AP_ON,WINDSOR,CAN_ON_Windsor.AP.715380_CWEC2020.zip
ERS-EX-37711-in.idf,Windsor AP_ON,WINDSOR,CAN_ON_Windsor.AP.715380_CWEC2020.zip
ERS-EX-37730-in.idf,Windsor AP_ON,WINDSOR,CAN_ON_Windsor.AP.715380_CWEC2020.zip
ERS-EX-3775-in.idf,Edmonton Intl AP_AB,EDMONTON INTL,CAN_AB_Edmonton.Intl.AP.711230_CWEC2020.zip
ERS-EX-37760-in.idf,Windsor AP_ON,WINDSOR,CAN_ON_Windsor.AP.715380_CWEC2020.zip
ERS-EX-37784-in.idf,Windsor AP_ON,WINDSOR,CAN_ON_Windsor.AP.715380_CWEC2020.zip
ERS-EX-3779-in.idf,Edmonton Intl AP_AB,EDMONTON INTL,CAN_AB_Edmonton.Intl.AP.711230_CWEC2020.zip
ERS-EX-37814-in.idf,Windsor AP_ON,WINDSOR,CAN_ON_Windsor.AP.715380_CWEC2020.zip
ERS-EX-37822-in.idf,Windsor AP_ON,WINDSOR,CAN_ON_Windsor.AP.715380_CWEC2020.zip
ERS-EX-37875-in.idf,Windsor AP_ON,WINDSOR,CAN_ON_Windsor.AP.715380_CWEC2020.zip
ERS-EX-37883-in.idf,Windsor AP_ON,WINDSOR,CAN_ON_Windsor.AP.715380_CWEC2020.zip
ERS-EX-3789-in.idf,Edmonton Intl AP_AB,EDMONTON INTL,CAN_AB_Edmonton.Intl.AP.711230_CWEC2020.zip
ERS-EX-37943-in.idf,Windsor AP_ON,WINDSOR,CAN_ON_Windsor.AP.715380_CWEC2020.zip
ERS-EX-37944-in.idf,Windsor AP_ON,WINDSOR,CAN_ON_Windsor.AP.715380_CWEC2020.zip
ERS-EX-37945-in.idf,Windsor AP_ON,WINDSOR,CAN_ON_Windsor.AP.715380_CWEC2020.zip
ERS-EX-37977-in.idf,Windsor AP_ON,WINDSOR,CAN_ON_Windsor.AP.715380_CWEC2020.zip
ERS-EX-38007-in.idf,Windsor AP_ON,WINDSOR,CAN_ON_Windsor.AP.715380_CWEC2020.zip
ERS-EX-38009-in.idf,Windsor AP_ON,WINDSOR,CAN_ON_Windsor.AP.715380_CWEC2020.zip
ERS-EX-38013-in.idf,Windsor AP_ON,WINDSOR,CAN_ON_Windsor.AP.715380_CWEC2020.zip
ERS-EX-3803-in.idf,Edmonton Intl AP_AB,EDMONTON INTL,CAN_AB_Edmonton.Intl.AP.711230_CWEC2020.zip
ERS-EX-3804-in.idf,Edmonton Intl AP_AB,EDMONTON INTL,CAN_AB_Edmonton.Intl.AP.711230_CWEC2020.zip
ERS-EX-38052-in.idf,Windsor AP_ON,WINDSOR,CAN_ON_Windsor.AP.715380_CWEC2020.zip
ERS-EX-38059-in.idf,Windsor AP_ON,WINDSOR,CAN_ON_Windsor.AP.715380_CWEC2020.zip
ERS-EX-3806-in.idf,Edmonton Intl AP_AB,EDMONTON INTL,CAN_AB_Edmonton.Intl.AP.711230_CWEC2020.zip
ERS-EX-38067-in.idf,Windsor AP_ON,WINDSOR,CAN_ON_Windsor.AP.715380_CWEC2020.zip
ERS-EX-38069-in.idf,Windsor AP_ON,WINDSOR,CAN_ON_Windsor.AP.715380_CWEC2020.zip
ERS-EX-3807-in.idf,Edmonton Intl AP_AB,EDMONTON INTL,CAN_AB_Edmonton.Intl.AP.711230_CWEC2020.zip
ERS-EX-38075-in.idf,Windsor AP_ON,WINDSOR,CAN_ON_Windsor.AP.715380_CWEC2020.zip
ERS-EX-3811-in.idf,Edmonton Intl AP_AB,EDMONTON INTL,CAN_AB_Edmonton.Intl.AP.711230_CWEC2020.zip
ERS-EX-38110-in.idf,Windsor AP_ON,WINDSOR,CAN_ON_Windsor.AP.715380_CWEC2020.zip
ERS-EX-38118-in.idf,Windsor AP_ON,WINDSOR,CAN_ON_Windsor.AP.715380_CWEC2020.zip
ERS-EX-38119-in.idf,Windsor AP_ON,WINDSOR,CAN_ON_Windsor.AP.715380_CWEC2020.zip
ERS-EX-38142-in.idf,Windsor AP_ON,WINDSOR,CAN_ON_Windsor.AP.715380_CWEC2020.zip
ERS-EX-38173-in.idf,Windsor AP_ON,WINDSOR,CAN_ON_Windsor.AP.715380_CWEC2020.zip
ERS-EX-38195-in.idf,Windsor AP_ON,WINDSOR,CAN_ON_Windsor.AP.715380_CWEC2020.zip
ERS-EX-3820-in.idf,Edmonton Intl AP_AB,EDMONTON INTL,CAN_AB_Edmonton.Intl.AP.711230_CWEC2020.zip
ERS-EX-3821-in.idf,Edmonton Intl AP_AB,EDMONTON INTL,CAN_AB_Edmonton.Intl.AP.711230_CWEC2020.zip
ERS-EX-3822-in.idf,Edmonton Intl AP_AB,EDMONTON INTL,CAN_AB_Edmonton.Intl.AP.711230_CWEC2020.zip
ERS-EX-38253-in.idf,Windsor AP_ON,WINDSOR,CAN_ON_Windsor.AP.715380_CWEC2020.zip
ERS-EX-3826-in.idf,Yorkton_SK,YORKTON,CAN_SK_Yorkton.712920_CWEC2020.zip
ERS-EX-38260-in.idf,Windsor AP_ON,WINDSOR,CAN_ON_Windsor.AP.715380_CWEC2020.zip
ERS-EX-38307-in.idf,Windsor AP_ON,WINDSOR,CAN_ON_Windsor.AP.715380_CWEC2020.zip
ERS-EX-38344-in.idf,London AP_ON,LONDON,CAN_ON_London.AP.716230_CWEC2020.zip
ERS-EX-38354-in.idf,London AP_ON,LONDON,CAN_ON_London.AP.716230_CWEC2020.zip
ERS-EX-38357-in.idf,London AP_ON,LONDON,CAN_ON_London.AP.716230_CWEC2020.zip
ERS-EX-38386-in.idf,London AP_ON,LONDON,CAN_ON_London.AP.716230_CWEC2020.zip
ERS-EX-38392-in.idf,London AP_ON,LONDON,CAN_ON_London.AP.716230_CWEC2020.zip
ERS-EX-38398-in.idf,London AP_ON,LONDON,CAN_ON_London.AP.716230_CWEC2020.zip
ERS-EX-3840-in.idf,Saskatoon Intl AP_SK,SASKATOON INTL,CAN_SK_Saskatoon.Intl.AP.718660_CWEC2020.zip
ERS-EX-38525-in.idf,London AP_ON,LONDON,CAN_ON_London.AP.716230_CWEC2020.zip
ERS-EX-38553-in.idf,Toronto Intl AP_ON,TORONTO INTL,CAN_ON_Toronto.Intl.AP.716240_CWEC2020.zip
ERS-EX-38566-in.idf,Toronto Intl AP_ON,TORONTO INTL,CAN_ON_Toronto.Intl.AP.716240_CWEC2020.zip
ERS-EX-38573-in.idf,Toronto Intl AP_ON,TORONTO INTL,CAN_ON_Toronto.Intl.AP.716240_CWEC2020.zip
ERS-EX-38609-in.idf,London AP_ON,LONDON,CAN_ON_London.AP.716230_CWEC2020.zip
ERS-EX-38620-in.idf,London AP_ON,LONDON,CAN_ON_London.AP.716230_CWEC2020.zip
ERS-EX-38639-in.idf,London AP_ON,LONDON,CAN_ON_London.AP.716230_CWEC2020.zip
ERS-EX-3865-in.idf,Regina Intl AP_SK,REGINA INTL,CAN_SK_Regina.Intl.AP.718630_CWEC2020.zip
ERS-EX-38652-in.idf,Windsor AP_ON,WINDSOR,CAN_ON_Windsor.AP.715380_CWEC2020.zip
ERS-EX-38685-in.idf,Windsor AP_ON,WINDSOR,CAN_ON_Windsor.AP.715380_CWEC2020.zip
ERS-EX-38693-in.idf,Windsor AP_ON,WINDSOR,CAN_ON_Windsor.AP.715380_CWEC2020.zip
ERS-EX-38702-in.idf,Windsor AP_ON,WINDSOR,CAN_ON_Windsor.AP.715380_CWEC2020.zip
ERS-EX-38708-in.idf,Windsor AP_ON,WINDSOR,CAN_ON_Windsor.AP.715380_CWEC2020.zip
ERS-EX-38744-in.idf,Windsor AP_ON,WINDSOR,CAN_ON_Windsor.AP.715380_CWEC2020.zip
ERS-EX-38748-in.idf,Windsor AP_ON,WINDSOR,CAN_ON_Windsor.AP.715380_CWEC2020.zip
ERS-EX-3875-in.idf,Saskatoon Intl AP_SK,SASKATOON INTL,CAN_SK_Saskatoon.Intl.AP.718660_CWEC2020.zip
ERS-EX-38829-in.idf,Windsor AP_ON,WINDSOR,CAN_ON_Windsor.AP.715380_CWEC2020.zip
ERS-EX-38836-in.idf,Windsor AP_ON,WINDSOR,CAN_ON_Windsor.AP.715380_CWEC2020.zip
ERS-EX-38866-in.idf,Windsor AP_ON,WINDSOR,CAN_ON_Windsor.AP.715380_CWEC2020.zip
ERS-EX-38881-in.idf,Windsor AP_ON,WINDSOR,CAN_ON_Windsor.AP.715380_CWEC2020.zip
ERS-EX-38884-in.idf,Windsor AP_ON,WINDSOR,CAN_ON_Windsor.AP.715380_CWEC2020.zip
ERS-EX-3892-in.idf,Broadview_SK,BROADVIEW,CAN_SK_Broadview.718610_CWEC2020.zip
ERS-EX-38940-in.idf,Sault Ste Marie AP_ON,SAULT STE MARIE,CAN_ON_Sault.Ste.Marie.AP.712600_CWEC2020.zip
ERS-EX-38941-in.idf,Sault Ste Marie AP_ON,SAULT STE MARIE,CAN_ON_Sault.Ste.Marie.AP.712600_CWEC2020.zip
ERS-EX-38944-in.idf,Sault Ste Marie AP_ON,SAULT STE MARIE,CAN_ON_Sault.Ste.Marie.AP.712600_CWEC2020.zip
ERS-EX-38957-in.idf,Windsor AP_ON,WINDSOR,CAN_ON_Windsor.AP.715380_CWEC2020.zip
ERS-EX-38967-in.idf,Windsor AP_ON,WINDSOR,CAN_ON_Windsor.AP.715380_CWEC2020.zip
ERS-EX-38972-in.idf,Windsor AP_ON,WINDSOR,CAN_ON_Windsor.AP.715380_CWEC2020.zip
ERS-EX-39046-in.idf,London AP_ON,LONDON,CAN_ON_London.AP.716230_CWEC2020.zip
ERS-EX-39063-in.idf,Windsor AP_ON,WINDSOR,CAN_ON_Windsor.AP.715380_CWEC2020.zip
ERS-EX-39074-in.idf,Windsor AP_ON,WINDSOR,CAN_ON_Windsor.AP.715380_CWEC2020.zip
ERS-EX-39077-in.idf,Windsor AP_ON,WINDSOR,CAN_ON_Windsor.AP.715380_CWEC2020.zip
ERS-EX-3908-in.idf,Estevan AP_SK,ESTEVAN,CAN_SK_Estevan.AP.718620_CWEC2020.zip
ERS-EX-39112-in.idf,Toronto City Centre_ON,TORONTO CITY CENTRE,CAN_ON_Toronto.City.Centre.712650_CWEC2020.zip
ERS-EX-39136-in.idf,Toronto City Centre_ON,TORONTO CITY CENTRE,CAN_ON_Toronto.City.Centre.712650_CWEC2020.zip
ERS-EX-39155-in.idf,Toronto City Centre_ON,TORONTO CITY CENTRE,CAN_ON_Toronto.City.Centre.712650_CWEC2020.zip
ERS-EX-39167-in.idf,Toronto Intl AP_ON,TORONTO INTL,CAN_ON_Toronto.Intl.AP.716240_CWEC2020.zip
ERS-EX-39178-in.idf,Erieau AUT_ON,ERIEAU,CAN_ON_Erieau.AUT.714650_CWEC2020.zip
ERS-EX-39183-in.idf,Erieau AUT_ON,ERIEAU,CAN_ON_Erieau.AUT.714650_CWEC2020.zip
ERS-EX-3919-in.idf,Estevan AP_SK,ESTEVAN,CAN_SK_Estevan.AP.718620_CWEC2020.zip
ERS-EX-39191-in.idf,Erieau AUT_ON,ERIEAU,CAN_ON_Erieau.AUT.714650_CWEC2020.zip
ERS-EX-39209-in.idf,Windsor AP_ON,WINDSOR,CAN_ON_Windsor.AP.715380_CWEC2020.zip
ERS-EX-39210-in.idf,Windsor AP_ON,WINDSOR,CAN_ON_Windsor.AP.715380_CWEC2020.zip
ERS-EX-39211-in.idf,Windsor AP_ON,WINDSOR,CAN_ON_Windsor.AP.715380_CWEC2020.zip
ERS-EX-39212-in.idf,Windsor AP_ON,WINDSOR,CAN_ON_Windsor.AP.715380_CWEC2020.zip
ERS-EX-39222-in.idf,Toronto City Centre_ON,TORONTO CITY CENTRE,CAN_ON_Toronto.City.Centre.712650_CWEC2020.zip
ERS-EX-39243-in.idf,Toronto City Centre_ON,TORONTO CITY CENTRE,CAN_ON_Toronto.City.Centre.712650_CWEC2020.zip
ERS-EX-39271-in.idf,Toronto City Centre_ON,TORONTO CITY CENTRE,CAN_ON_Toronto.City.Centre.712650_CWEC2020.zip
ERS-EX-39292-in.idf,Toronto City Centre_ON,TORONTO CITY CENTRE,CAN_ON_Toronto.City.Centre.712650_CWEC2020.zip
ERS-EX-39295-in.idf,Erieau AUT_ON,ERIEAU,CAN_ON_Erieau.AUT.714650_CWEC2020.zip
ERS-EX-39297-in.idf,Toronto Intl AP_ON,TORONTO INTL,CAN_ON_Toronto.Intl.AP.716240_CWEC2020.zip
ERS-EX-39329-in.idf,Toronto City Centre_ON,TORONTO CITY CENTRE,CAN_ON_Toronto.City.Centre.712650_CWEC2020.zip
ERS-EX-3935-in.idf,Estevan AP_SK,ESTEVAN,CAN_SK_Estevan.AP.718620_CWEC2020.zip
ERS-EX-39439-in.idf,Erieau AUT_ON,ERIEAU,CAN_ON_Erieau.AUT.714650_CWEC2020.zip
ERS-EX-39451-in.idf,Toronto City Centre_ON,TORONTO CITY CENTRE,CAN_ON_Toronto.City.Centre.712650_CWEC2020.zip
ERS-EX-39525-in.idf,Erieau AUT_ON,ERIEAU,CAN_ON_Erieau.AUT.714650_CWEC2020.zip
ERS-EX-39570-in.idf,Erieau AUT_ON,ERIEAU,CAN_ON_Erieau.AUT.714650_CWEC2020.zip
ERS-EX-39591-in.idf,Windsor AP_ON,WINDSOR,CAN_ON_Windsor.AP.715380_CWEC2020.zip
ERS-EX-39617-in.idf,Erieau AUT_ON,ERIEAU,CAN_ON_Erieau.AUT.714650_CWEC2020.zip
ERS-EX-39639-in.idf,Erieau AUT_ON,ERIEAU,CAN_ON_Erieau.AUT.714650_CWEC2020.zip
ERS-EX-39669-in.idf,Erieau AUT_ON,ERIEAU,CAN_ON_Erieau.AUT.714650_CWEC2020.zip
ERS-EX-39706-in.idf,Toronto City Centre_ON,TORONTO CITY CENTRE,CAN_ON_Toronto.City.Centre.712650_CWEC2020.zip
ERS-EX-3971-in.idf,Estevan AP_SK,ESTEVAN,CAN_SK_Estevan.AP.718620_CWEC2020.zip
ERS-EX-3972-in.idf,Estevan AP_SK,ESTEVAN,CAN_SK_Estevan.AP.718620_CWEC2020.zip
ERS-EX-39752-in.idf,Toronto City Centre_ON,TORONTO CITY CENTRE,CAN_ON_Toronto.City.Centre.712650_CWEC2020.zip
ERS-EX-39805-in.idf,Toronto City Centre_ON,TORONTO CITY CENTRE,CAN_ON_Toronto.City.Centre.712650_CWEC2020.zip
ERS-EX-39806-in.idf,Erieau AUT_ON,ERIEAU,CAN_ON_Erieau.AUT.714650_CWEC2020.zip
ERS-EX-3982-in.idf,Moose Jaw CS_SK,MOOSE JAW,CAN_SK_Moose.Jaw.CS.715390_CWEC2020.zip
ERS-EX-39836-in.idf,Erieau AUT_ON,ERIEAU,CAN_ON_Erieau.AUT.714650_CWEC2020.zip
ERS-EX-3985-in.idf,Estevan AP_SK,ESTEVAN,CAN_SK_Estevan.AP.718620_CWEC2020.zip
ERS-EX-39904-in.idf,Windsor AP_ON,WINDSOR,CAN_ON_Windsor.AP.715380_CWEC2020.zip
ERS-EX-3992-in.idf,Estevan AP_SK,ESTEVAN,CAN_SK_Estevan.AP.718620_CWEC2020.zip
ERS-EX-39931-in.idf,Windsor AP_ON,WINDSOR,CAN_ON_Windsor.AP.715380_CWEC2020.zip
ERS-EX-39949-in.idf,Windsor AP_ON,WINDSOR,CAN_ON_Windsor.AP.715380_CWEC2020.zip
ERS-EX-3995-in.idf,Saskatoon Intl AP_SK,SASKATOON INTL,CAN_SK_Saskatoon.Intl.AP.718660_CWEC2020.zip
ERS-EX-39953-in.idf,Windsor AP_ON,WINDSOR,CAN_ON_Windsor.AP.715380_CWEC2020.zip
ERS-EX-39962-in.idf,Windsor AP_ON,WINDSOR,CAN_ON_Windsor.AP.715380_CWEC2020.zip
ERS-EX-39968-in.idf,Windsor AP_ON,WINDSOR,CAN_ON_Windsor.AP.715380_CWEC2020.zip
ERS-EX-40007-in.idf,Windsor AP_ON,WINDSOR,CAN_ON_Windsor.AP.715380_CWEC2020.zip
ERS-EX-40029-in.idf,Windsor AP_ON,WINDSOR,CAN_ON_Windsor.AP.715380_CWEC2020.zip
ERS-EX-40036-in.idf,Windsor AP_ON,WINDSOR,CAN_ON_Windsor.AP.715380_CWEC2020.zip
ERS-EX-4004-in.idf,Swift Current_SK,SWIFT CURRENT,CAN_SK_Swift.Current.711420_CWEC2020.zip
ERS-EX-4005-in.idf,Swift Current_SK,SWIFT CURRENT,CAN_SK_Swift.Current.711420_CWEC2020.zip
ERS-EX-4006-in.idf,Swift Current_SK,SWIFT CURRENT,CAN_SK_Swift.Current.711420_CWEC2020.zip
ERS-EX-40077-in.idf,Windsor AP_ON,WINDSOR,CAN_ON_Windsor.AP.715380_CWEC2020.zip
ERS-EX-4009-in.idf,Swift Current_SK,SWIFT CURRENT,CAN_SK_Swift.Current.711420_CWEC2020.zip
ERS-EX-4010-in.idf,Swift Current_SK,SWIFT CURRENT,CAN_SK_Swift.Current.711420_CWEC2020.zip
ERS-EX-4016-in.idf,Swift Current_SK,SWIFT CURRENT,CAN_SK_Swift.Current.711420_CWEC2020.zip
ERS-EX-40175-in.idf,Windsor AP_ON,WINDSOR,CAN_ON_Windsor.AP.715380_CWEC2020.zip
ERS-EX-40219-in.idf,Windsor AP_ON,WINDSOR,CAN_ON_Windsor.AP.715380_CWEC2020.zip
ERS-EX-4022-in.idf,Swift Current_SK,SWIFT CURRENT,CAN_SK_Swift.Current.711420_CWEC2020.zip
ERS-EX-40243-in.idf,Windsor AP_ON,WINDSOR,CAN_ON_Windsor.AP.715380_CWEC2020.zip
ERS-EX-40282-in.idf,Windsor AP_ON,WINDSOR,CAN_ON_Windsor.AP.715380_CWEC2020.zip
ERS-EX-40359-in.idf,London AP_ON,LONDON,CAN_ON_London.AP.716230_CWEC2020.zip
ERS-EX-40389-in.idf,Toronto City Centre_ON,TORONTO CITY CENTRE,CAN_ON_Toronto.City.Centre.712650_CWEC2020.zip
ERS-EX-40401-in.idf,Toronto City Centre_ON,TORONTO CITY CENTRE,CAN_ON_Toronto.City.Centre.712650_CWEC2020.zip
ERS-EX-4042-in.idf,Swift Current_SK,SWIFT CURRENT,CAN_SK_Swift.Current.711420_CWEC2020.zip
ERS-EX-40421-in.idf,Ottawa Intl AP_ON,OTTAWA INTL,CAN_ON_Ottawa.Intl.AP.716280_CWEC2020.zip
ERS-EX-40426-in.idf,Ottawa Intl AP_ON,OTTAWA INTL,CAN_ON_Ottawa.Intl.AP.716280_CWEC2020.zip
ERS-EX-40487-in.idf,Ottawa Intl AP_ON,OTTAWA INTL,CAN_ON_Ottawa.Intl.AP.716280_CWEC2020.zip
ERS-EX-40499-in.idf,Ottawa Intl AP_ON,OTTAWA INTL,CAN_ON_Ottawa.Intl.AP.716280_CWEC2020.zip
ERS-EX-40508-in.idf,Ottawa Intl AP_ON,OTTAWA INTL,CAN_ON_Ottawa.Intl.AP.716280_CWEC2020.zip
ERS-EX-4052-in.idf,Swift Current_SK,SWIFT CURRENT,CAN_SK_Swift.Current.711420_CWEC2020.zip
ERS-EX-40520-in.idf,Ottawa Intl AP_ON,OTTAWA INTL,CAN_ON_Ottawa.Intl.AP.716280_CWEC2020.zip
ERS-EX-40534-in.idf,Point Petre AUT_ON,POINT PETRE,CAN_ON_Point.Petre.AUT.714300_CWEC2020.zip
ERS-EX-40577-in.idf,Ottawa Intl AP_ON,OTTAWA INTL,CAN_ON_Ottawa.Intl.AP.716280_CWEC2020.zip
ERS-EX-4058-in.idf,Swift Current_SK,SWIFT CURRENT,CAN_SK_Swift.Current.711420_CWEC2020.zip
ERS-EX-4059-in.idf,Swift Current_SK,SWIFT CURRENT,CAN_SK_Swift.Current.711420_CWEC2020.zip
ERS-EX-40634-in.idf,Ottawa Intl AP_ON,OTTAWA INTL,CAN_ON_Ottawa.Intl.AP.716280_CWEC2020.zip
ERS-EX-40649-in.idf,Ottawa Intl AP_ON,OTTAWA INTL,CAN_ON_Ottawa.Intl.AP.716280_CWEC2020.zip
ERS-EX-40656-in.idf,Ottawa Intl AP_ON,OTTAWA INTL,CAN_ON_Ottawa.Intl.AP.716280_CWEC2020.zip
ERS-EX-4066-in.idf,Swift Current_SK,SWIFT CURRENT,CAN_SK_Swift.Current.711420_CWEC2020.zip
ERS-EX-40667-in.idf,Ottawa Intl AP_ON,OTTAWA INTL,CAN_ON_Ottawa.Intl.AP.716280_CWEC2020.zip
ERS-EX-4069-in.idf,Swift Current_SK,SWIFT CURRENT,CAN_SK_Swift.Current.711420_CWEC2020.zip
ERS-EX-40694-in.idf,Ottawa Intl AP_ON,OTTAWA INTL,CAN_ON_Ottawa.Intl.AP.716280_CWEC2020.zip
ERS-EX-40706-in.idf,Ottawa Intl AP_ON,OTTAWA INTL,CAN_ON_Ottawa.Intl.AP.716280_CWEC2020.zip
ERS-EX-40729-in.idf,Ottawa Intl AP_ON,OTTAWA INTL,CAN_ON_Ottawa.Intl.AP.716280_CWEC2020.zip
ERS-EX-4075-in.idf,Swift Current_SK,SWIFT CURRENT,CAN_SK_Swift.Current.711420_CWEC2020.zip
ERS-EX-40752-in.idf,Ottawa Intl AP_ON,OTTAWA INTL,CAN_ON_Ottawa.Intl.AP.716280_CWEC2020.zip
ERS-EX-40776-in.idf,Ottawa Intl AP_ON,OTTAWA INTL,CAN_ON_Ottawa.Intl.AP.716280_CWEC2020.zip
ERS-EX-4080-in.idf,Calgary Intl AP_AB,CALGARY INTL,CAN_AB_Calgary.Intl.AP.718770_CWEC2020.zip
ERS-EX-40824-in.idf,Ottawa Intl AP_ON,OTTAWA INTL,CAN_ON_Ottawa.Intl.AP.716280_CWEC2020.zip
ERS-EX-40844-in.idf,Ottawa Intl AP_ON,OTTAWA INTL,CAN_ON_Ottawa.Intl.AP.716280_CWEC2020.zip
ERS-EX-40848-in.idf,Ottawa Intl AP_ON,OTTAWA INTL,CAN_ON_Ottawa.Intl.AP.716280_CWEC2020.zip
ERS-EX-40856-in.idf,Ottawa Intl AP_ON,OTTAWA INTL,CAN_ON_Ottawa.Intl.AP.716280_CWEC2020.zip
ERS-EX-4089-in.idf,Calgary Intl AP_AB,CALGARY INTL,CAN_AB_Calgary.Intl.AP.718770_CWEC2020.zip
ERS-EX-4097-in.idf,Regina Intl AP_SK,REGINA INTL,CAN_SK_Regina.Intl.AP.718630_CWEC2020.zip
ERS-EX-4099-in.idf,Saskatoon Intl AP_SK,SASKATOON INTL,CAN_SK_Saskatoon.Intl.AP.718660_CWEC2020.zip
ERS-EX-41028-in.idf,London AP_ON,LONDON,CAN_ON_London.AP.716230_CWEC2020.zip
ERS-EX-41038-in.idf,London AP_ON,LONDON,CAN_ON_London.AP.716230_CWEC2020.zip
ERS-EX-4106-in.idf,Saskatoon Intl AP_SK,SASKATOON INTL,CAN_SK_Saskatoon.Intl.AP.718660_CWEC2020.zip
ERS-EX-41069-in.idf,London AP_ON,LONDON,CAN_ON_London.AP.716230_CWEC2020.zip
ERS-EX-4108-in.idf,Saskatoon Intl AP_SK,SASKATOON INTL,CAN_SK_Saskatoon.Intl.AP.718660_CWEC2020.zip
ERS-EX-4109-in.idf,Saskatoon Intl AP_SK,SASKATOON INTL,CAN_SK_Saskatoon.Intl.AP.718660_CWEC2020.zip
ERS-EX-41107-in.idf,Erieau AUT_ON,ERIEAU,CAN_ON_Erieau.AUT.714650_CWEC2020.zip
ERS-EX-4112-in.idf,Saskatoon Intl AP_SK,SASKATOON INTL,CAN_SK_Saskatoon.Intl.AP.718660_CWEC2020.zip
ERS-EX-41128-in.idf,Thunder Bay AP_ON,THUNDER BAY,CAN_ON_Thunder.Bay.AP.716670_CWEC2020.zip
ERS-EX-41155-in.idf,London AP_ON,LONDON,CAN_ON_London.AP.716230_CWEC2020.zip
ERS-EX-41182-in.idf,Erieau AUT_ON,ERIEAU,CAN_ON_Erieau.AUT.714650_CWEC2020.zip
ERS-EX-4119-in.idf,Saskatoon Intl AP_SK,SASKATOON INTL,CAN_SK_Saskatoon.Intl.AP.718660_CWEC2020.zip
ERS-EX-41213-in.idf,Erieau AUT_ON,ERIEAU,CAN_ON_Erieau.AUT.714650_CWEC2020.zip
ERS-EX-41219-in.idf,Erieau AUT_ON,ERIEAU,CAN_ON_Erieau.AUT.714650_CWEC2020.zip
ERS-EX-41223-in.idf,Toronto City Centre_ON,TORONTO CITY CENTRE,CAN_ON_Toronto.City.Centre.712650_CWEC2020.zip
ERS-EX-4124-in.idf,Saskatoon Intl AP_SK,SASKATOON INTL,CAN_SK_Saskatoon.Intl.AP.718660_CWEC2020.zip
ERS-EX-41242-in.idf,Erieau AUT_ON,ERIEAU,CAN_ON_Erieau.AUT.714650_CWEC2020.zip
ERS-EX-41253-in.idf,Erieau AUT_ON,ERIEAU,CAN_ON_Erieau.AUT.714650_CWEC2020.zip
ERS-EX-4126-in.idf,Regina Intl AP_SK,REGINA INTL,CAN_SK_Regina.Intl.AP.718630_CWEC2020.zip
ERS-EX-41281-in.idf,Toronto City Centre_ON,TORONTO CITY CENTRE,CAN_ON_Toronto.City.Centre.712650_CWEC2020.zip
ERS-EX-41297-in.idf,Erieau AUT_ON,ERIEAU,CAN_ON_Erieau.AUT.714650_CWEC2020.zip
ERS-EX-41338-in.idf,Toronto City Centre_ON,TORONTO CITY CENTRE,CAN_ON_Toronto.City.Centre.712650_CWEC2020.zip
ERS-EX-41343-in.idf,Toronto City Centre_ON,TORONTO CITY CENTRE,CAN_ON_Toronto.City.Centre.712650_CWEC2020.zip
ERS-EX-41349-in.idf,Toronto City Centre_ON,TORONTO CITY CENTRE,CAN_ON_Toronto.City.Centre.712650_CWEC2020.zip
ERS-EX-4137-in.idf,Saskatoon Intl AP_SK,SASKATOON INTL,CAN_SK_Saskatoon.Intl.AP.718660_CWEC2020.zip
ERS-EX-4141-in.idf,Saskatoon Intl AP_SK,SASKATOON INTL,CAN_SK_Saskatoon.Intl.AP.718660_CWEC2020.zip
ERS-EX-41420-in.idf,Erieau AUT_ON,ERIEAU,CAN_ON_Erieau.AUT.714650_CWEC2020.zip
ERS-EX-41428-in.idf,Toronto City Centre_ON,TORONTO CITY CENTRE,CAN_ON_Toronto.City.Centre.712650_CWEC2020.zip
ERS-EX-4147-in.idf,Saskatoon Intl AP_SK,SASKATOON INTL,CAN_SK_Saskatoon.Intl.AP.718660_CWEC2020.zip
ERS-EX-41485-in.idf,Erieau AUT_ON,ERIEAU,CAN_ON_Erieau.AUT.714650_CWEC2020.zip
ERS-EX-41497-in.idf,Erieau AUT_ON,ERIEAU,CAN_ON_Erieau.AUT.714650_CWEC2020.zip
ERS-EX-41506-in.idf,Erieau AUT_ON,ERIEAU,CAN_ON_Erieau.AUT.714650_CWEC2020.zip
ERS-EX-4152-in.idf,Saskatoon Intl AP_SK,SASKATOON INTL,CAN_SK_Saskatoon.Intl.AP.718660_CWEC2020.zip
ERS-EX-41556-in.idf,Toronto City Centre_ON,TORONTO CITY CENTRE,CAN_ON_Toronto.City.Centre.712650_CWEC2020.zip
ERS-EX-41576-in.idf,Erieau AUT_ON,ERIEAU,CAN_ON_Erieau.AUT.714650_CWEC2020.zip
ERS-EX-41628-in.idf,Erieau AUT_ON,ERIEAU,CAN_ON_Erieau.AUT.714650_CWEC2020.zip
ERS-EX-41651-in.idf,Erieau AUT_ON,ERIEAU,CAN_ON_Erieau.AUT.714650_CWEC2020.zip
ERS-EX-4168-in.idf,Saskatoon Intl AP_SK,SASKATOON INTL,CAN_SK_Saskatoon.Intl.AP.718660_CWEC2020.zip
ERS-EX-41701-in.idf,Toronto City Centre_ON,TORONTO CITY CENTRE,CAN_ON_Toronto.City.Centre.712650_CWEC2020.zip
ERS-EX-41726-in.idf,Erieau AUT_ON,ERIEAU,CAN_ON_Erieau.AUT.714650_CWEC2020.zip
ERS-EX-4175-in.idf,Saskatoon Intl AP_SK,SASKATOON INTL,CAN_SK_Saskatoon.Intl.AP.718660_CWEC2020.zip
ERS-EX-41759-in.idf,Toronto City Centre_ON,TORONTO CITY CENTRE,CAN_ON_Toronto.City.Centre.712650_CWEC2020.zip
ERS-EX-41776-in.idf,Erieau AUT_ON,ERIEAU,CAN_ON_Erieau.AUT.714650_CWEC2020.zip
ERS-EX-41801-in.idf,Erieau AUT_ON,ERIEAU,CAN_ON_Erieau.AUT.714650_CWEC2020.zip
ERS-EX-41805-in.idf,Erieau AUT_ON,ERIEAU,CAN_ON_Erieau.AUT.714650_CWEC2020.zip
ERS-EX-41839-in.idf,Erieau AUT_ON,ERIEAU,CAN_ON_Erieau.AUT.714650_CWEC2020.zip
ERS-EX-41849-in.idf,Erieau AUT_ON,ERIEAU,CAN_ON_Erieau.AUT.714650_CWEC2020.zip
ERS-EX-41871-in.idf,Erieau AUT_ON,ERIEAU,CAN_ON_Erieau.AUT.714650_CWEC2020.zip
ERS-EX-41879-in.idf,Toronto City Centre_ON,TORONTO CITY CENTRE,CAN_ON_Toronto.City.Centre.712650_CWEC2020.zip
ERS-EX-41933-in.idf,Erieau AUT_ON,ERIEAU,CAN_ON_Erieau.AUT.714650_CWEC2020.zip
ERS-EX-41943-in.idf,Erieau AUT_ON,ERIEAU,CAN_ON_Erieau.AUT.714650_CWEC2020.zip
ERS-EX-41961-in.idf,Toronto City Centre_ON,TORONTO CITY CENTRE,CAN_ON_Toronto.City.Centre.712650_CWEC2020.zip
ERS-EX-41965-in.idf,Toronto City Centre_ON,TORONTO CITY CENTRE,CAN_ON_Toronto.City.Centre.712650_CWEC2020.zip
ERS-EX-41983-in.idf,Erieau AUT_ON,ERIEAU,CAN_ON_Erieau.AUT.714650_CWEC2020.zip
ERS-EX-42019-in.idf,Erieau AUT_ON,ERIEAU,CAN_ON_Erieau.AUT.714650_CWEC2020.zip
ERS-EX-42037-in.idf,Erieau AUT_ON,ERIEAU,CAN_ON_Erieau.AUT.714650_CWEC2020.zip
ERS-EX-42046-in.idf,Erieau AUT_ON,ERIEAU,CAN_ON_Erieau.AUT.714650_CWEC2020.zip
ERS-EX-42059-in.idf,Erieau AUT_ON,ERIEAU,CAN_ON_Erieau.AUT.714650_CWEC2020.zip
ERS-EX-42060-in.idf,Erieau AUT_ON,ERIEAU,CAN_ON_Erieau.AUT.714650_CWEC2020.zip
ERS-EX-4207-in.idf,Saskatoon Intl AP_SK,SASKATOON INTL,CAN_SK_Saskatoon.Intl.AP.718660_CWEC2020.zip
ERS-EX-42126-in.idf,Erieau AUT_ON,ERIEAU,CAN_ON_Erieau.AUT.714650_CWEC2020.zip
ERS-EX-42166-in.idf,Erieau AUT_ON,ERIEAU,CAN_ON_Erieau.AUT.714650_CWEC2020.zip
ERS-EX-42191-in.idf,Erieau AUT_ON,ERIEAU,CAN_ON_Erieau.AUT.714650_CWEC2020.zip
ERS-EX-42218-in.idf,Erieau AUT_ON,ERIEAU,CAN_ON_Erieau.AUT.714650_CWEC2020.zip
ERS-EX-42236-in.idf,Erieau AUT_ON,ERIEAU,CAN_ON_Erieau.AUT.714650_CWEC2020.zip
ERS-EX-4224-in.idf,Saskatoon Intl AP_SK,SASKATOON INTL,CAN_SK_Saskatoon.Intl.AP.718660_CWEC2020.zip
ERS-EX-42250-in.idf,Erieau AUT_ON,ERIEAU,CAN_ON_Erieau.AUT.714650_CWEC2020.zip
ERS-EX-42275-in.idf,Erieau AUT_ON,ERIEAU,CAN_ON_Erieau.AUT.714650_CWEC2020.zip
ERS-EX-4229-in.idf,Regina Intl AP_SK,REGINA INTL,CAN_SK_Regina.Intl.AP.718630_CWEC2020.zip
ERS-EX-42295-in.idf,Erieau AUT_ON,ERIEAU,CAN_ON_Erieau.AUT.714650_CWEC2020.zip
ERS-EX-42317-in.idf,Erieau AUT_ON,ERIEAU,CAN_ON_Erieau.AUT.714650_CWEC2020.zip
ERS-EX-42320-in.idf,Erieau AUT_ON,ERIEAU,CAN_ON_Erieau.AUT.714650_CWEC2020.zip
ERS-EX-42327-in.idf,Erieau AUT_ON,ERIEAU,CAN_ON_Erieau.AUT.714650_CWEC2020.zip
ERS-EX-42402-in.idf,Toronto Intl AP_ON,TORONTO INTL,CAN_ON_Toronto.Intl.AP.716240_CWEC2020.zip
ERS-EX-42460-in.idf,Toronto Intl AP_ON,TORONTO INTL,CAN_ON_Toronto.Intl.AP.716240_CWEC2020.zip
ERS-EX-42481-in.idf,London AP_ON,LONDON,CAN_ON_London.AP.716230_CWEC2020.zip
ERS-EX-42499-in.idf,Toronto City Centre_ON,TORONTO CITY CENTRE,CAN_ON_Toronto.City.Centre.712650_CWEC2020.zip
ERS-EX-42503-in.idf,London AP_ON,LONDON,CAN_ON_London.AP.716230_CWEC2020.zip
ERS-EX-42504-in.idf,Toronto City Centre_ON,TORONTO CITY CENTRE,CAN_ON_Toronto.City.Centre.712650_CWEC2020.zip
ERS-EX-42519-in.idf,Toronto City Centre_ON,TORONTO CITY CENTRE,CAN_ON_Toronto.City.Centre.712650_CWEC2020.zip
ERS-EX-42523-in.idf,Toronto City Centre_ON,TORONTO CITY CENTRE,CAN_ON_Toronto.City.Centre.712650_CWEC2020.zip
ERS-EX-42528-in.idf,Toronto City Centre_ON,TORONTO CITY CENTRE,CAN_ON_Toronto.City.Centre.712650_CWEC2020.zip
ERS-EX-4253-in.idf,Regina Intl AP_SK,REGINA INTL,CAN_SK_Regina.Intl.AP.718630_CWEC2020.zip
ERS-EX-42550-in.idf,Toronto City Centre_ON,TORONTO CITY CENTRE,CAN_ON_Toronto.City.Centre.712650_CWEC2020.zip
ERS-EX-4257-in.idf,Regina Intl AP_SK,REGINA INTL,CAN_SK_Regina.Intl.AP.718630_CWEC2020.zip
ERS-EX-42603-in.idf,Toronto City Centre_ON,TORONTO CITY CENTRE,CAN_ON_Toronto.City.Centre.712650_CWEC2020.zip
ERS-EX-42616-in.idf,Toronto City Centre_ON,TORONTO CITY CENTRE,CAN_ON_Toronto.City.Centre.712650_CWEC2020.zip
ERS-EX-42619-in.idf,London AP_ON,LONDON,CAN_ON_London.AP.716230_CWEC2020.zip
ERS-EX-42641-in.idf,Toronto City Centre_ON,TORONTO CITY CENTRE,CAN_ON_Toronto.City.Centre.712650_CWEC2020.zip
ERS-EX-42665-in.idf,Toronto City Centre_ON,TORONTO CITY CENTRE,CAN_ON_Toronto.City.Centre.712650_CWEC2020.zip
ERS-EX-42666-in.idf,Toronto City Centre_ON,TORONTO CITY CENTRE,CAN_ON_Toronto.City.Centre.712650_CWEC2020.zip
ERS-EX-42700-in.idf,Toronto City Centre_ON,TORONTO CITY CENTRE,CAN_ON_Toronto.City.Centre.712650_CWEC2020.zip
ERS-EX-42702-in.idf,Toronto City Centre_ON,TORONTO CITY CENTRE,CAN_ON_Toronto.City.Centre.712650_CWEC2020.zip
ERS-EX-42732-in.idf,Toronto City Centre_ON,TORONTO CITY CENTRE,CAN_ON_Toronto.City.Centre.712650_CWEC2020.zip
ERS-EX-42747-in.idf,Toronto City Centre_ON,TORONTO CITY CENTRE,CAN_ON_Toronto.City.Centre.712650_CWEC2020.zip
ERS-EX-42777-in.idf,Toronto City Centre_ON,TORONTO CITY CENTRE,CAN_ON_Toronto.City.Centre.712650_CWEC2020.zip
ERS-EX-42794-in.idf,Toronto City Centre_ON,TORONTO CITY CENTRE,CAN_ON_Toronto.City.Centre.712650_CWEC2020.zip
ERS-EX-42820-in.idf,Toronto City Centre_ON,TORONTO CITY CENTRE,CAN_ON_Toronto.City.Centre.712650_CWEC2020.zip
ERS-EX-42842-in.idf,Erieau AUT_ON,ERIEAU,CAN_ON_Erieau.AUT.714650_CWEC2020.zip
ERS-EX-42851-in.idf,Toronto City Centre_ON,TORONTO CITY CENTRE,CAN_ON_Toronto.City.Centre.712650_CWEC2020.zip
ERS-EX-42854-in.idf,Erieau AUT_ON,ERIEAU,CAN_ON_Erieau.AUT.714650_CWEC2020.zip
ERS-EX-42869-in.idf,Toronto City Centre_ON,TORONTO CITY CENTRE,CAN_ON_Toronto.City.Centre.712650_CWEC2020.zip
ERS-EX-4287-in.idf,Yorkton_SK,YORKTON,CAN_SK_Yorkton.712920_CWEC2020.zip
ERS-EX-42881-in.idf,Erieau AUT_ON,ERIEAU,CAN_ON_Erieau.AUT.714650_CWEC2020.zip
ERS-EX-42989-in.idf,London AP_ON,LONDON,CAN_ON_London.AP.716230_CWEC2020.zip
ERS-EX-43027-in.idf,Toronto City Centre_ON,TORONTO CITY CENTRE,CAN_ON_Toronto.City.Centre.712650_CWEC2020.zip
ERS-EX-43044-in.idf,London AP_ON,LONDON,CAN_ON_London.AP.716230_CWEC2020.zip
ERS-EX-43048-in.idf,Toronto City Centre_ON,TORONTO CITY CENTRE,CAN_ON_Toronto.City.Centre.712650_CWEC2020.zip
ERS-EX-43087-in.idf,Erieau AUT_ON,ERIEAU,CAN_ON_Erieau.AUT.714650_CWEC2020.zip
ERS-EX-43128-in.idf,London AP_ON,LONDON,CAN_ON_London.AP.716230_CWEC2020.zip
ERS-EX-4316-in.idf,Yorkton_SK,YORKTON,CAN_SK_Yorkton.712920_CWEC2020.zip
ERS-EX-43188-in.idf,Erieau AUT_ON,ERIEAU,CAN_ON_Erieau.AUT.714650_CWEC2020.zip
ERS-EX-43207-in.idf,Toronto City Centre_ON,TORONTO CITY CENTRE,CAN_ON_Toronto.City.Centre.712650_CWEC2020.zip
ERS-EX-4321-in.idf,Yorkton_SK,YORKTON,CAN_SK_Yorkton.712920_CWEC2020.zip
ERS-EX-4322-in.idf,Yorkton_SK,YORKTON,CAN_SK_Yorkton.712920_CWEC2020.zip
ERS-EX-43237-in.idf,Toronto City Centre_ON,TORONTO CITY CENTRE,CAN_ON_Toronto.City.Centre.712650_CWEC2020.zip
ERS-EX-4324-in.idf,Saskatoon Intl AP_SK,SASKATOON INTL,CAN_SK_Saskatoon.Intl.AP.718660_CWEC2020.zip
ERS-EX-43256-in.idf,Toronto City Centre_ON,TORONTO CITY CENTRE,CAN_ON_Toronto.City.Centre.712650_CWEC2020.zip
ERS-EX-43289-in.idf,Toronto City Centre_ON,TORONTO CITY CENTRE,CAN_ON_Toronto.City.Centre.712650_CWEC2020.zip
ERS-EX-4330-in.idf,Saskatoon Intl AP_SK,SASKATOON INTL,CAN_SK_Saskatoon.Intl.AP.718660_CWEC2020.zip
ERS-EX-43337-in.idf,London AP_ON,LONDON,CAN_ON_London.AP.716230_CWEC2020.zip
ERS-EX-4339-in.idf,Broadview_SK,BROADVIEW,CAN_SK_Broadview.718610_CWEC2020.zip
ERS-EX-43416-in.idf,London AP_ON,LONDON,CAN_ON_London.AP.716230_CWEC2020.zip
ERS-EX-43434-in.idf,Toronto City Centre_ON,TORONTO CITY CENTRE,CAN_ON_Toronto.City.Centre.712650_CWEC2020.zip
ERS-EX-43466-in.idf,Erieau AUT_ON,ERIEAU,CAN_ON_Erieau.AUT.714650_CWEC2020.zip
ERS-EX-43467-in.idf,Erieau AUT_ON,ERIEAU,CAN_ON_Erieau.AUT.714650_CWEC2020.zip
ERS-EX-43468-in.idf,Erieau AUT_ON,ERIEAU,CAN_ON_Erieau.AUT.714650_CWEC2020.zip
ERS-EX-4349-in.idf,Regina Intl AP_SK,REGINA INTL,CAN_SK_Regina.Intl.AP.718630_CWEC2020.zip
ERS-EX-43503-in.idf,Toronto City Centre_ON,TORONTO CITY CENTRE,CAN_ON_Toronto.City.Centre.712650_CWEC2020.zip
ERS-EX-43531-in.idf,Toronto City Centre_ON,TORONTO CITY CENTRE,CAN_ON_Toronto.City.Centre.712650_CWEC2020.zip
ERS-EX-43551-in.idf,Erieau AUT_ON,ERIEAU,CAN_ON_Erieau.AUT.714650_CWEC2020.zip
ERS-EX-43558-in.idf,Toronto City Centre_ON,TORONTO CITY CENTRE,CAN_ON_Toronto.City.Centre.712650_CWEC2020.zip
ERS-EX-43559-in.idf,Toronto City Centre_ON,TORONTO CITY CENTRE,CAN_ON_Toronto.City.Centre.712650_CWEC2020.zip
ERS-EX-4359-in.idf,Regina Intl AP_SK,REGINA INTL,CAN_SK_Regina.Intl.AP.718630_CWEC2020.zip
ERS-EX-43594-in.idf,London AP_ON,LONDON,CAN_ON_London.AP.716230_CWEC2020.zip
ERS-EX-43601-in.idf,Erieau AUT_ON,ERIEAU,CAN_ON_Erieau.AUT.714650_CWEC2020.zip
ERS-EX-43627-in.idf,Erieau AUT_ON,ERIEAU,CAN_ON_Erieau.AUT.714650_CWEC2020.zip
ERS-EX-43658-in.idf,London AP_ON,LONDON,CAN_ON_London.AP.716230_CWEC2020.zip
ERS-EX-43687-in.idf,Erieau AUT_ON,ERIEAU,CAN_ON_Erieau.AUT.714650_CWEC2020.zip
ERS-EX-4370-in.idf,Saskatoon Intl AP_SK,SASKATOON INTL,CAN_SK_Saskatoon.Intl.AP.718660_CWEC2020.zip
ERS-EX-43705-in.idf,Erieau AUT_ON,ERIEAU,CAN_ON_Erieau.AUT.714650_CWEC2020.zip
ERS-EX-43706-in.idf,Erieau AUT_ON,ERIEAU,CAN_ON_Erieau.AUT.714650_CWEC2020.zip
ERS-EX-43710-in.idf,Erieau AUT_ON,ERIEAU,CAN_ON_Erieau.AUT.714650_CWEC2020.zip
ERS-EX-43721-in.idf,London AP_ON,LONDON,CAN_ON_London.AP.716230_CWEC2020.zip
ERS-EX-43727-in.idf,Erieau AUT_ON,ERIEAU,CAN_ON_Erieau.AUT.714650_CWEC2020.zip
ERS-EX-43731-in.idf,Erieau AUT_ON,ERIEAU,CAN_ON_Erieau.AUT.714650_CWEC2020.zip
ERS-EX-43745-in.idf,Toronto City Centre_ON,TORONTO CITY CENTRE,CAN_ON_Toronto.City.Centre.712650_CWEC2020.zip
ERS-EX-4377-in.idf,Saskatoon Intl AP_SK,SASKATOON INTL,CAN_SK_Saskatoon.Intl.AP.718660_CWEC2020.zip
ERS-EX-4378-in.idf,Saskatoon Intl AP_SK,SASKATOON INTL,CAN_SK_Saskatoon.Intl.AP.718660_CWEC2020.zip
ERS-EX-43808-in.idf,London AP_ON,LONDON,CAN_ON_London.AP.716230_CWEC2020.zip
ERS-EX-43881-in.idf,London AP_ON,LONDON,CAN_ON_London.AP.716230_CWEC2020.zip
ERS-EX-4389-in.idf,Saskatoon Intl AP_SK,SASKATOON INTL,CAN_SK_Saskatoon.Intl.AP.718660_CWEC2020.zip
ERS-EX-43944-in.idf,London AP_ON,LONDON,CAN_ON_London.AP.716230_CWEC2020.zip
ERS-EX-43959-in.idf,London AP_ON,LONDON,CAN_ON_London.AP.716230_CWEC2020.zip
ERS-EX-43966-in.idf,London AP_ON,LONDON,CAN_ON_London.AP.716230_CWEC2020.zip
ERS-EX-43984-in.idf,London AP_ON,LONDON,CAN_ON_London.AP.716230_CWEC2020.zip
ERS-EX-44002-in.idf,London AP_ON,LONDON,CAN_ON_London.AP.716230_CWEC2020.zip
ERS-EX-44017-in.idf,London AP_ON,LONDON,CAN_ON_London.AP.716230_CWEC2020.zip
ERS-EX-44065-in.idf,London AP_ON,LONDON,CAN_ON_London.AP.716230_CWEC2020.zip
ERS-EX-44139-in.idf,London AP_ON,LONDON,CAN_ON_London.AP.716230_CWEC2020.zip
ERS-EX-44141-in.idf,London AP_ON,LONDON,CAN_ON_London.AP.716230_CWEC2020.zip
ERS-EX-44186-in.idf,London AP_ON,LONDON,CAN_ON_London.AP.716230_CWEC2020.zip
ERS-EX-44221-in.idf,London AP_ON,LONDON,CAN_ON_London.AP.716230_CWEC2020.zip
ERS-EX-4423-in.idf,Saskatoon Intl AP_SK,SASKATOON INTL,CAN_SK_Saskatoon.Intl.AP.718660_CWEC2020.zip
ERS-EX-44240-in.idf,London AP_ON,LONDON,CAN_ON_London.AP.716230_CWEC2020.zip
ERS-EX-44255-in.idf,London AP_ON,LONDON,CAN_ON_London.AP.716230_CWEC2020.zip
ERS-EX-44275-in.idf,London AP_ON,LONDON,CAN_ON_London.AP.716230_CWEC2020.zip
ERS-EX-4428-in.idf,Saskatoon Intl AP_SK,SASKATOON INTL,CAN_SK_Saskatoon.Intl.AP.718660_CWEC2020.zip
ERS-EX-44311-in.idf,London AP_ON,LONDON,CAN_ON_London.AP.716230_CWEC2020.zip
ERS-EX-4432-in.idf,Saskatoon Intl AP_SK,SASKATOON INTL,CAN_SK_Saskatoon.Intl.AP.718660_CWEC2020.zip
ERS-EX-44338-in.idf,London AP_ON,LONDON,CAN_ON_London.AP.716230_CWEC2020.zip
ERS-EX-44362-in.idf,London AP_ON,LONDON,CAN_ON_London.AP.716230_CWEC2020.zip
ERS-EX-44391-in.idf,London AP_ON,LONDON,CAN_ON_London.AP.716230_CWEC2020.zip
ERS-EX-4440-in.idf,Saskatoon Intl AP_SK,SASKATOON INTL,CAN_SK_Saskatoon.Intl.AP.718660_CWEC2020.zip
ERS-EX-44412-in.idf,London AP_ON,LONDON,CAN_ON_London.AP.716230_CWEC2020.zip
ERS-EX-44418-in.idf,London AP_ON,LONDON,CAN_ON_London.AP.716230_CWEC2020.zip
ERS-EX-44434-in.idf,London AP_ON,LONDON,CAN_ON_London.AP.716230_CWEC2020.zip
ERS-EX-4445-in.idf,Saskatoon Intl AP_SK,SASKATOON INTL,CAN_SK_Saskatoon.Intl.AP.718660_CWEC2020.zip
ERS-EX-4446-in.idf,Saskatoon Intl AP_SK,SASKATOON INTL,CAN_SK_Saskatoon.Intl.AP.718660_CWEC2020.zip
ERS-EX-44473-in.idf,London AP_ON,LONDON,CAN_ON_London.AP.716230_CWEC2020.zip
ERS-EX-44497-in.idf,Trenton AP_ON,TRENTON,CAN_ON_Trenton.AP.716210_CWEC2020.zip
ERS-EX-44503-in.idf,Toronto Intl AP_ON,TORONTO INTL,CAN_ON_Toronto.Intl.AP.716240_CWEC2020.zip
ERS-EX-44516-in.idf,Toronto City Centre_ON,TORONTO CITY CENTRE,CAN_ON_Toronto.City.Centre.712650_CWEC2020.zip
ERS-EX-4452-in.idf,Saskatoon Intl AP_SK,SASKATOON INTL,CAN_SK_Saskatoon.Intl.AP.718660_CWEC2020.zip
ERS-EX-44520-in.idf,Trenton AP_ON,TRENTON,CAN_ON_Trenton.AP.716210_CWEC2020.zip
ERS-EX-44533-in.idf,Toronto City Centre_ON,TORONTO CITY CENTRE,CAN_ON_Toronto.City.Centre.712650_CWEC2020.zip
ERS-EX-44545-in.idf,Toronto City Centre_ON,TORONTO CITY CENTRE,CAN_ON_Toronto.City.Centre.712650_CWEC2020.zip
ERS-EX-44548-in.idf,Toronto City Centre_ON,TORONTO CITY CENTRE,CAN_ON_Toronto.City.Centre.712650_CWEC2020.zip
ERS-EX-44578-in.idf,Trenton AP_ON,TRENTON,CAN_ON_Trenton.AP.716210_CWEC2020.zip
ERS-EX-4460-in.idf,Saskatoon Intl AP_SK,SASKATOON INTL,CAN_SK_Saskatoon.Intl.AP.718660_CWEC2020.zip
ERS-EX-44603-in.idf,Toronto Intl AP_ON,TORONTO INTL,CAN_ON_Toronto.Intl.AP.716240_CWEC2020.zip
ERS-EX-44606-in.idf,Toronto Intl AP_ON,TORONTO INTL,CAN_ON_Toronto.Intl.AP.716240_CWEC2020.zip
ERS-EX-44610-in.idf,Toronto City Centre_ON,TORONTO CITY CENTRE,CAN_ON_Toronto.City.Centre.712650_CWEC2020.zip
ERS-EX-4462-in.idf,Saskatoon Intl AP_SK,SASKATOON INTL,CAN_SK_Saskatoon.Intl.AP.718660_CWEC2020.zip
ERS-EX-44624-in.idf,Toronto Intl AP_ON,TORONTO INTL,CAN_ON_Toronto.Intl.AP.716240_CWEC2020.zip
ERS-EX-44630-in.idf,Trenton AP_ON,TRENTON,CAN_ON_Trenton.AP.716210_CWEC2020.zip
ERS-EX-4466-in.idf,Regina Intl AP_SK,REGINA INTL,CAN_SK_Regina.Intl.AP.718630_CWEC2020.zip
ERS-EX-44669-in.idf,Trenton AP_ON,TRENTON,CAN_ON_Trenton.AP.716210_CWEC2020.zip
ERS-EX-4469-in.idf,Saskatoon Intl AP_SK,SASKATOON INTL,CAN_SK_Saskatoon.Intl.AP.718660_CWEC2020.zip
ERS-EX-44705-in.idf,London AP_ON,LONDON,CAN_ON_London.AP.716230_CWEC2020.zip
ERS-EX-4471-in.idf,Saskatoon Intl AP_SK,SASKATOON INTL,CAN_SK_Saskatoon.Intl.AP.718660_CWEC2020.zip
ERS-EX-44718-in.idf,Toronto City Centre_ON,TORONTO CITY CENTRE,CAN_ON_Toronto.City.Centre.712650_CWEC2020.zip
ERS-EX-44720-in.idf,Toronto City Centre_ON,TORONTO CITY CENTRE,CAN_ON_Toronto.City.Centre.712650_CWEC2020.zip
ERS-EX-44747-in.idf,Trenton AP_ON,TRENTON,CAN_ON_Trenton.AP.716210_CWEC2020.zip
ERS-EX-44771-in.idf,Trenton AP_ON,TRENTON,CAN_ON_Trenton.AP.716210_CWEC2020.zip
ERS-EX-44777-in.idf,Toronto City Centre_ON,TORONTO CITY CENTRE,CAN_ON_Toronto.City.Centre.712650_CWEC2020.zip
ERS-EX-44796-in.idf,Trenton AP_ON,TRENTON,CAN_ON_Trenton.AP.716210_CWEC2020.zip
ERS-EX-44809-in.idf,Point Petre AUT_ON,POINT PETRE,CAN_ON_Point.Petre.AUT.714300_CWEC2020.zip
ERS-EX-4481-in.idf,Regina Intl AP_SK,REGINA INTL,CAN_SK_Regina.Intl.AP.718630_CWEC2020.zip
ERS-EX-44814-in.idf,Trenton AP_ON,TRENTON,CAN_ON_Trenton.AP.716210_CWEC2020.zip
ERS-EX-44827-in.idf,Trenton AP_ON,TRENTON,CAN_ON_Trenton.AP.716210_CWEC2020.zip
ERS-EX-44854-in.idf,Trenton AP_ON,TRENTON,CAN_ON_Trenton.AP.716210_CWEC2020.zip
ERS-EX-44857-in.idf,Trenton AP_ON,TRENTON,CAN_ON_Trenton.AP.716210_CWEC2020.zip
ERS-EX-44863-in.idf,Trenton AP_ON,TRENTON,CAN_ON_Trenton.AP.716210_CWEC2020.zip
ERS-EX-44877-in.idf,Trenton AP_ON,TRENTON,CAN_ON_Trenton.AP.716210_CWEC2020.zip
ERS-EX-44882-in.idf,Point Petre AUT_ON,POINT PETRE,CAN_ON_Point.Petre.AUT.714300_CWEC2020.zip
ERS-EX-4491-in.idf,Regina Intl AP_SK,REGINA INTL,CAN_SK_Regina.Intl.AP.718630_CWEC2020.zip
ERS-EX-4492-in.idf,Regina Intl AP_SK,REGINA INTL,CAN_SK_Regina.Intl.AP.718630_CWEC2020.zip
ERS-EX-44965-in.idf,Ottawa Intl AP_ON,OTTAWA INTL,CAN_ON_Ottawa.Intl.AP.716280_CWEC2020.zip
ERS-EX-44976-in.idf,Toronto Intl AP_ON,TORONTO INTL,CAN_ON_Toronto.Intl.AP.716240_CWEC2020.zip
ERS-EX-45004-in.idf,Muskoka_ON,MUSKOKA,CAN_ON_Muskoka.715320_CWEC2020.zip
ERS-EX-45013-in.idf,Erieau AUT_ON,ERIEAU,CAN_ON_Erieau.AUT.714650_CWEC2020.zip
ERS-EX-45019-in.idf,Erieau AUT_ON,ERIEAU,CAN_ON_Erieau.AUT.714650_CWEC2020.zip
ERS-EX-45025-in.idf,Toronto City Centre_ON,TORONTO CITY CENTRE,CAN_ON_Toronto.City.Centre.712650_CWEC2020.zip
ERS-EX-45034-in.idf,Muskoka_ON,MUSKOKA,CAN_ON_Muskoka.715320_CWEC2020.zip
ERS-EX-45058-in.idf,Muskoka_ON,MUSKOKA,CAN_ON_Muskoka.715320_CWEC2020.zip
ERS-EX-4506-in.idf,Saskatoon Intl AP_SK,SASKATOON INTL,CAN_SK_Saskatoon.Intl.AP.718660_CWEC2020.zip
ERS-EX-45090-in.idf,Muskoka_ON,MUSKOKA,CAN_ON_Muskoka.715320_CWEC2020.zip
ERS-EX-45095-in.idf,Muskoka_ON,MUSKOKA,CAN_ON_Muskoka.715320_CWEC2020.zip
ERS-EX-45104-in.idf,Muskoka_ON,MUSKOKA,CAN_ON_Muskoka.715320_CWEC2020.zip
ERS-EX-45115-in.idf,Toronto City Centre_ON,TORONTO CITY CENTRE,CAN_ON_Toronto.City.Centre.712650_CWEC2020.zip
ERS-EX-4518-in.idf,Saskatoon Intl AP_SK,SASKATOON INTL,CAN_SK_Saskatoon.Intl.AP.718660_CWEC2020.zip
ERS-EX-45187-in.idf,Toronto City Centre_ON,TORONTO CITY CENTRE,CAN_ON_Toronto.City.Centre.712650_CWEC2020.zip
ERS-EX-4519-in.idf,Saskatoon Intl AP_SK,SASKATOON INTL,CAN_SK_Saskatoon.Intl.AP.718660_CWEC2020.zip
ERS-EX-45207-in.idf,Toronto City Centre_ON,TORONTO CITY CENTRE,CAN_ON_Toronto.City.Centre.712650_CWEC2020.zip
ERS-EX-45219-in.idf,Toronto City Centre_ON,TORONTO CITY CENTRE,CAN_ON_Toronto.City.Centre.712650_CWEC2020.zip
ERS-EX-45225-in.idf,Vancouver Intl AP_BC,VANCOUVER INTL,CAN_BC_Vancouver.Intl.AP.718920_CWEC2020.zip
ERS-EX-45227-in.idf,Edmonton Intl AP_AB,EDMONTON INTL,CAN_AB_Edmonton.Intl.AP.711230_CWEC2020.zip
ERS-EX-45228-in.idf,Edmonton Intl AP_AB,EDMONTON INTL,CAN_AB_Edmonton.Intl.AP.711230_CWEC2020.zip
ERS-EX-45230-in.idf,Edmonton Intl AP_AB,EDMONTON INTL,CAN_AB_Edmonton.Intl.AP.711230_CWEC2020.zip
ERS-EX-45231-in.idf,Edmonton Intl AP_AB,EDMONTON INTL,CAN_AB_Edmonton.Intl.AP.711230_CWEC2020.zip
ERS-EX-45232-in.idf,Edmonton Intl AP_AB,EDMONTON INTL,CAN_AB_Edmonton.Intl.AP.711230_CWEC2020.zip
ERS-EX-45234-in.idf,Edmonton Intl AP_AB,EDMONTON INTL,CAN_AB_Edmonton.Intl.AP.711230_CWEC2020.zip
ERS-EX-45235-in.idf,Edmonton Intl AP_AB,EDMONTON INTL,CAN_AB_Edmonton.Intl.AP.711230_CWEC2020.zip
ERS-EX-45265-in.idf,Toronto City Centre_ON,TORONTO CITY CENTRE,CAN_ON_Toronto.City.Centre.712650_CWEC2020.zip
ERS-EX-45286-in.idf,Erieau AUT_ON,ERIEAU,CAN_ON_Erieau.AUT.714650_CWEC2020.zip
ERS-EX-45292-in.idf,Erieau AUT_ON,ERIEAU,CAN_ON_Erieau.AUT.714650_CWEC2020.zip
ERS-EX-45294-in.idf,Erieau AUT_ON,ERIEAU,CAN_ON_Erieau.AUT.714650_CWEC2020.zip
ERS-EX-45312-in.idf,Toronto City Centre_ON,TORONTO CITY CENTRE,CAN_ON_Toronto.City.Centre.712650_CWEC2020.zip
ERS-EX-45325-in.idf,Erieau AUT_ON,ERIEAU,CAN_ON_Erieau.AUT.714650_CWEC2020.zip
ERS-EX-45336-in.idf,Erieau AUT_ON,ERIEAU,CAN_ON_Erieau.AUT.714650_CWEC2020.zip
ERS-EX-45387-in.idf,Erieau AUT_ON,ERIEAU,CAN_ON_Erieau.AUT.714650_CWEC2020.zip
ERS-EX-45388-in.idf,Erieau AUT_ON,ERIEAU,CAN_ON_Erieau.AUT.714650_CWEC2020.zip
ERS-EX-4541-in.idf,Saskatoon Intl AP_SK,SASKATOON INTL,CAN_SK_Saskatoon.Intl.AP.718660_CWEC2020.zip
ERS-EX-4542-in.idf,Regina Intl AP_SK,REGINA INTL,CAN_SK_Regina.Intl.AP.718630_CWEC2020.zip
ERS-EX-4543-in.idf,Regina Intl AP_SK,REGINA INTL,CAN_SK_Regina.Intl.AP.718630_CWEC2020.zip
ERS-EX-45487-in.idf,Erieau AUT_ON,ERIEAU,CAN_ON_Erieau.AUT.714650_CWEC2020.zip
ERS-EX-45530-in.idf,Erieau AUT_ON,ERIEAU,CAN_ON_Erieau.AUT.714650_CWEC2020.zip
ERS-EX-45543-in.idf,Toronto City Centre_ON,TORONTO CITY CENTRE,CAN_ON_Toronto.City.Centre.712650_CWEC2020.zip
ERS-EX-45555-in.idf,Erieau AUT_ON,ERIEAU,CAN_ON_Erieau.AUT.714650_CWEC2020.zip
ERS-EX-45559-in.idf,Erieau AUT_ON,ERIEAU,CAN_ON_Erieau.AUT.714650_CWEC2020.zip
ERS-EX-45620-in.idf,Erieau AUT_ON,ERIEAU,CAN_ON_Erieau.AUT.714650_CWEC2020.zip
ERS-EX-4569-in.idf,Saskatoon Intl AP_SK,SASKATOON INTL,CAN_SK_Saskatoon.Intl.AP.718660_CWEC2020.zip
ERS-EX-45733-in.idf,Toronto City Centre_ON,TORONTO CITY CENTRE,CAN_ON_Toronto.City.Centre.712650_CWEC2020.zip
ERS-EX-45735-in.idf,Erieau AUT_ON,ERIEAU,CAN_ON_Erieau.AUT.714650_CWEC2020.zip
ERS-EX-45736-in.idf,Toronto City Centre_ON,TORONTO CITY CENTRE,CAN_ON_Toronto.City.Centre.712650_CWEC2020.zip
ERS-EX-45773-in.idf,Erieau AUT_ON,ERIEAU,CAN_ON_Erieau.AUT.714650_CWEC2020.zip
ERS-EX-45778-in.idf,Toronto City Centre_ON,TORONTO CITY CENTRE,CAN_ON_Toronto.City.Centre.712650_CWEC2020.zip
ERS-EX-45786-in.idf,Toronto City Centre_ON,TORONTO CITY CENTRE,CAN_ON_Toronto.City.Centre.712650_CWEC2020.zip
ERS-EX-45819-in.idf,Toronto City Centre_ON,TORONTO CITY CENTRE,CAN_ON_Toronto.City.Centre.712650_CWEC2020.zip
ERS-EX-4586-in.idf,Saskatoon Intl AP_SK,SASKATOON INTL,CAN_SK_Saskatoon.Intl.AP.718660_CWEC2020.zip
ERS-EX-4591-in.idf,Regina Intl AP_SK,REGINA INTL,CAN_SK_Regina.Intl.AP.718630_CWEC2020.zip
ERS-EX-45913-in.idf,Toronto City Centre_ON,TORONTO CITY CENTRE,CAN_ON_Toronto.City.Centre.712650_CWEC2020.zip
ERS-EX-4592-in.idf,Saskatoon Intl AP_SK,SASKATOON INTL,CAN_SK_Saskatoon.Intl.AP.718660_CWEC2020.zip
ERS-EX-45932-in.idf,Toronto City Centre_ON,TORONTO CITY CENTRE,CAN_ON_Toronto.City.Centre.712650_CWEC2020.zip
ERS-EX-45933-in.idf,Erieau AUT_ON,ERIEAU,CAN_ON_Erieau.AUT.714650_CWEC2020.zip
ERS-EX-45956-in.idf,Toronto City Centre_ON,TORONTO CITY CENTRE,CAN_ON_Toronto.City.Centre.712650_CWEC2020.zip
ERS-EX-4598-in.idf,Saskatoon Intl AP_SK,SASKATOON INTL,CAN_SK_Saskatoon.Intl.AP.718660_CWEC2020.zip
ERS-EX-45981-in.idf,Toronto City Centre_ON,TORONTO CITY CENTRE,CAN_ON_Toronto.City.Centre.712650_CWEC2020.zip
ERS-EX-46000-in.idf,Erieau AUT_ON,ERIEAU,CAN_ON_Erieau.AUT.714650_CWEC2020.zip
ERS-EX-4601-in.idf,Saskatoon Intl AP_SK,SASKATOON INTL,CAN_SK_Saskatoon.Intl.AP.718660_CWEC2020.zip
ERS-EX-46013-in.idf,Toronto City Centre_ON,TORONTO CITY CENTRE,CAN_ON_Toronto.City.Centre.712650_CWEC2020.zip
ERS-EX-4602-in.idf,Saskatoon Intl AP_SK,SASKATOON INTL,CAN_SK_Saskatoon.Intl.AP.718660_CWEC2020.zip
ERS-EX-4604-in.idf,Saskatoon Intl AP_SK,SASKATOON INTL,CAN_SK_Saskatoon.Intl.AP.718660_CWEC2020.zip
ERS-EX-4605-in.idf,Saskatoon Intl AP_SK,SASKATOON INTL,CAN_SK_Saskatoon.Intl.AP.718660_CWEC2020.zip
ERS-EX-46074-in.idf,London AP_ON,LONDON,CAN_ON_London.AP.716230_CWEC2020.zip
ERS-EX-46077-in.idf,London AP_ON,LONDON,CAN_ON_London.AP.716230_CWEC2020.zip
ERS-EX-4614-in.idf,Saskatoon Intl AP_SK,SASKATOON INTL,CAN_SK_Saskatoon.Intl.AP.718660_CWEC2020.zip
ERS-EX-46194-in.idf,Edmonton Intl AP_AB,EDMONTON INTL,CAN_AB_Edmonton.Intl.AP.711230_CWEC2020.zip
ERS-EX-46201-in.idf,Edmonton Intl AP_AB,EDMONTON INTL,CAN_AB_Edmonton.Intl.AP.711230_CWEC2020.zip
ERS-EX-46202-in.idf,Edmonton Intl AP_AB,EDMONTON INTL,CAN_AB_Edmonton.Intl.AP.711230_CWEC2020.zip
ERS-EX-46205-in.idf,Edmonton Intl AP_AB,EDMONTON INTL,CAN_AB_Edmonton.Intl.AP.711230_CWEC2020.zip
ERS-EX-46210-in.idf,Edmonton Intl AP_AB,EDMONTON INTL,CAN_AB_Edmonton.Intl.AP.711230_CWEC2020.zip
ERS-EX-46216-in.idf,Edmonton Intl AP_AB,EDMONTON INTL,CAN_AB_Edmonton.Intl.AP.711230_CWEC2020.zip
ERS-EX-46219-in.idf,Edmonton Intl AP_AB,EDMONTON INTL,CAN_AB_Edmonton.Intl.AP.711230_CWEC2020.zip
ERS-EX-46226-in.idf,Edmonton Intl AP_AB,EDMONTON INTL,CAN_AB_Edmonton.Intl.AP.711230_CWEC2020.zip
ERS-EX-46229-in.idf,Edmonton Intl AP_AB,EDMONTON INTL,CAN_AB_Edmonton.Intl.AP.711230_CWEC2020.zip
ERS-EX-46237-in.idf,Edmonton Intl AP_AB,EDMONTON INTL,CAN_AB_Edmonton.Intl.AP.711230_CWEC2020.zip
ERS-EX-46238-in.idf,Edmonton Intl AP_AB,EDMONTON INTL,CAN_AB_Edmonton.Intl.AP.711230_CWEC2020.zip
ERS-EX-46240-in.idf,Edmonton Intl AP_AB,EDMONTON INTL,CAN_AB_Edmonton.Intl.AP.711230_CWEC2020.zip
ERS-EX-46244-in.idf,Edmonton Intl AP_AB,EDMONTON INTL,CAN_AB_Edmonton.Intl.AP.711230_CWEC2020.zip
ERS-EX-46245-in.idf,Edmonton Intl AP_AB,EDMONTON INTL,CAN_AB_Edmonton.Intl.AP.711230_CWEC2020.zip
ERS-EX-46253-in.idf,Edmonton Intl AP_AB,EDMONTON INTL,CAN_AB_Edmonton.Intl.AP.711230_CWEC2020.zip
ERS-EX-46254-in.idf,Edmonton Intl AP_AB,EDMONTON INTL,CAN_AB_Edmonton.Intl.AP.711230_CWEC2020.zip
ERS-EX-46258-in.idf,Edmonton Intl AP_AB,EDMONTON INTL,CAN_AB_Edmonton.Intl.AP.711230_CWEC2020.zip
ERS-EX-46274-in.idf,Edmonton Intl AP_AB,EDMONTON INTL,CAN_AB_Edmonton.Intl.AP.711230_CWEC2020.zip
ERS-EX-46277-in.idf,Edmonton Intl AP_AB,EDMONTON INTL,CAN_AB_Edmonton.Intl.AP.711230_CWEC2020.zip
ERS-EX-46278-in.idf,Edmonton Intl AP_AB,EDMONTON INTL,CAN_AB_Edmonton.Intl.AP.711230_CWEC2020.zip
ERS-EX-46279-in.idf,Edmonton Intl AP_AB,EDMONTON INTL,CAN_AB_Edmonton.Intl.AP.711230_CWEC2020.zip
ERS-EX-46283-in.idf,Edmonton Intl AP_AB,EDMONTON INTL,CAN_AB_Edmonton.Intl.AP.711230_CWEC2020.zip
ERS-EX-46284-in.idf,Edmonton Intl AP_AB,EDMONTON INTL,CAN_AB_Edmonton.Intl.AP.711230_CWEC2020.zip
ERS-EX-46289-in.idf,Edmonton Intl AP_AB,EDMONTON INTL,CAN_AB_Edmonton.Intl.AP.711230_CWEC2020.zip
ERS-EX-46297-in.idf,Edmonton Intl AP_AB,EDMONTON INTL,CAN_AB_Edmonton.Intl.AP.711230_CWEC2020.zip
ERS-EX-46306-in.idf,Edmonton Intl AP_AB,EDMONTON INTL,CAN_AB_Edmonton.Intl.AP.711230_CWEC2020.zip
ERS-EX-46307-in.idf,Edmonton Intl AP_AB,EDMONTON INTL,CAN_AB_Edmonton.Intl.AP.711230_CWEC2020.zip
ERS-EX-46308-in.idf,Edmonton Intl AP_AB,EDMONTON INTL,CAN_AB_Edmonton.Intl.AP.711230_CWEC2020.zip
ERS-EX-46312-in.idf,Edmonton Intl AP_AB,EDMONTON INTL,CAN_AB_Edmonton.Intl.AP.711230_CWEC2020.zip
ERS-EX-46313-in.idf,Edmonton Intl AP_AB,EDMONTON INTL,CAN_AB_Edmonton.Intl.AP.711230_CWEC2020.zip
ERS-EX-46316-in.idf,Edmonton Intl AP_AB,EDMONTON INTL,CAN_AB_Edmonton.Intl.AP.711230_CWEC2020.zip
ERS-EX-46323-in.idf,Edmonton Intl AP_AB,EDMONTON INTL,CAN_AB_Edmonton.Intl.AP.711230_CWEC2020.zip
ERS-EX-46327-in.idf,Edmonton Intl AP_AB,EDMONTON INTL,CAN_AB_Edmonton.Intl.AP.711230_CWEC2020.zip
ERS-EX-46338-in.idf,Edmonton Intl AP_AB,EDMONTON INTL,CAN_AB_Edmonton.Intl.AP.711230_CWEC2020.zip
ERS-EX-46339-in.idf,Edmonton Intl AP_AB,EDMONTON INTL,CAN_AB_Edmonton.Intl.AP.711230_CWEC2020.zip
ERS-EX-46340-in.idf,Edmonton Intl AP_AB,EDMONTON INTL,CAN_AB_Edmonton.Intl.AP.711230_CWEC2020.zip
ERS-EX-46351-in.idf,Edmonton Intl AP_AB,EDMONTON INTL,CAN_AB_Edmonton.Intl.AP.711230_CWEC2020.zip
ERS-EX-46352-in.idf,Edmonton Intl AP_AB,EDMONTON INTL,CAN_AB_Edmonton.Intl.AP.711230_CWEC2020.zip
ERS-EX-46353-in.idf,Edmonton Intl AP_AB,EDMONTON INTL,CAN_AB_Edmonton.Intl.AP.711230_CWEC2020.zip
ERS-EX-46363-in.idf,Edmonton Intl AP_AB,EDMONTON INTL,CAN_AB_Edmonton.Intl.AP.711230_CWEC2020.zip
ERS-EX-46370-in.idf,Edmonton Intl AP_AB,EDMONTON INTL,CAN_AB_Edmonton.Intl.AP.711230_CWEC2020.zip
ERS-EX-46377-in.idf,Toronto City Centre_ON,TORONTO CITY CENTRE,CAN_ON_Toronto.City.Centre.712650_CWEC2020.zip
ERS-EX-46431-in.idf,Toronto City Centre_ON,TORONTO CITY CENTRE,CAN_ON_Toronto.City.Centre.712650_CWEC2020.zip
ERS-EX-46438-in.idf,Toronto City Centre_ON,TORONTO CITY CENTRE,CAN_ON_Toronto.City.Centre.712650_CWEC2020.zip
ERS-EX-46456-in.idf,London AP_ON,LONDON,CAN_ON_London.AP.716230_CWEC2020.zip
ERS-EX-46516-in.idf,London AP_ON,LONDON,CAN_ON_London.AP.716230_CWEC2020.zip
ERS-EX-46535-in.idf,Toronto City Centre_ON,TORONTO CITY CENTRE,CAN_ON_Toronto.City.Centre.712650_CWEC2020.zip
ERS-EX-46570-in.idf,Toronto City Centre_ON,TORONTO CITY CENTRE,CAN_ON_Toronto.City.Centre.712650_CWEC2020.zip
ERS-EX-4662-in.idf,North Battleford_SK,NORTH BATTLEFORD,CAN_SK_North.Battleford.718760_CWEC2020.zip
ERS-EX-4663-in.idf,Prince Albert AP_SK,PRINCE ALBERT,CAN_SK_Prince.Albert.AP.718690_CWEC2020.zip
ERS-EX-4665-in.idf,Swift Current_SK,SWIFT CURRENT,CAN_SK_Swift.Current.711420_CWEC2020.zip
ERS-EX-46746-in.idf,Toronto City Centre_ON,TORONTO CITY CENTRE,CAN_ON_Toronto.City.Centre.712650_CWEC2020.zip
ERS-EX-4675-in.idf,Swift Current_SK,SWIFT CURRENT,CAN_SK_Swift.Current.711420_CWEC2020.zip
ERS-EX-46768-in.idf,Toronto City Centre_ON,TORONTO CITY CENTRE,CAN_ON_Toronto.City.Centre.712650_CWEC2020.zip
ERS-EX-46776-in.idf,London AP_ON,LONDON,CAN_ON_London.AP.716230_CWEC2020.zip
ERS-EX-46806-in.idf,Toronto City Centre_ON,TORONTO CITY CENTRE,CAN_ON_Toronto.City.Centre.712650_CWEC2020.zip
ERS-EX-46814-in.idf,Toronto City Centre_ON,TORONTO CITY CENTRE,CAN_ON_Toronto.City.Centre.712650_CWEC2020.zip
ERS-EX-46856-in.idf,Toronto Intl AP_ON,TORONTO INTL,CAN_ON_Toronto.Intl.AP.716240_CWEC2020.zip
ERS-EX-4686-in.idf,Swift Current_SK,SWIFT CURRENT,CAN_SK_Swift.Current.711420_CWEC2020.zip
ERS-EX-46870-in.idf,Toronto City Centre_ON,TORONTO CITY CENTRE,CAN_ON_Toronto.City.Centre.712650_CWEC2020.zip
ERS-EX-46892-in.idf,Toronto City Centre_ON,TORONTO CITY CENTRE,CAN_ON_Toronto.City.Centre.712650_CWEC2020.zip
ERS-EX-46894-in.idf,Toronto City Centre_ON,TORONTO CITY CENTRE,CAN_ON_Toronto.City.Centre.712650_CWEC2020.zip
ERS-EX-46913-in.idf,Toronto City Centre_ON,TORONTO CITY CENTRE,CAN_ON_Toronto.City.Centre.712650_CWEC2020.zip
ERS-EX-46918-in.idf,Toronto Intl AP_ON,TORONTO INTL,CAN_ON_Toronto.Intl.AP.716240_CWEC2020.zip
ERS-EX-46938-in.idf,Thunder Bay AP_ON,THUNDER BAY,CAN_ON_Thunder.Bay.AP.716670_CWEC2020.zip
ERS-EX-46940-in.idf,London AP_ON,LONDON,CAN_ON_London.AP.716230_CWEC2020.zip
ERS-EX-46944-in.idf,London AP_ON,LONDON,CAN_ON_London.AP.716230_CWEC2020.zip
ERS-EX-46967-in.idf,London AP_ON,LONDON,CAN_ON_London.AP.716230_CWEC2020.zip
ERS-EX-46982-in.idf,London AP_ON,LONDON,CAN_ON_London.AP.716230_CWEC2020.zip
ERS-EX-4702-in.idf,Regina Intl AP_SK,REGINA INTL,CAN_SK_Regina.Intl.AP.718630_CWEC2020.zip
ERS-EX-47064-in.idf,London AP_ON,LONDON,CAN_ON_London.AP.716230_CWEC2020.zip
ERS-EX-4708-in.idf,Swift Current_SK,SWIFT CURRENT,CAN_SK_Swift.Current.711420_CWEC2020.zip
ERS-EX-47099-in.idf,London AP_ON,LONDON,CAN_ON_London.AP.716230_CWEC2020.zip
ERS-EX-47113-in.idf,Windsor AP_ON,WINDSOR,CAN_ON_Windsor.AP.715380_CWEC2020.zip
ERS-EX-47125-in.idf,London AP_ON,LONDON,CAN_ON_London.AP.716230_CWEC2020.zip
ERS-EX-4714-in.idf,Saskatoon Intl AP_SK,SASKATOON INTL,CAN_SK_Saskatoon.Intl.AP.718660_CWEC2020.zip
ERS-EX-47159-in.idf,London AP_ON,LONDON,CAN_ON_London.AP.716230_CWEC2020.zip
ERS-EX-47173-in.idf,London AP_ON,LONDON,CAN_ON_London.AP.716230_CWEC2020.zip
ERS-EX-47192-in.idf,London AP_ON,LONDON,CAN_ON_London.AP.716230_CWEC2020.zip
ERS-EX-4721-in.idf,Red Deer Regional AP_AB,RED DEER REGIONAL,CAN_AB_Red.Deer.Regional.AP.718780_CWEC2020.zip
ERS-EX-47212-in.idf,London AP_ON,LONDON,CAN_ON_London.AP.716230_CWEC2020.zip
ERS-EX-47215-in.idf,London AP_ON,LONDON,CAN_ON_London.AP.716230_CWEC2020.zip
ERS-EX-47226-in.idf,London AP_ON,LONDON,CAN_ON_London.AP.716230_CWEC2020.zip
ERS-EX-47229-in.idf,London AP_ON,LONDON,CAN_ON_London.AP.716230_CWEC2020.zip
ERS-EX-47233-in.idf,London AP_ON,LONDON,CAN_ON_London.AP.716230_CWEC2020.zip
ERS-EX-4724-in.idf,Red Deer Regional AP_AB,RED DEER REGIONAL,CAN_AB_Red.Deer.Regional.AP.718780_CWEC2020.zip
ERS-EX-47268-in.idf,Toronto Intl AP_ON,TORONTO INTL,CAN_ON_Toronto.Intl.AP.716240_CWEC2020.zip
ERS-EX-47277-in.idf,Windsor AP_ON,WINDSOR,CAN_ON_Windsor.AP.715380_CWEC2020.zip
ERS-EX-47291-in.idf,Windsor AP_ON,WINDSOR,CAN_ON_Windsor.AP.715380_CWEC2020.zip
ERS-EX-4735-in.idf,Red Deer Regional AP_AB,RED DEER REGIONAL,CAN_AB_Red.Deer.Regional.AP.718780_CWEC2020.zip
ERS-EX-47359-in.idf,Windsor AP_ON,WINDSOR,CAN_ON_Windsor.AP.715380_CWEC2020.zip
ERS-EX-47411-in.idf,Toronto City Centre_ON,TORONTO CITY CENTRE,CAN_ON_Toronto.City.Centre.712650_CWEC2020.zip
ERS-EX-4742-in.idf,Red Deer Regional AP_AB,RED DEER REGIONAL,CAN_AB_Red.Deer.Regional.AP.718780_CWEC2020.zip
ERS-EX-4746-in.idf,Red Deer Regional AP_AB,RED DEER REGIONAL,CAN_AB_Red.Deer.Regional.AP.718780_CWEC2020.zip
ERS-EX-47469-in.idf,Toronto City Centre_ON,TORONTO CITY CENTRE,CAN_ON_Toronto.City.Centre.712650_CWEC2020.zip
ERS-EX-47549-in.idf,Toronto City Centre_ON,TORONTO CITY CENTRE,CAN_ON_Toronto.City.Centre.712650_CWEC2020.zip
ERS-EX-4755-in.idf,Quebec Intl AP_QC,QUEBEC INTL,CAN_QC_Quebec.Intl.AP.717140_CWEC2020.zip
ERS-EX-4756-in.idf,Quebec Intl AP_QC,QUEBEC INTL,CAN_QC_Quebec.Intl.AP.717140_CWEC2020.zip
ERS-EX-4757-in.idf,Quebec Intl AP_QC,QUEBEC INTL,CAN_QC_Quebec.Intl.AP.717140_CWEC2020.zip
ERS-EX-47583-in.idf,Toronto City Centre_ON,TORONTO CITY CENTRE,CAN_ON_Toronto.City.Centre.712650_CWEC2020.zip
ERS-EX-4761-in.idf,Quebec Intl AP_QC,QUEBEC INTL,CAN_QC_Quebec.Intl.AP.717140_CWEC2020.zip
ERS-EX-4762-in.idf,Quebec Intl AP_QC,QUEBEC INTL,CAN_QC_Quebec.Intl.AP.717140_CWEC2020.zip
ERS-EX-47629-in.idf,Toronto City Centre_ON,TORONTO CITY CENTRE,CAN_ON_Toronto.City.Centre.712650_CWEC2020.zip
ERS-EX-4763-in.idf,Quebec Intl AP_QC,QUEBEC INTL,CAN_QC_Quebec.Intl.AP.717140_CWEC2020.zip
ERS-EX-4764-in.idf,Quebec Intl AP_QC,QUEBEC INTL,CAN_QC_Quebec.Intl.AP.717140_CWEC2020.zip
ERS-EX-47644-in.idf,Toronto City Centre_ON,TORONTO CITY CENTRE,CAN_ON_Toronto.City.Centre.712650_CWEC2020.zip
ERS-EX-4765-in.idf,Quebec Intl AP_QC,QUEBEC INTL,CAN_QC_Quebec.Intl.AP.717140_CWEC2020.zip
ERS-EX-4766-in.idf,Quebec Intl AP_QC,QUEBEC INTL,CAN_QC_Quebec.Intl.AP.717140_CWEC2020.zip
ERS-EX-4767-in.idf,Quebec Intl AP_QC,QUEBEC INTL,CAN_QC_Quebec.Intl.AP.717140_CWEC2020.zip
ERS-EX-47673-in.idf,Toronto City Centre_ON,TORONTO CITY CENTRE,CAN_ON_Toronto.City.Centre.712650_CWEC2020.zip
ERS-EX-4768-in.idf,Quebec Intl AP_QC,QUEBEC INTL,CAN_QC_Quebec.Intl.AP.717140_CWEC2020.zip
ERS-EX-47701-in.idf,Toronto City Centre_ON,TORONTO CITY CENTRE,CAN_ON_Toronto.City.Centre.712650_CWEC2020.zip
ERS-EX-47706-in.idf,Toronto City Centre_ON,TORONTO CITY CENTRE,CAN_ON_Toronto.City.Centre.712650_CWEC2020.zip
ERS-EX-47708-in.idf,Toronto City Centre_ON,TORONTO CITY CENTRE,CAN_ON_Toronto.City.Centre.712650_CWEC2020.zip
ERS-EX-4771-in.idf,Quebec Intl AP_QC,QUEBEC INTL,CAN_QC_Quebec.Intl.AP.717140_CWEC2020.zip
ERS-EX-4772-in.idf,Quebec Intl AP_QC,QUEBEC INTL,CAN_QC_Quebec.Intl.AP.717140_CWEC2020.zip
ERS-EX-47725-in.idf,Erieau AUT_ON,ERIEAU,CAN_ON_Erieau.AUT.714650_CWEC2020.zip
ERS-EX-47739-in.idf,Toronto Intl AP_ON,TORONTO INTL,CAN_ON_Toronto.Intl.AP.716240_CWEC2020.zip
ERS-EX-4774-in.idf,Quebec Intl AP_QC,QUEBEC INTL,CAN_QC_Quebec.Intl.AP.717140_CWEC2020.zip
ERS-EX-4775-in.idf,Quebec Intl AP_QC,QUEBEC INTL,CAN_QC_Quebec.Intl.AP.717140_CWEC2020.zip
ERS-EX-4776-in.idf,Quebec Intl AP_QC,QUEBEC INTL,CAN_QC_Quebec.Intl.AP.717140_CWEC2020.zip
ERS-EX-4778-in.idf,Quebec Intl AP_QC,QUEBEC INTL,CAN_QC_Quebec.Intl.AP.717140_CWEC2020.zip
ERS-EX-4781-in.idf,Quebec Intl AP_QC,QUEBEC INTL,CAN_QC_Quebec.Intl.AP.717140_CWEC2020.zip
ERS-EX-47829-in.idf,Erieau AUT_ON,ERIEAU,CAN_ON_Erieau.AUT.714650_CWEC2020.zip
ERS-EX-4784-in.idf,Quebec Intl AP_QC,QUEBEC INTL,CAN_QC_Quebec.Intl.AP.717140_CWEC2020.zip
ERS-EX-47840-in.idf,Erieau AUT_ON,ERIEAU,CAN_ON_Erieau.AUT.714650_CWEC2020.zip
ERS-EX-4785-in.idf,Quebec Intl AP_QC,QUEBEC INTL,CAN_QC_Quebec.Intl.AP.717140_CWEC2020.zip
ERS-EX-4786-in.idf,Quebec Intl AP_QC,QUEBEC INTL,CAN_QC_Quebec.Intl.AP.717140_CWEC2020.zip
ERS-EX-47862-in.idf,Toronto City Centre_ON,TORONTO CITY CENTRE,CAN_ON_Toronto.City.Centre.712650_CWEC2020.zip
ERS-EX-4788-in.idf,Quebec Intl AP_QC,QUEBEC INTL,CAN_QC_Quebec.Intl.AP.717140_CWEC2020.zip
ERS-EX-4789-in.idf,Quebec Intl AP_QC,QUEBEC INTL,CAN_QC_Quebec.Intl.AP.717140_CWEC2020.zip
ERS-EX-47895-in.idf,Toronto City Centre_ON,TORONTO CITY CENTRE,CAN_ON_Toronto.City.Centre.712650_CWEC2020.zip
ERS-EX-47899-in.idf,Toronto City Centre_ON,TORONTO CITY CENTRE,CAN_ON_Toronto.City.Centre.712650_CWEC2020.zip
ERS-EX-4791-in.idf,Quebec Intl AP_QC,QUEBEC INTL,CAN_QC_Quebec.Intl.AP.717140_CWEC2020.zip
ERS-EX-47914-in.idf,Toronto City Centre_ON,TORONTO CITY CENTRE,CAN_ON_Toronto.City.Centre.712650_CWEC2020.zip
ERS-EX-4793-in.idf,Quebec Intl AP_QC,QUEBEC INTL,CAN_QC_Quebec.Intl.AP.717140_CWEC2020.zip
ERS-EX-4794-in.idf,Quebec Intl AP_QC,QUEBEC INTL,CAN_QC_Quebec.Intl.AP.717140_CWEC2020.zip
ERS-EX-47944-in.idf,Toronto City Centre_ON,TORONTO CITY CENTRE,CAN_ON_Toronto.City.Centre.712650_CWEC2020.zip
ERS-EX-4796-in.idf,Quebec Intl AP_QC,QUEBEC INTL,CAN_QC_Quebec.Intl.AP.717140_CWEC2020.zip
ERS-EX-4799-in.idf,Quebec Intl AP_QC,QUEBEC INTL,CAN_QC_Quebec.Intl.AP.717140_CWEC2020.zip
ERS-EX-48010-in.idf,Toronto City Centre_ON,TORONTO CITY CENTRE,CAN_ON_Toronto.City.Centre.712650_CWEC2020.zip
ERS-EX-4802-in.idf,Quebec Intl AP_QC,QUEBEC INTL,CAN_QC_Quebec.Intl.AP.717140_CWEC2020.zip
ERS-EX-48030-in.idf,Toronto City Centre_ON,TORONTO CITY CENTRE,CAN_ON_Toronto.City.Centre.712650_CWEC2020.zip
ERS-EX-48044-in.idf,Toronto City Centre_ON,TORONTO CITY CENTRE,CAN_ON_Toronto.City.Centre.712650_CWEC2020.zip
ERS-EX-48049-in.idf,Toronto City Centre_ON,TORONTO CITY CENTRE,CAN_ON_Toronto.City.Centre.712650_CWEC2020.zip
ERS-EX-4805-in.idf,Quebec Intl AP_QC,QUEBEC INTL,CAN_QC_Quebec.Intl.AP.717140_CWEC2020.zip
ERS-EX-4807-in.idf,Quebec Intl AP_QC,QUEBEC INTL,CAN_QC_Quebec.Intl.AP.717140_CWEC2020.zip
ERS-EX-4809-in.idf,Quebec Intl AP_QC,QUEBEC INTL,CAN_QC_Quebec.Intl.AP.717140_CWEC2020.zip
ERS-EX-4810-in.idf,Quebec Intl AP_QC,QUEBEC INTL,CAN_QC_Quebec.Intl.AP.717140_CWEC2020.zip
ERS-EX-4812-in.idf,Quebec Intl AP_QC,QUEBEC INTL,CAN_QC_Quebec.Intl.AP.717140_CWEC2020.zip
ERS-EX-4813-in.idf,Quebec Intl AP_QC,QUEBEC INTL,CAN_QC_Quebec.Intl.AP.717140_CWEC2020.zip
ERS-EX-4814-in.idf,Quebec Intl AP_QC,QUEBEC INTL,CAN_QC_Quebec.Intl.AP.717140_CWEC2020.zip
ERS-EX-4816-in.idf,Quebec Intl AP_QC,QUEBEC INTL,CAN_QC_Quebec.Intl.AP.717140_CWEC2020.zip
ERS-EX-48161-in.idf,Toronto City Centre_ON,TORONTO CITY CENTRE,CAN_ON_Toronto.City.Centre.712650_CWEC2020.zip
ERS-EX-4818-in.idf,Quebec Intl AP_QC,QUEBEC INTL,CAN_QC_Quebec.Intl.AP.717140_CWEC2020.zip
ERS-EX-4819-in.idf,Quebec Intl AP_QC,QUEBEC INTL,CAN_QC_Quebec.Intl.AP.717140_CWEC2020.zip
ERS-EX-48198-in.idf,Toronto City Centre_ON,TORONTO CITY CENTRE,CAN_ON_Toronto.City.Centre.712650_CWEC2020.zip
ERS-EX-48199-in.idf,Toronto City Centre_ON,TORONTO CITY CENTRE,CAN_ON_Toronto.City.Centre.712650_CWEC2020.zip
ERS-EX-4821-in.idf,Quebec Intl AP_QC,QUEBEC INTL,CAN_QC_Quebec.Intl.AP.717140_CWEC2020.zip
ERS-EX-48224-in.idf,Toronto City Centre_ON,TORONTO CITY CENTRE,CAN_ON_Toronto.City.Centre.712650_CWEC2020.zip
ERS-EX-4823-in.idf,Quebec Intl AP_QC,QUEBEC INTL,CAN_QC_Quebec.Intl.AP.717140_CWEC2020.zip
ERS-EX-48230-in.idf,Toronto City Centre_ON,TORONTO CITY CENTRE,CAN_ON_Toronto.City.Centre.712650_CWEC2020.zip
ERS-EX-48235-in.idf,Toronto Intl AP_ON,TORONTO INTL,CAN_ON_Toronto.Intl.AP.716240_CWEC2020.zip
ERS-EX-4824-in.idf,Quebec Intl AP_QC,QUEBEC INTL,CAN_QC_Quebec.Intl.AP.717140_CWEC2020.zip
ERS-EX-4826-in.idf,Quebec Intl AP_QC,QUEBEC INTL,CAN_QC_Quebec.Intl.AP.717140_CWEC2020.zip
ERS-EX-4827-in.idf,Quebec Intl AP_QC,QUEBEC INTL,CAN_QC_Quebec.Intl.AP.717140_CWEC2020.zip
ERS-EX-4829-in.idf,Quebec Intl AP_QC,QUEBEC INTL,CAN_QC_Quebec.Intl.AP.717140_CWEC2020.zip
ERS-EX-4830-in.idf,Quebec Intl AP_QC,QUEBEC INTL,CAN_QC_Quebec.Intl.AP.717140_CWEC2020.zip
ERS-EX-4833-in.idf,Quebec Intl AP_QC,QUEBEC INTL,CAN_QC_Quebec.Intl.AP.717140_CWEC2020.zip
ERS-EX-4834-in.idf,Quebec Intl AP_QC,QUEBEC INTL,CAN_QC_Quebec.Intl.AP.717140_CWEC2020.zip
ERS-EX-4839-in.idf,Quebec Intl AP_QC,QUEBEC INTL,CAN_QC_Quebec.Intl.AP.717140_CWEC2020.zip
ERS-EX-4840-in.idf,Quebec Intl AP_QC,QUEBEC INTL,CAN_QC_Quebec.Intl.AP.717140_CWEC2020.zip
ERS-EX-4842-in.idf,Quebec Intl AP_QC,QUEBEC INTL,CAN_QC_Quebec.Intl.AP.717140_CWEC2020.zip
ERS-EX-48425-in.idf,Toronto Intl AP_ON,TORONTO INTL,CAN_ON_Toronto.Intl.AP.716240_CWEC2020.zip
ERS-EX-4844-in.idf,Quebec Intl AP_QC,QUEBEC INTL,CAN_QC_Quebec.Intl.AP.717140_CWEC2020.zip
ERS-EX-48455-in.idf,Toronto Intl AP_ON,TORONTO INTL,CAN_ON_Toronto.Intl.AP.716240_CWEC2020.zip
ERS-EX-4846-in.idf,Quebec Intl AP_QC,QUEBEC INTL,CAN_QC_Quebec.Intl.AP.717140_CWEC2020.zip
ERS-EX-4847-in.idf,Quebec Intl AP_QC,QUEBEC INTL,CAN_QC_Quebec.Intl.AP.717140_CWEC2020.zip
ERS-EX-48483-in.idf,Ottawa Intl AP_ON,OTTAWA INTL,CAN_ON_Ottawa.Intl.AP.716280_CWEC2020.zip
ERS-EX-4850-in.idf,Quebec Intl AP_QC,QUEBEC INTL,CAN_QC_Quebec.Intl.AP.717140_CWEC2020.zip
ERS-EX-48505-in.idf,Ottawa Intl AP_ON,OTTAWA INTL,CAN_ON_Ottawa.Intl.AP.716280_CWEC2020.zip
ERS-EX-48527-in.idf,Ottawa Intl AP_ON,OTTAWA INTL,CAN_ON_Ottawa.Intl.AP.716280_CWEC2020.zip
ERS-EX-4854-in.idf,Quebec Intl AP_QC,QUEBEC INTL,CAN_QC_Quebec.Intl.AP.717140_CWEC2020.zip
ERS-EX-48564-in.idf,Toronto City Centre_ON,TORONTO CITY CENTRE,CAN_ON_Toronto.City.Centre.712650_CWEC2020.zip
ERS-EX-48565-in.idf,Toronto City Centre_ON,TORONTO CITY CENTRE,CAN_ON_Toronto.City.Centre.712650_CWEC2020.zip
ERS-EX-4858-in.idf,Quebec Intl AP_QC,QUEBEC INTL,CAN_QC_Quebec.Intl.AP.717140_CWEC2020.zip
ERS-EX-48589-in.idf,Ottawa Intl AP_ON,OTTAWA INTL,CAN_ON_Ottawa.Intl.AP.716280_CWEC2020.zip
ERS-EX-48603-in.idf,Toronto Intl AP_ON,TORONTO INTL,CAN_ON_Toronto.Intl.AP.716240_CWEC2020.zip
ERS-EX-48613-in.idf,Toronto City Centre_ON,TORONTO CITY CENTRE,CAN_ON_Toronto.City.Centre.712650_CWEC2020.zip
ERS-EX-4863-in.idf,Quebec Intl AP_QC,QUEBEC INTL,CAN_QC_Quebec.Intl.AP.717140_CWEC2020.zip
ERS-EX-4864-in.idf,Quebec Intl AP_QC,QUEBEC INTL,CAN_QC_Quebec.Intl.AP.717140_CWEC2020.zip
ERS-EX-4865-in.idf,Quebec Intl AP_QC,QUEBEC INTL,CAN_QC_Quebec.Intl.AP.717140_CWEC2020.zip
ERS-EX-48657-in.idf,Toronto City Centre_ON,TORONTO CITY CENTRE,CAN_ON_Toronto.City.Centre.712650_CWEC2020.zip
ERS-EX-48672-in.idf,Toronto City Centre_ON,TORONTO CITY CENTRE,CAN_ON_Toronto.City.Centre.712650_CWEC2020.zip
ERS-EX-48679-in.idf,Toronto City Centre_ON,TORONTO CITY CENTRE,CAN_ON_Toronto.City.Centre.712650_CWEC2020.zip
ERS-EX-4868-in.idf,Quebec Intl AP_QC,QUEBEC INTL,CAN_QC_Quebec.Intl.AP.717140_CWEC2020.zip
ERS-EX-4869-in.idf,Quebec Intl AP_QC,QUEBEC INTL,CAN_QC_Quebec.Intl.AP.717140_CWEC2020.zip
ERS-EX-48691-in.idf,Toronto City Centre_ON,TORONTO CITY CENTRE,CAN_ON_Toronto.City.Centre.712650_CWEC2020.zip
ERS-EX-48698-in.idf,Toronto City Centre_ON,TORONTO CITY CENTRE,CAN_ON_Toronto.City.Centre.712650_CWEC2020.zip
ERS-EX-48699-in.idf,Toronto City Centre_ON,TORONTO CITY CENTRE,CAN_ON_Toronto.City.Centre.712650_CWEC2020.zip
ERS-EX-4870-in.idf,Quebec Intl AP_QC,QUEBEC INTL,CAN_QC_Quebec.Intl.AP.717140_CWEC2020.zip
ERS-EX-48736-in.idf,Toronto Intl AP_ON,TORONTO INTL,CAN_ON_Toronto.Intl.AP.716240_CWEC2020.zip
ERS-EX-4874-in.idf,Quebec Intl AP_QC,QUEBEC INTL,CAN_QC_Quebec.Intl.AP.717140_CWEC2020.zip
ERS-EX-4879-in.idf,Quebec Intl AP_QC,QUEBEC INTL,CAN_QC_Quebec.Intl.AP.717140_CWEC2020.zip
ERS-EX-4880-in.idf,Quebec Intl AP_QC,QUEBEC INTL,CAN_QC_Quebec.Intl.AP.717140_CWEC2020.zip
ERS-EX-4881-in.idf,Quebec Intl AP_QC,QUEBEC INTL,CAN_QC_Quebec.Intl.AP.717140_CWEC2020.zip
ERS-EX-4882-in.idf,Quebec Intl AP_QC,QUEBEC INTL,CAN_QC_Quebec.Intl.AP.717140_CWEC2020.zip
ERS-EX-4883-in.idf,Quebec Intl AP_QC,QUEBEC INTL,CAN_QC_Quebec.Intl.AP.717140_CWEC2020.zip
ERS-EX-4884-in.idf,Quebec Intl AP_QC,QUEBEC INTL,CAN_QC_Quebec.Intl.AP.717140_CWEC2020.zip
ERS-EX-48842-in.idf,Toronto City Centre_ON,TORONTO CITY CENTRE,CAN_ON_Toronto.City.Centre.712650_CWEC2020.zip
ERS-EX-4885-in.idf,Quebec Intl AP_QC,QUEBEC INTL,CAN_QC_Quebec.Intl.AP.717140_CWEC2020.zip
ERS-EX-48856-in.idf,Toronto City Centre_ON,TORONTO CITY CENTRE,CAN_ON_Toronto.City.Centre.712650_CWEC2020.zip
ERS-EX-4886-in.idf,Quebec Intl AP_QC,QUEBEC INTL,CAN_QC_Quebec.Intl.AP.717140_CWEC2020.zip
ERS-EX-4887-in.idf,Quebec Intl AP_QC,QUEBEC INTL,CAN_QC_Quebec.Intl.AP.717140_CWEC2020.zip
ERS-EX-4888-in.idf,Quebec Intl AP_QC,QUEBEC INTL,CAN_QC_Quebec.Intl.AP.717140_CWEC2020.zip
ERS-EX-48884-in.idf,Toronto City Centre_ON,TORONTO CITY CENTRE,CAN_ON_Toronto.City.Centre.712650_CWEC2020.zip
ERS-EX-4891-in.idf,Quebec Intl AP_QC,QUEBEC INTL,CAN_QC_Quebec.Intl.AP.717140_CWEC2020.zip
ERS-EX-48916-in.idf,Toronto City Centre_ON,TORONTO CITY CENTRE,CAN_ON_Toronto.City.Centre.712650_CWEC2020.zip
ERS-EX-4892-in.idf,Quebec Intl AP_QC,QUEBEC INTL,CAN_QC_Quebec.Intl.AP.717140_CWEC2020.zip
ERS-EX-48938-in.idf,Toronto City Centre_ON,TORONTO CITY CENTRE,CAN_ON_Toronto.City.Centre.712650_CWEC2020.zip
ERS-EX-4894-in.idf,Quebec Intl AP_QC,QUEBEC INTL,CAN_QC_Quebec.Intl.AP.717140_CWEC2020.zip
ERS-EX-48948-in.idf,Toronto City Centre_ON,TORONTO CITY CENTRE,CAN_ON_Toronto.City.Centre.712650_CWEC2020.zip
ERS-EX-48969-in.idf,Toronto City Centre_ON,TORONTO CITY CENTRE,CAN_ON_Toronto.City.Centre.712650_CWEC2020.zip
ERS-EX-4897-in.idf,Quebec Intl AP_QC,QUEBEC INTL,CAN_QC_Quebec.Intl.AP.717140_CWEC2020.zip
ERS-EX-4898-in.idf,Quebec Intl AP_QC,QUEBEC INTL,CAN_QC_Quebec.Intl.AP.717140_CWEC2020.zip
ERS-EX-48980-in.idf,Toronto City Centre_ON,TORONTO CITY CENTRE,CAN_ON_Toronto.City.Centre.712650_CWEC2020.zip
ERS-EX-48985-in.idf,Toronto City Centre_ON,TORONTO CITY CENTRE,CAN_ON_Toronto.City.Centre.712650_CWEC2020.zip
ERS-EX-4899-in.idf,Quebec Intl AP_QC,QUEBEC INTL,CAN_QC_Quebec.Intl.AP.717140_CWEC2020.zip
ERS-EX-48992-in.idf,Toronto City Centre_ON,TORONTO CITY CENTRE,CAN_ON_Toronto.City.Centre.712650_CWEC2020.zip
ERS-EX-4901-in.idf,Quebec Intl AP_QC,QUEBEC INTL,CAN_QC_Quebec.Intl.AP.717140_CWEC2020.zip
ERS-EX-49014-in.idf,Muskoka_ON,MUSKOKA,CAN_ON_Muskoka.715320_CWEC2020.zip
ERS-EX-49016-in.idf,Toronto City Centre_ON,TORONTO CITY CENTRE,CAN_ON_Toronto.City.Centre.712650_CWEC2020.zip
ERS-EX-4904-in.idf,Quebec Intl AP_QC,QUEBEC INTL,CAN_QC_Quebec.Intl.AP.717140_CWEC2020.zip
ERS-EX-4907-in.idf,Quebec Intl AP_QC,QUEBEC INTL,CAN_QC_Quebec.Intl.AP.717140_CWEC2020.zip
ERS-EX-49071-in.idf,Toronto City Centre_ON,TORONTO CITY CENTRE,CAN_ON_Toronto.City.Centre.712650_CWEC2020.zip
ERS-EX-4908-in.idf,Quebec Intl AP_QC,QUEBEC INTL,CAN_QC_Quebec.Intl.AP.717140_CWEC2020.zip
ERS-EX-4912-in.idf,Quebec Intl AP_QC,QUEBEC INTL,CAN_QC_Quebec.Intl.AP.717140_CWEC2020.zip
ERS-EX-4914-in.idf,Quebec Intl AP_QC,QUEBEC INTL,CAN_QC_Quebec.Intl.AP.717140_CWEC2020.zip
ERS-EX-4916-in.idf,Quebec Intl AP_QC,QUEBEC INTL,CAN_QC_Quebec.Intl.AP.717140_CWEC2020.zip
ERS-EX-49164-in.idf,Toronto City Centre_ON,TORONTO CITY CENTRE,CAN_ON_Toronto.City.Centre.712650_CWEC2020.zip
ERS-EX-49167-in.idf,Toronto City Centre_ON,TORONTO CITY CENTRE,CAN_ON_Toronto.City.Centre.712650_CWEC2020.zip
ERS-EX-4917-in.idf,Quebec Intl AP_QC,QUEBEC INTL,CAN_QC_Quebec.Intl.AP.717140_CWEC2020.zip
ERS-EX-49178-in.idf,Toronto City Centre_ON,TORONTO CITY CENTRE,CAN_ON_Toronto.City.Centre.712650_CWEC2020.zip
ERS-EX-4918-in.idf,Quebec Intl AP_QC,QUEBEC INTL,CAN_QC_Quebec.Intl.AP.717140_CWEC2020.zip
ERS-EX-4919-in.idf,Quebec Intl AP_QC,QUEBEC INTL,CAN_QC_Quebec.Intl.AP.717140_CWEC2020.zip
ERS-EX-49197-in.idf,Edmonton Intl AP_AB,EDMONTON INTL,CAN_AB_Edmonton.Intl.AP.711230_CWEC2020.zip
ERS-EX-4920-in.idf,Quebec Intl AP_QC,QUEBEC INTL,CAN_QC_Quebec.Intl.AP.717140_CWEC2020.zip
ERS-EX-49204-in.idf,Edmonton Intl AP_AB,EDMONTON INTL,CAN_AB_Edmonton.Intl.AP.711230_CWEC2020.zip
ERS-EX-49214-in.idf,Edmonton Intl AP_AB,EDMONTON INTL,CAN_AB_Edmonton.Intl.AP.711230_CWEC2020.zip
ERS-EX-49222-in.idf,Edmonton Intl AP_AB,EDMONTON INTL,CAN_AB_Edmonton.Intl.AP.711230_CWEC2020.zip
ERS-EX-49224-in.idf,Edmonton Intl AP_AB,EDMONTON INTL,CAN_AB_Edmonton.Intl.AP.711230_CWEC2020.zip
ERS-EX-49229-in.idf,Edmonton Intl AP_AB,EDMONTON INTL,CAN_AB_Edmonton.Intl.AP.711230_CWEC2020.zip
ERS-EX-4923-in.idf,Quebec Intl AP_QC,QUEBEC INTL,CAN_QC_Quebec.Intl.AP.717140_CWEC2020.zip
ERS-EX-49233-in.idf,Edmonton Intl AP_AB,EDMONTON INTL,CAN_AB_Edmonton.Intl.AP.711230_CWEC2020.zip
ERS-EX-49237-in.idf,Edmonton Intl AP_AB,EDMONTON INTL,CAN_AB_Edmonton.Intl.AP.711230_CWEC2020.zip
ERS-EX-49240-in.idf,Edmonton Intl AP_AB,EDMONTON INTL,CAN_AB_Edmonton.Intl.AP.711230_CWEC2020.zip
ERS-EX-49241-in.idf,Edmonton Intl AP_AB,EDMONTON INTL,CAN_AB_Edmonton.Intl.AP.711230_CWEC2020.zip
ERS-EX-49245-in.idf,Edmonton Intl AP_AB,EDMONTON INTL,CAN_AB_Edmonton.Intl.AP.711230_CWEC2020.zip
ERS-EX-4925-in.idf,Quebec Intl AP_QC,QUEBEC INTL,CAN_QC_Quebec.Intl.AP.717140_CWEC2020.zip
ERS-EX-49250-in.idf,Edmonton Intl AP_AB,EDMONTON INTL,CAN_AB_Edmonton.Intl.AP.711230_CWEC2020.zip
ERS-EX-49255-in.idf,Edmonton Intl AP_AB,EDMONTON INTL,CAN_AB_Edmonton.Intl.AP.711230_CWEC2020.zip
ERS-EX-49257-in.idf,Edmonton Intl AP_AB,EDMONTON INTL,CAN_AB_Edmonton.Intl.AP.711230_CWEC2020.zip
ERS-EX-49261-in.idf,Edmonton Intl AP_AB,EDMONTON INTL,CAN_AB_Edmonton.Intl.AP.711230_CWEC2020.zip
ERS-EX-49263-in.idf,Edmonton Intl AP_AB,EDMONTON INTL,CAN_AB_Edmonton.Intl.AP.711230_CWEC2020.zip
ERS-EX-49269-in.idf,Edmonton Intl AP_AB,EDMONTON INTL,CAN_AB_Edmonton.Intl.AP.711230_CWEC2020.zip
ERS-EX-4927-in.idf,Quebec Intl AP_QC,QUEBEC INTL,CAN_QC_Quebec.Intl.AP.717140_CWEC2020.zip
ERS-EX-49279-in.idf,Edmonton Intl AP_AB,EDMONTON INTL,CAN_AB_Edmonton.Intl.AP.711230_CWEC2020.zip
ERS-EX-49283-in.idf,Edmonton Intl AP_AB,EDMONTON INTL,CAN_AB_Edmonton.Intl.AP.711230_CWEC2020.zip
ERS-EX-49287-in.idf,Edmonton Intl AP_AB,EDMONTON INTL,CAN_AB_Edmonton.Intl.AP.711230_CWEC2020.zip
ERS-EX-49297-in.idf,Edmonton Intl AP_AB,EDMONTON INTL,CAN_AB_Edmonton.Intl.AP.711230_CWEC2020.zip
ERS-EX-4930-in.idf,Quebec Intl AP_QC,QUEBEC INTL,CAN_QC_Quebec.Intl.AP.717140_CWEC2020.zip
ERS-EX-49303-in.idf,Edmonton Intl AP_AB,EDMONTON INTL,CAN_AB_Edmonton.Intl.AP.711230_CWEC2020.zip
ERS-EX-49312-in.idf,Edmonton Intl AP_AB,EDMONTON INTL,CAN_AB_Edmonton.Intl.AP.711230_CWEC2020.zip
ERS-EX-49314-in.idf,Edmonton Intl AP_AB,EDMONTON INTL,CAN_AB_Edmonton.Intl.AP.711230_CWEC2020.zip
ERS-EX-49317-in.idf,Edmonton Intl AP_AB,EDMONTON INTL,CAN_AB_Edmonton.Intl.AP.711230_CWEC2020.zip
ERS-EX-49329-in.idf,Wiarton AP_ON,WIARTON,CAN_ON_Wiarton.AP.716330_CWEC2020.zip
ERS-EX-4933-in.idf,Quebec Intl AP_QC,QUEBEC INTL,CAN_QC_Quebec.Intl.AP.717140_CWEC2020.zip
ERS-EX-49339-in.idf,Toronto City Centre_ON,TORONTO CITY CENTRE,CAN_ON_Toronto.City.Centre.712650_CWEC2020.zip
ERS-EX-4934-in.idf,Quebec Intl AP_QC,QUEBEC INTL,CAN_QC_Quebec.Intl.AP.717140_CWEC2020.zip
ERS-EX-49350-in.idf,London AP_ON,LONDON,CAN_ON_London.AP.716230_CWEC2020.zip
ERS-EX-4940-in.idf,Quebec Intl AP_QC,QUEBEC INTL,CAN_QC_Quebec.Intl.AP.717140_CWEC2020.zip
ERS-EX-49417-in.idf,Toronto City Centre_ON,TORONTO CITY CENTRE,CAN_ON_Toronto.City.Centre.712650_CWEC2020.zip
ERS-EX-4942-in.idf,Quebec Intl AP_QC,QUEBEC INTL,CAN_QC_Quebec.Intl.AP.717140_CWEC2020.zip
ERS-EX-49425-in.idf,Toronto City Centre_ON,TORONTO CITY CENTRE,CAN_ON_Toronto.City.Centre.712650_CWEC2020.zip
ERS-EX-49443-in.idf,Erieau AUT_ON,ERIEAU,CAN_ON_Erieau.AUT.714650_CWEC2020.zip
ERS-EX-49449-in.idf,Toronto City Centre_ON,TORONTO CITY CENTRE,CAN_ON_Toronto.City.Centre.712650_CWEC2020.zip
ERS-EX-4947-in.idf,Quebec Intl AP_QC,QUEBEC INTL,CAN_QC_Quebec.Intl.AP.717140_CWEC2020.zip
ERS-EX-4948-in.idf,Quebec Intl AP_QC,QUEBEC INTL,CAN_QC_Quebec.Intl.AP.717140_CWEC2020.zip
ERS-EX-49499-in.idf,Toronto Intl AP_ON,TORONTO INTL,CAN_ON_Toronto.Intl.AP.716240_CWEC2020.zip
ERS-EX-4950-in.idf,Quebec Intl AP_QC,QUEBEC INTL,CAN_QC_Quebec.Intl.AP.717140_CWEC2020.zip
ERS-EX-4951-in.idf,Quebec Intl AP_QC,QUEBEC INTL,CAN_QC_Quebec.Intl.AP.717140_CWEC2020.zip
ERS-EX-4952-in.idf,Quebec Intl AP_QC,QUEBEC INTL,CAN_QC_Quebec.Intl.AP.717140_CWEC2020.zip
ERS-EX-49552-in.idf,Toronto City Centre_ON,TORONTO CITY CENTRE,CAN_ON_Toronto.City.Centre.712650_CWEC2020.zip
ERS-EX-4956-in.idf,Quebec Intl AP_QC,QUEBEC INTL,CAN_QC_Quebec.Intl.AP.717140_CWEC2020.zip
ERS-EX-4957-in.idf,Quebec Intl AP_QC,QUEBEC INTL,CAN_QC_Quebec.Intl.AP.717140_CWEC2020.zip
ERS-EX-4958-in.idf,Quebec Intl AP_QC,QUEBEC INTL,CAN_QC_Quebec.Intl.AP.717140_CWEC2020.zip
ERS-EX-49581-in.idf,Toronto City Centre_ON,TORONTO CITY CENTRE,CAN_ON_Toronto.City.Centre.712650_CWEC2020.zip
ERS-EX-49593-in.idf,Toronto Intl AP_ON,TORONTO INTL,CAN_ON_Toronto.Intl.AP.716240_CWEC2020.zip
ERS-EX-4960-in.idf,Quebec Intl AP_QC,QUEBEC INTL,CAN_QC_Quebec.Intl.AP.717140_CWEC2020.zip
ERS-EX-4961-in.idf,Quebec Intl AP_QC,QUEBEC INTL,CAN_QC_Quebec.Intl.AP.717140_CWEC2020.zip
ERS-EX-49610-in.idf,Toronto Intl AP_ON,TORONTO INTL,CAN_ON_Toronto.Intl.AP.716240_CWEC2020.zip
ERS-EX-49614-in.idf,Toronto City Centre_ON,TORONTO CITY CENTRE,CAN_ON_Toronto.City.Centre.712650_CWEC2020.zip
ERS-EX-4962-in.idf,Quebec Intl AP_QC,QUEBEC INTL,CAN_QC_Quebec.Intl.AP.717140_CWEC2020.zip
ERS-EX-4963-in.idf,Quebec Intl AP_QC,QUEBEC INTL,CAN_QC_Quebec.Intl.AP.717140_CWEC2020.zip
ERS-EX-4964-in.idf,Quebec Intl AP_QC,QUEBEC INTL,CAN_QC_Quebec.Intl.AP.717140_CWEC2020.zip
ERS-EX-49686-in.idf,Toronto Intl AP_ON,TORONTO INTL,CAN_ON_Toronto.Intl.AP.716240_CWEC2020.zip
ERS-EX-4969-in.idf,Quebec Intl AP_QC,QUEBEC INTL,CAN_QC_Quebec.Intl.AP.717140_CWEC2020.zip
ERS-EX-4970-in.idf,Quebec Intl AP_QC,QUEBEC INTL,CAN_QC_Quebec.Intl.AP.717140_CWEC2020.zip
ERS-EX-49709-in.idf,Toronto City Centre_ON,TORONTO CITY CENTRE,CAN_ON_Toronto.City.Centre.712650_CWEC2020.zip
ERS-EX-4971-in.idf,Quebec Intl AP_QC,QUEBEC INTL,CAN_QC_Quebec.Intl.AP.717140_CWEC2020.zip
ERS-EX-49734-in.idf,Ottawa Intl AP_ON,OTTAWA INTL,CAN_ON_Ottawa.Intl.AP.716280_CWEC2020.zip
ERS-EX-49741-in.idf,Ottawa Intl AP_ON,OTTAWA INTL,CAN_ON_Ottawa.Intl.AP.716280_CWEC2020.zip
ERS-EX-49751-in.idf,Toronto City Centre_ON,TORONTO CITY CENTRE,CAN_ON_Toronto.City.Centre.712650_CWEC2020.zip
ERS-EX-49752-in.idf,Toronto City Centre_ON,TORONTO CITY CENTRE,CAN_ON_Toronto.City.Centre.712650_CWEC2020.zip
ERS-EX-49759-in.idf,Toronto City Centre_ON,TORONTO CITY CENTRE,CAN_ON_Toronto.City.Centre.712650_CWEC2020.zip
ERS-EX-49776-in.idf,Toronto City Centre_ON,TORONTO CITY CENTRE,CAN_ON_Toronto.City.Centre.712650_CWEC2020.zip
ERS-EX-49790-in.idf,Edmonton Intl AP_AB,EDMONTON INTL,CAN_AB_Edmonton.Intl.AP.711230_CWEC2020.zip
ERS-EX-49794-in.idf,Edmonton Intl AP_AB,EDMONTON INTL,CAN_AB_Edmonton.Intl.AP.711230_CWEC2020.zip
ERS-EX-49795-in.idf,Edmonton Intl AP_AB,EDMONTON INTL,CAN_AB_Edmonton.Intl.AP.711230_CWEC2020.zip
ERS-EX-49796-in.idf,Edmonton Intl AP_AB,EDMONTON INTL,CAN_AB_Edmonton.Intl.AP.711230_CWEC2020.zip
ERS-EX-49798-in.idf,Edmonton Intl AP_AB,EDMONTON INTL,CAN_AB_Edmonton.Intl.AP.711230_CWEC2020.zip
ERS-EX-49799-in.idf,Edmonton Intl AP_AB,EDMONTON INTL,CAN_AB_Edmonton.Intl.AP.711230_CWEC2020.zip
ERS-EX-49807-in.idf,Edmonton Intl AP_AB,EDMONTON INTL,CAN_AB_Edmonton.Intl.AP.711230_CWEC2020.zip
ERS-EX-49808-in.idf,Edmonton Intl AP_AB,EDMONTON INTL,CAN_AB_Edmonton.Intl.AP.711230_CWEC2020.zip
ERS-EX-49811-in.idf,Edmonton Intl AP_AB,EDMONTON INTL,CAN_AB_Edmonton.Intl.AP.711230_CWEC2020.zip
ERS-EX-49814-in.idf,Edmonton Intl AP_AB,EDMONTON INTL,CAN_AB_Edmonton.Intl.AP.711230_CWEC2020.zip
ERS-EX-49819-in.idf,Edmonton Intl AP_AB,EDMONTON INTL,CAN_AB_Edmonton.Intl.AP.711230_CWEC2020.zip
ERS-EX-49837-in.idf,Edmonton Intl AP_AB,EDMONTON INTL,CAN_AB_Edmonton.Intl.AP.711230_CWEC2020.zip
ERS-EX-49839-in.idf,Edmonton Intl AP_AB,EDMONTON INTL,CAN_AB_Edmonton.Intl.AP.711230_CWEC2020.zip
ERS-EX-49840-in.idf,Edmonton Intl AP_AB,EDMONTON INTL,CAN_AB_Edmonton.Intl.AP.711230_CWEC2020.zip
ERS-EX-49848-in.idf,Edmonton Intl AP_AB,EDMONTON INTL,CAN_AB_Edmonton.Intl.AP.711230_CWEC2020.zip
ERS-EX-49850-in.idf,Edmonton Intl AP_AB,EDMONTON INTL,CAN_AB_Edmonton.Intl.AP.711230_CWEC2020.zip
ERS-EX-49854-in.idf,Edmonton Intl AP_AB,EDMONTON INTL,CAN_AB_Edmonton.Intl.AP.711230_CWEC2020.zip
ERS-EX-49859-in.idf,Edmonton Intl AP_AB,EDMONTON INTL,CAN_AB_Edmonton.Intl.AP.711230_CWEC2020.zip
ERS-EX-4987-in.idf,Quebec Intl AP_QC,QUEBEC INTL,CAN_QC_Quebec.Intl.AP.717140_CWEC2020.zip
ERS-EX-49878-in.idf,Edmonton Intl AP_AB,EDMONTON INTL,CAN_AB_Edmonton.Intl.AP.711230_CWEC2020.zip
ERS-EX-49879-in.idf,Edmonton Intl AP_AB,EDMONTON INTL,CAN_AB_Edmonton.Intl.AP.711230_CWEC2020.zip
ERS-EX-49882-in.idf,Edmonton Intl AP_AB,EDMONTON INTL,CAN_AB_Edmonton.Intl.AP.711230_CWEC2020.zip
ERS-EX-49885-in.idf,Edmonton Intl AP_AB,EDMONTON INTL,CAN_AB_Edmonton.Intl.AP.711230_CWEC2020.zip
ERS-EX-49888-in.idf,Edmonton Intl AP_AB,EDMONTON INTL,CAN_AB_Edmonton.Intl.AP.711230_CWEC2020.zip
ERS-EX-49897-in.idf,Edmonton Intl AP_AB,EDMONTON INTL,CAN_AB_Edmonton.Intl.AP.711230_CWEC2020.zip
ERS-EX-49902-in.idf,Edmonton Intl AP_AB,EDMONTON INTL,CAN_AB_Edmonton.Intl.AP.711230_CWEC2020.zip
ERS-EX-49905-in.idf,Edmonton Intl AP_AB,EDMONTON INTL,CAN_AB_Edmonton.Intl.AP.711230_CWEC2020.zip
ERS-EX-49906-in.idf,Edmonton Intl AP_AB,EDMONTON INTL,CAN_AB_Edmonton.Intl.AP.711230_CWEC2020.zip
ERS-EX-49909-in.idf,Edmonton Intl AP_AB,EDMONTON INTL,CAN_AB_Edmonton.Intl.AP.711230_CWEC2020.zip
ERS-EX-4991-in.idf,Baie Comeau_QC,BAIE-COMEAU,CAN_QC_Baie.Comeau.718290_CWEC2020.zip
ERS-EX-49910-in.idf,Edmonton Intl AP_AB,EDMONTON INTL,CAN_AB_Edmonton.Intl.AP.711230_CWEC2020.zip
ERS-EX-49912-in.idf,Edmonton Intl AP_AB,EDMONTON INTL,CAN_AB_Edmonton.Intl.AP.711230_CWEC2020.zip
ERS-EX-49913-in.idf,Edmonton Intl AP_AB,EDMONTON INTL,CAN_AB_Edmonton.Intl.AP.711230_CWEC2020.zip
ERS-EX-49916-in.idf,Edmonton Intl AP_AB,EDMONTON INTL,CAN_AB_Edmonton.Intl.AP.711230_CWEC2020.zip
ERS-EX-4992-in.idf,Baie Comeau_QC,BAIE-COMEAU,CAN_QC_Baie.Comeau.718290_CWEC2020.zip
ERS-EX-49923-in.idf,Edmonton Intl AP_AB,EDMONTON INTL,CAN_AB_Edmonton.Intl.AP.711230_CWEC2020.zip
ERS-EX-49936-in.idf,Edmonton Intl AP_AB,EDMONTON INTL,CAN_AB_Edmonton.Intl.AP.711230_CWEC2020.zip
ERS-EX-4994-in.idf,Sept Iles AP_QC,SEPT ILES,CAN_QC_Sept.Iles.AP.718110_CWEC2020.zip
ERS-EX-49942-in.idf,Edmonton Intl AP_AB,EDMONTON INTL,CAN_AB_Edmonton.Intl.AP.711230_CWEC2020.zip
ERS-EX-49944-in.idf,Edmonton Intl AP_AB,EDMONTON INTL,CAN_AB_Edmonton.Intl.AP.711230_CWEC2020.zip
ERS-EX-49954-in.idf,Edmonton Intl AP_AB,EDMONTON INTL,CAN_AB_Edmonton.Intl.AP.711230_CWEC2020.zip
ERS-EX-49957-in.idf,Edmonton Intl AP_AB,EDMONTON INTL,CAN_AB_Edmonton.Intl.AP.711230_CWEC2020.zip
ERS-EX-49961-in.idf,Edmonton Intl AP_AB,EDMONTON INTL,CAN_AB_Edmonton.Intl.AP.711230_CWEC2020.zip
ERS-EX-49966-in.idf,Edmonton Intl AP_AB,EDMONTON INTL,CAN_AB_Edmonton.Intl.AP.711230_CWEC2020.zip
ERS-EX-49967-in.idf,Edmonton Intl AP_AB,EDMONTON INTL,CAN_AB_Edmonton.Intl.AP.711230_CWEC2020.zip
ERS-EX-49976-in.idf,Edmonton Intl AP_AB,EDMONTON INTL,CAN_AB_Edmonton.Intl.AP.711230_CWEC2020.zip
ERS-EX-4998-in.idf,Quebec Intl AP_QC,QUEBEC INTL,CAN_QC_Quebec.Intl.AP.717140_CWEC2020.zip
ERS-EX-49980-in.idf,Edmonton Intl AP_AB,EDMONTON INTL,CAN_AB_Edmonton.Intl.AP.711230_CWEC2020.zip
ERS-EX-49981-in.idf,Edmonton Intl AP_AB,EDMONTON INTL,CAN_AB_Edmonton.Intl.AP.711230_CWEC2020.zip
ERS-EX-49983-in.idf,Edmonton Intl AP_AB,EDMONTON INTL,CAN_AB_Edmonton.Intl.AP.711230_CWEC2020.zip
ERS-EX-49989-in.idf,Edmonton Intl AP_AB,EDMONTON INTL,CAN_AB_Edmonton.Intl.AP.711230_CWEC2020.zip
ERS-EX-49991-in.idf,Edmonton Intl AP_AB,EDMONTON INTL,CAN_AB_Edmonton.Intl.AP.711230_CWEC2020.zip
ERS-EX-49996-in.idf,Edmonton Intl AP_AB,EDMONTON INTL,CAN_AB_Edmonton.Intl.AP.711230_CWEC2020.zip
ERS-EX-50004-in.idf,Edmonton Intl AP_AB,EDMONTON INTL,CAN_AB_Edmonton.Intl.AP.711230_CWEC2020.zip
ERS-EX-50010-in.idf,Edmonton Intl AP_AB,EDMONTON INTL,CAN_AB_Edmonton.Intl.AP.711230_CWEC2020.zip
ERS-EX-50016-in.idf,Edmonton Intl AP_AB,EDMONTON INTL,CAN_AB_Edmonton.Intl.AP.711230_CWEC2020.zip
ERS-EX-50026-in.idf,Edmonton Intl AP_AB,EDMONTON INTL,CAN_AB_Edmonton.Intl.AP.711230_CWEC2020.zip
ERS-EX-50027-in.idf,Edmonton Intl AP_AB,EDMONTON INTL,CAN_AB_Edmonton.Intl.AP.711230_CWEC2020.zip
ERS-EX-50032-in.idf,Edmonton Intl AP_AB,EDMONTON INTL,CAN_AB_Edmonton.Intl.AP.711230_CWEC2020.zip
ERS-EX-50040-in.idf,Edmonton Intl AP_AB,EDMONTON INTL,CAN_AB_Edmonton.Intl.AP.711230_CWEC2020.zip
ERS-EX-50043-in.idf,Edmonton Intl AP_AB,EDMONTON INTL,CAN_AB_Edmonton.Intl.AP.711230_CWEC2020.zip
ERS-EX-50046-in.idf,Edmonton Intl AP_AB,EDMONTON INTL,CAN_AB_Edmonton.Intl.AP.711230_CWEC2020.zip
ERS-EX-50049-in.idf,Edmonton Intl AP_AB,EDMONTON INTL,CAN_AB_Edmonton.Intl.AP.711230_CWEC2020.zip
ERS-EX-50055-in.idf,Edmonton Intl AP_AB,EDMONTON INTL,CAN_AB_Edmonton.Intl.AP.711230_CWEC2020.zip
ERS-EX-50075-in.idf,Edmonton Intl AP_AB,EDMONTON INTL,CAN_AB_Edmonton.Intl.AP.711230_CWEC2020.zip
ERS-EX-5008-in.idf,Quebec Intl AP_QC,QUEBEC INTL,CAN_QC_Quebec.Intl.AP.717140_CWEC2020.zip
ERS-EX-50080-in.idf,Edmonton Intl AP_AB,EDMONTON INTL,CAN_AB_Edmonton.Intl.AP.711230_CWEC2020.zip
ERS-EX-50081-in.idf,Edmonton Intl AP_AB,EDMONTON INTL,CAN_AB_Edmonton.Intl.AP.711230_CWEC2020.zip
ERS-EX-50082-in.idf,Edmonton Intl AP_AB,EDMONTON INTL,CAN_AB_Edmonton.Intl.AP.711230_CWEC2020.zip
ERS-EX-50083-in.idf,Edmonton Intl AP_AB,EDMONTON INTL,CAN_AB_Edmonton.Intl.AP.711230_CWEC2020.zip
ERS-EX-50085-in.idf,Edmonton Intl AP_AB,EDMONTON INTL,CAN_AB_Edmonton.Intl.AP.711230_CWEC2020.zip
ERS-EX-50086-in.idf,Edmonton Intl AP_AB,EDMONTON INTL,CAN_AB_Edmonton.Intl.AP.711230_CWEC2020.zip
ERS-EX-50087-in.idf,Edmonton Intl AP_AB,EDMONTON INTL,CAN_AB_Edmonton.Intl.AP.711230_CWEC2020.zip
ERS-EX-50088-in.idf,Edmonton Intl AP_AB,EDMONTON INTL,CAN_AB_Edmonton.Intl.AP.711230_CWEC2020.zip
ERS-EX-50091-in.idf,Edmonton Intl AP_AB,EDMONTON INTL,CAN_AB_Edmonton.Intl.AP.711230_CWEC2020.zip
ERS-EX-50094-in.idf,Edmonton Intl AP_AB,EDMONTON INTL,CAN_AB_Edmonton.Intl.AP.711230_CWEC2020.zip
ERS-EX-50097-in.idf,Edmonton Intl AP_AB,EDMONTON INTL,CAN_AB_Edmonton.Intl.AP.711230_CWEC2020.zip
ERS-EX-5010-in.idf,Quebec Intl AP_QC,QUEBEC INTL,CAN_QC_Quebec.Intl.AP.717140_CWEC2020.zip
ERS-EX-50100-in.idf,Edmonton Intl AP_AB,EDMONTON INTL,CAN_AB_Edmonton.Intl.AP.711230_CWEC2020.zip
ERS-EX-50104-in.idf,Edmonton Intl AP_AB,EDMONTON INTL,CAN_AB_Edmonton.Intl.AP.711230_CWEC2020.zip
ERS-EX-50105-in.idf,Edmonton Intl AP_AB,EDMONTON INTL,CAN_AB_Edmonton.Intl.AP.711230_CWEC2020.zip
ERS-EX-50107-in.idf,Edmonton Intl AP_AB,EDMONTON INTL,CAN_AB_Edmonton.Intl.AP.711230_CWEC2020.zip
ERS-EX-50109-in.idf,Edmonton Intl AP_AB,EDMONTON INTL,CAN_AB_Edmonton.Intl.AP.711230_CWEC2020.zip
ERS-EX-50129-in.idf,Edmonton Intl AP_AB,EDMONTON INTL,CAN_AB_Edmonton.Intl.AP.711230_CWEC2020.zip
ERS-EX-50134-in.idf,Edmonton Intl AP_AB,EDMONTON INTL,CAN_AB_Edmonton.Intl.AP.711230_CWEC2020.zip
ERS-EX-50137-in.idf,Edmonton Intl AP_AB,EDMONTON INTL,CAN_AB_Edmonton.Intl.AP.711230_CWEC2020.zip
ERS-EX-50138-in.idf,Edmonton Intl AP_AB,EDMONTON INTL,CAN_AB_Edmonton.Intl.AP.711230_CWEC2020.zip
ERS-EX-5014-in.idf,Quebec Intl AP_QC,QUEBEC INTL,CAN_QC_Quebec.Intl.AP.717140_CWEC2020.zip
ERS-EX-50142-in.idf,Edmonton Intl AP_AB,EDMONTON INTL,CAN_AB_Edmonton.Intl.AP.711230_CWEC2020.zip
ERS-EX-50144-in.idf,Edmonton Intl AP_AB,EDMONTON INTL,CAN_AB_Edmonton.Intl.AP.711230_CWEC2020.zip
ERS-EX-50154-in.idf,Edmonton Intl AP_AB,EDMONTON INTL,CAN_AB_Edmonton.Intl.AP.711230_CWEC2020.zip
ERS-EX-50155-in.idf,Edmonton Intl AP_AB,EDMONTON INTL,CAN_AB_Edmonton.Intl.AP.711230_CWEC2020.zip
ERS-EX-50156-in.idf,Edmonton Intl AP_AB,EDMONTON INTL,CAN_AB_Edmonton.Intl.AP.711230_CWEC2020.zip
ERS-EX-50158-in.idf,Edmonton Intl AP_AB,EDMONTON INTL,CAN_AB_Edmonton.Intl.AP.711230_CWEC2020.zip
ERS-EX-5016-in.idf,Quebec Intl AP_QC,QUEBEC INTL,CAN_QC_Quebec.Intl.AP.717140_CWEC2020.zip
ERS-EX-50160-in.idf,Edmonton Intl AP_AB,EDMONTON INTL,CAN_AB_Edmonton.Intl.AP.711230_CWEC2020.zip
ERS-EX-50161-in.idf,Edmonton Intl AP_AB,EDMONTON INTL,CAN_AB_Edmonton.Intl.AP.711230_CWEC2020.zip
ERS-EX-50162-in.idf,Edmonton Intl AP_AB,EDMONTON INTL,CAN_AB_Edmonton.Intl.AP.711230_CWEC2020.zip
ERS-EX-50163-in.idf,Edmonton Intl AP_AB,EDMONTON INTL,CAN_AB_Edmonton.Intl.AP.711230_CWEC2020.zip
ERS-EX-50164-in.idf,Edmonton Intl AP_AB,EDMONTON INTL,CAN_AB_Edmonton.Intl.AP.711230_CWEC2020.zip
ERS-EX-50171-in.idf,Edmonton Intl AP_AB,EDMONTON INTL,CAN_AB_Edmonton.Intl.AP.711230_CWEC2020.zip
ERS-EX-50172-in.idf,Edmonton Intl AP_AB,EDMONTON INTL,CAN_AB_Edmonton.Intl.AP.711230_CWEC2020.zip
ERS-EX-50174-in.idf,Edmonton Intl AP_AB,EDMONTON INTL,CAN_AB_Edmonton.Intl.AP.711230_CWEC2020.zip
ERS-EX-50179-in.idf,Edmonton Intl AP_AB,EDMONTON INTL,CAN_AB_Edmonton.Intl.AP.711230_CWEC2020.zip
ERS-EX-5018-in.idf,Quebec Intl AP_QC,QUEBEC INTL,CAN_QC_Quebec.Intl.AP.717140_CWEC2020.zip
ERS-EX-50180-in.idf,Edmonton Intl AP_AB,EDMONTON INTL,CAN_AB_Edmonton.Intl.AP.711230_CWEC2020.zip
ERS-EX-50183-in.idf,Edmonton Intl AP_AB,EDMONTON INTL,CAN_AB_Edmonton.Intl.AP.711230_CWEC2020.zip
ERS-EX-50184-in.idf,Edmonton Intl AP_AB,EDMONTON INTL,CAN_AB_Edmonton.Intl.AP.711230_CWEC2020.zip
ERS-EX-50185-in.idf,Edmonton Intl AP_AB,EDMONTON INTL,CAN_AB_Edmonton.Intl.AP.711230_CWEC2020.zip
ERS-EX-50189-in.idf,Edmonton Intl AP_AB,EDMONTON INTL,CAN_AB_Edmonton.Intl.AP.711230_CWEC2020.zip
ERS-EX-50196-in.idf,Edmonton Intl AP_AB,EDMONTON INTL,CAN_AB_Edmonton.Intl.AP.711230_CWEC2020.zip
ERS-EX-5020-in.idf,Quebec Intl AP_QC,QUEBEC INTL,CAN_QC_Quebec.Intl.AP.717140_CWEC2020.zip
ERS-EX-50208-in.idf,Edmonton Intl AP_AB,EDMONTON INTL,CAN_AB_Edmonton.Intl.AP.711230_CWEC2020.zip
ERS-EX-50213-in.idf,Edmonton Intl AP_AB,EDMONTON INTL,CAN_AB_Edmonton.Intl.AP.711230_CWEC2020.zip
ERS-EX-50215-in.idf,Edmonton Intl AP_AB,EDMONTON INTL,CAN_AB_Edmonton.Intl.AP.711230_CWEC2020.zip
ERS-EX-5022-in.idf,Quebec Intl AP_QC,QUEBEC INTL,CAN_QC_Quebec.Intl.AP.717140_CWEC2020.zip
ERS-EX-50223-in.idf,Edmonton Intl AP_AB,EDMONTON INTL,CAN_AB_Edmonton.Intl.AP.711230_CWEC2020.zip
ERS-EX-50227-in.idf,Edmonton Intl AP_AB,EDMONTON INTL,CAN_AB_Edmonton.Intl.AP.711230_CWEC2020.zip
ERS-EX-50231-in.idf,Edmonton Intl AP_AB,EDMONTON INTL,CAN_AB_Edmonton.Intl.AP.711230_CWEC2020.zip
ERS-EX-50233-in.idf,Edmonton Intl AP_AB,EDMONTON INTL,CAN_AB_Edmonton.Intl.AP.711230_CWEC2020.zip
ERS-EX-50234-in.idf,Edmonton Intl AP_AB,EDMONTON INTL,CAN_AB_Edmonton.Intl.AP.711230_CWEC2020.zip
ERS-EX-50235-in.idf,Edmonton Intl AP_AB,EDMONTON INTL,CAN_AB_Edmonton.Intl.AP.711230_CWEC2020.zip
ERS-EX-50239-in.idf,Edmonton Intl AP_AB,EDMONTON INTL,CAN_AB_Edmonton.Intl.AP.711230_CWEC2020.zip
ERS-EX-5024-in.idf,Quebec Intl AP_QC,QUEBEC INTL,CAN_QC_Quebec.Intl.AP.717140_CWEC2020.zip
ERS-EX-50241-in.idf,Edmonton Intl AP_AB,EDMONTON INTL,CAN_AB_Edmonton.Intl.AP.711230_CWEC2020.zip
ERS-EX-5025-in.idf,Quebec Intl AP_QC,QUEBEC INTL,CAN_QC_Quebec.Intl.AP.717140_CWEC2020.zip
ERS-EX-50261-in.idf,Edmonton Intl AP_AB,EDMONTON INTL,CAN_AB_Edmonton.Intl.AP.711230_CWEC2020.zip
ERS-EX-50264-in.idf,Edmonton Intl AP_AB,EDMONTON INTL,CAN_AB_Edmonton.Intl.AP.711230_CWEC2020.zip
ERS-EX-50266-in.idf,Edmonton Intl AP_AB,EDMONTON INTL,CAN_AB_Edmonton.Intl.AP.711230_CWEC2020.zip
ERS-EX-5027-in.idf,Quebec Intl AP_QC,QUEBEC INTL,CAN_QC_Quebec.Intl.AP.717140_CWEC2020.zip
ERS-EX-50275-in.idf,Edmonton Intl AP_AB,EDMONTON INTL,CAN_AB_Edmonton.Intl.AP.711230_CWEC2020.zip
ERS-EX-5029-in.idf,Quebec Intl AP_QC,QUEBEC INTL,CAN_QC_Quebec.Intl.AP.717140_CWEC2020.zip
ERS-EX-50294-in.idf,Edmonton Intl AP_AB,EDMONTON INTL,CAN_AB_Edmonton.Intl.AP.711230_CWEC2020.zip
ERS-EX-5030-in.idf,Quebec Intl AP_QC,QUEBEC INTL,CAN_QC_Quebec.Intl.AP.717140_CWEC2020.zip
ERS-EX-50301-in.idf,Edmonton Intl AP_AB,EDMONTON INTL,CAN_AB_Edmonton.Intl.AP.711230_CWEC2020.zip
ERS-EX-50302-in.idf,Edmonton Intl AP_AB,EDMONTON INTL,CAN_AB_Edmonton.Intl.AP.711230_CWEC2020.zip
ERS-EX-50304-in.idf,Edmonton Intl AP_AB,EDMONTON INTL,CAN_AB_Edmonton.Intl.AP.711230_CWEC2020.zip
ERS-EX-50305-in.idf,Edmonton Intl AP_AB,EDMONTON INTL,CAN_AB_Edmonton.Intl.AP.711230_CWEC2020.zip
ERS-EX-5031-in.idf,Quebec Intl AP_QC,QUEBEC INTL,CAN_QC_Quebec.Intl.AP.717140_CWEC2020.zip
ERS-EX-50324-in.idf,Ottawa Intl AP_ON,OTTAWA INTL,CAN_ON_Ottawa.Intl.AP.716280_CWEC2020.zip
ERS-EX-5035-in.idf,Quebec Intl AP_QC,QUEBEC INTL,CAN_QC_Quebec.Intl.AP.717140_CWEC2020.zip
ERS-EX-50356-in.idf,Ottawa Intl AP_ON,OTTAWA INTL,CAN_ON_Ottawa.Intl.AP.716280_CWEC2020.zip
ERS-EX-5036-in.idf,Quebec Intl AP_QC,QUEBEC INTL,CAN_QC_Quebec.Intl.AP.717140_CWEC2020.zip
ERS-EX-50364-in.idf,Ottawa Intl AP_ON,OTTAWA INTL,CAN_ON_Ottawa.Intl.AP.716280_CWEC2020.zip
ERS-EX-5037-in.idf,Quebec Intl AP_QC,QUEBEC INTL,CAN_QC_Quebec.Intl.AP.717140_CWEC2020.zip
ERS-EX-50384-in.idf,Ottawa Intl AP_ON,OTTAWA INTL,CAN_ON_Ottawa.Intl.AP.716280_CWEC2020.zip
ERS-EX-50395-in.idf,Ottawa Intl AP_ON,OTTAWA INTL,CAN_ON_Ottawa.Intl.AP.716280_CWEC2020.zip
ERS-EX-5040-in.idf,Quebec Intl AP_QC,QUEBEC INTL,CAN_QC_Quebec.Intl.AP.717140_CWEC2020.zip
ERS-EX-5044-in.idf,Quebec Intl AP_QC,QUEBEC INTL,CAN_QC_Quebec.Intl.AP.717140_CWEC2020.zip
ERS-EX-50447-in.idf,Point Petre AUT_ON,POINT PETRE,CAN_ON_Point.Petre.AUT.714300_CWEC2020.zip
ERS-EX-50485-in.idf,Ottawa Intl AP_ON,OTTAWA INTL,CAN_ON_Ottawa.Intl.AP.716280_CWEC2020.zip
ERS-EX-5049-in.idf,Quebec Intl AP_QC,QUEBEC INTL,CAN_QC_Quebec.Intl.AP.717140_CWEC2020.zip
ERS-EX-50495-in.idf,Edmonton Intl AP_AB,EDMONTON INTL,CAN_AB_Edmonton.Intl.AP.711230_CWEC2020.zip
ERS-EX-50498-in.idf,Edmonton Intl AP_AB,EDMONTON INTL,CAN_AB_Edmonton.Intl.AP.711230_CWEC2020.zip
ERS-EX-50499-in.idf,Edmonton Intl AP_AB,EDMONTON INTL,CAN_AB_Edmonton.Intl.AP.711230_CWEC2020.zip
ERS-EX-50503-in.idf,Edmonton Intl AP_AB,EDMONTON INTL,CAN_AB_Edmonton.Intl.AP.711230_CWEC2020.zip
ERS-EX-50517-in.idf,Edmonton Intl AP_AB,EDMONTON INTL,CAN_AB_Edmonton.Intl.AP.711230_CWEC2020.zip
ERS-EX-5052-in.idf,Quebec Intl AP_QC,QUEBEC INTL,CAN_QC_Quebec.Intl.AP.717140_CWEC2020.zip
ERS-EX-50522-in.idf,Edmonton Intl AP_AB,EDMONTON INTL,CAN_AB_Edmonton.Intl.AP.711230_CWEC2020.zip
ERS-EX-50526-in.idf,Edmonton Intl AP_AB,EDMONTON INTL,CAN_AB_Edmonton.Intl.AP.711230_CWEC2020.zip
ERS-EX-5053-in.idf,Quebec Intl AP_QC,QUEBEC INTL,CAN_QC_Quebec.Intl.AP.717140_CWEC2020.zip
ERS-EX-50531-in.idf,Edmonton Intl AP_AB,EDMONTON INTL,CAN_AB_Edmonton.Intl.AP.711230_CWEC2020.zip
ERS-EX-50548-in.idf,Edmonton Intl AP_AB,EDMONTON INTL,CAN_AB_Edmonton.Intl.AP.711230_CWEC2020.zip
ERS-EX-50554-in.idf,Edmonton Intl AP_AB,EDMONTON INTL,CAN_AB_Edmonton.Intl.AP.711230_CWEC2020.zip
ERS-EX-50557-in.idf,Edmonton Intl AP_AB,EDMONTON INTL,CAN_AB_Edmonton.Intl.AP.711230_CWEC2020.zip
ERS-EX-50560-in.idf,Edmonton Intl AP_AB,EDMONTON INTL,CAN_AB_Edmonton.Intl.AP.711230_CWEC2020.zip
ERS-EX-50574-in.idf,Edmonton Intl AP_AB,EDMONTON INTL,CAN_AB_Edmonton.Intl.AP.711230_CWEC2020.zip
ERS-EX-50591-in.idf,Edmonton Intl AP_AB,EDMONTON INTL,CAN_AB_Edmonton.Intl.AP.711230_CWEC2020.zip
ERS-EX-50592-in.idf,Edmonton Intl AP_AB,EDMONTON INTL,CAN_AB_Edmonton.Intl.AP.711230_CWEC2020.zip
ERS-EX-50598-in.idf,Edmonton Intl AP_AB,EDMONTON INTL,CAN_AB_Edmonton.Intl.AP.711230_CWEC2020.zip
ERS-EX-5060-in.idf,Quebec Intl AP_QC,QUEBEC INTL,CAN_QC_Quebec.Intl.AP.717140_CWEC2020.zip
ERS-EX-50600-in.idf,Edmonton Intl AP_AB,EDMONTON INTL,CAN_AB_Edmonton.Intl.AP.711230_CWEC2020.zip
ERS-EX-50602-in.idf,Edmonton Intl AP_AB,EDMONTON INTL,CAN_AB_Edmonton.Intl.AP.711230_CWEC2020.zip
ERS-EX-50606-in.idf,Edmonton Intl AP_AB,EDMONTON INTL,CAN_AB_Edmonton.Intl.AP.711230_CWEC2020.zip
ERS-EX-50612-in.idf,Edmonton Intl AP_AB,EDMONTON INTL,CAN_AB_Edmonton.Intl.AP.711230_CWEC2020.zip
ERS-EX-50615-in.idf,Edmonton Intl AP_AB,EDMONTON INTL,CAN_AB_Edmonton.Intl.AP.711230_CWEC2020.zip
ERS-EX-50625-in.idf,Edmonton Intl AP_AB,EDMONTON INTL,CAN_AB_Edmonton.Intl.AP.711230_CWEC2020.zip
ERS-EX-50634-in.idf,Edmonton Intl AP_AB,EDMONTON INTL,CAN_AB_Edmonton.Intl.AP.711230_CWEC2020.zip
ERS-EX-50637-in.idf,Edmonton Intl AP_AB,EDMONTON INTL,CAN_AB_Edmonton.Intl.AP.711230_CWEC2020.zip
ERS-EX-50638-in.idf,Edmonton Intl AP_AB,EDMONTON INTL,CAN_AB_Edmonton.Intl.AP.711230_CWEC2020.zip
ERS-EX-50639-in.idf,Edmonton Intl AP_AB,EDMONTON INTL,CAN_AB_Edmonton.Intl.AP.711230_CWEC2020.zip
ERS-EX-5064-in.idf,Quebec Intl AP_QC,QUEBEC INTL,CAN_QC_Quebec.Intl.AP.717140_CWEC2020.zip
ERS-EX-50641-in.idf,Edmonton Intl AP_AB,EDMONTON INTL,CAN_AB_Edmonton.Intl.AP.711230_CWEC2020.zip
ERS-EX-5065-in.idf,Quebec Intl AP_QC,QUEBEC INTL,CAN_QC_Quebec.Intl.AP.717140_CWEC2020.zip
ERS-EX-50651-in.idf,Edmonton Intl AP_AB,EDMONTON INTL,CAN_AB_Edmonton.Intl.AP.711230_CWEC2020.zip
ERS-EX-50657-in.idf,Edmonton Intl AP_AB,EDMONTON INTL,CAN_AB_Edmonton.Intl.AP.711230_CWEC2020.zip
ERS-EX-5066-in.idf,Quebec Intl AP_QC,QUEBEC INTL,CAN_QC_Quebec.Intl.AP.717140_CWEC2020.zip
ERS-EX-50664-in.idf,Edmonton Intl AP_AB,EDMONTON INTL,CAN_AB_Edmonton.Intl.AP.711230_CWEC2020.zip
ERS-EX-50665-in.idf,Edmonton Intl AP_AB,EDMONTON INTL,CAN_AB_Edmonton.Intl.AP.711230_CWEC2020.zip
ERS-EX-5067-in.idf,Quebec Intl AP_QC,QUEBEC INTL,CAN_QC_Quebec.Intl.AP.717140_CWEC2020.zip
ERS-EX-50676-in.idf,Edmonton Intl AP_AB,EDMONTON INTL,CAN_AB_Edmonton.Intl.AP.711230_CWEC2020.zip
ERS-EX-50686-in.idf,Edmonton Intl AP_AB,EDMONTON INTL,CAN_AB_Edmonton.Intl.AP.711230_CWEC2020.zip
ERS-EX-50687-in.idf,Edmonton Intl AP_AB,EDMONTON INTL,CAN_AB_Edmonton.Intl.AP.711230_CWEC2020.zip
ERS-EX-50688-in.idf,Edmonton Intl AP_AB,EDMONTON INTL,CAN_AB_Edmonton.Intl.AP.711230_CWEC2020.zip
ERS-EX-5069-in.idf,Quebec Intl AP_QC,QUEBEC INTL,CAN_QC_Quebec.Intl.AP.717140_CWEC2020.zip
ERS-EX-50691-in.idf,Edmonton Intl AP_AB,EDMONTON INTL,CAN_AB_Edmonton.Intl.AP.711230_CWEC2020.zip
ERS-EX-50695-in.idf,Edmonton Intl AP_AB,EDMONTON INTL,CAN_AB_Edmonton.Intl.AP.711230_CWEC2020.zip
ERS-EX-50696-in.idf,Edmonton Intl AP_AB,EDMONTON INTL,CAN_AB_Edmonton.Intl.AP.711230_CWEC2020.zip
ERS-EX-5070-in.idf,Quebec Intl AP_QC,QUEBEC INTL,CAN_QC_Quebec.Intl.AP.717140_CWEC2020.zip
ERS-EX-50700-in.idf,Edmonton Intl AP_AB,EDMONTON INTL,CAN_AB_Edmonton.Intl.AP.711230_CWEC2020.zip
ERS-EX-50701-in.idf,Edmonton Intl AP_AB,EDMONTON INTL,CAN_AB_Edmonton.Intl.AP.711230_CWEC2020.zip
ERS-EX-50708-in.idf,Edmonton Intl AP_AB,EDMONTON INTL,CAN_AB_Edmonton.Intl.AP.711230_CWEC2020.zip
ERS-EX-5071-in.idf,Quebec Intl AP_QC,QUEBEC INTL,CAN_QC_Quebec.Intl.AP.717140_CWEC2020.zip
ERS-EX-50712-in.idf,Edmonton Intl AP_AB,EDMONTON INTL,CAN_AB_Edmonton.Intl.AP.711230_CWEC2020.zip
ERS-EX-50716-in.idf,Edmonton Intl AP_AB,EDMONTON INTL,CAN_AB_Edmonton.Intl.AP.711230_CWEC2020.zip
ERS-EX-50719-in.idf,Edmonton Intl AP_AB,EDMONTON INTL,CAN_AB_Edmonton.Intl.AP.711230_CWEC2020.zip
ERS-EX-5072-in.idf,Quebec Intl AP_QC,QUEBEC INTL,CAN_QC_Quebec.Intl.AP.717140_CWEC2020.zip
ERS-EX-50724-in.idf,Edmonton Intl AP_AB,EDMONTON INTL,CAN_AB_Edmonton.Intl.AP.711230_CWEC2020.zip
ERS-EX-50726-in.idf,Edmonton Intl AP_AB,EDMONTON INTL,CAN_AB_Edmonton.Intl.AP.711230_CWEC2020.zip
ERS-EX-50737-in.idf,Edmonton Intl AP_AB,EDMONTON INTL,CAN_AB_Edmonton.Intl.AP.711230_CWEC2020.zip
ERS-EX-5074-in.idf,Quebec Intl AP_QC,QUEBEC INTL,CAN_QC_Quebec.Intl.AP.717140_CWEC2020.zip
ERS-EX-50741-in.idf,Edmonton Intl AP_AB,EDMONTON INTL,CAN_AB_Edmonton.Intl.AP.711230_CWEC2020.zip
ERS-EX-50742-in.idf,Edmonton Intl AP_AB,EDMONTON INTL,CAN_AB_Edmonton.Intl.AP.711230_CWEC2020.zip
ERS-EX-50745-in.idf,Edmonton Intl AP_AB,EDMONTON INTL,CAN_AB_Edmonton.Intl.AP.711230_CWEC2020.zip
ERS-EX-50757-in.idf,Edmonton Intl AP_AB,EDMONTON INTL,CAN_AB_Edmonton.Intl.AP.711230_CWEC2020.zip
ERS-EX-5076-in.idf,Quebec Intl AP_QC,QUEBEC INTL,CAN_QC_Quebec.Intl.AP.717140_CWEC2020.zip
ERS-EX-50764-in.idf,Edmonton Intl AP_AB,EDMONTON INTL,CAN_AB_Edmonton.Intl.AP.711230_CWEC2020.zip
ERS-EX-50768-in.idf,Edmonton Intl AP_AB,EDMONTON INTL,CAN_AB_Edmonton.Intl.AP.711230_CWEC2020.zip
ERS-EX-5078-in.idf,Quebec Intl AP_QC,QUEBEC INTL,CAN_QC_Quebec.Intl.AP.717140_CWEC2020.zip
ERS-EX-50780-in.idf,Edmonton Intl AP_AB,EDMONTON INTL,CAN_AB_Edmonton.Intl.AP.711230_CWEC2020.zip
ERS-EX-50786-in.idf,Edmonton Intl AP_AB,EDMONTON INTL,CAN_AB_Edmonton.Intl.AP.711230_CWEC2020.zip
ERS-EX-5079-in.idf,Quebec Intl AP_QC,QUEBEC INTL,CAN_QC_Quebec.Intl.AP.717140_CWEC2020.zip
ERS-EX-50791-in.idf,Edmonton Intl AP_AB,EDMONTON INTL,CAN_AB_Edmonton.Intl.AP.711230_CWEC2020.zip
ERS-EX-50792-in.idf,Edmonton Intl AP_AB,EDMONTON INTL,CAN_AB_Edmonton.Intl.AP.711230_CWEC2020.zip
ERS-EX-50797-in.idf,Edmonton Intl AP_AB,EDMONTON INTL,CAN_AB_Edmonton.Intl.AP.711230_CWEC2020.zip
ERS-EX-50802-in.idf,Edmonton Intl AP_AB,EDMONTON INTL,CAN_AB_Edmonton.Intl.AP.711230_CWEC2020.zip
ERS-EX-50803-in.idf,Edmonton Intl AP_AB,EDMONTON INTL,CAN_AB_Edmonton.Intl.AP.711230_CWEC2020.zip
ERS-EX-50804-in.idf,Edmonton Intl AP_AB,EDMONTON INTL,CAN_AB_Edmonton.Intl.AP.711230_CWEC2020.zip
ERS-EX-50805-in.idf,Edmonton Intl AP_AB,EDMONTON INTL,CAN_AB_Edmonton.Intl.AP.711230_CWEC2020.zip
ERS-EX-50807-in.idf,Edmonton Intl AP_AB,EDMONTON INTL,CAN_AB_Edmonton.Intl.AP.711230_CWEC2020.zip
ERS-EX-5081-in.idf,Quebec Intl AP_QC,QUEBEC INTL,CAN_QC_Quebec.Intl.AP.717140_CWEC2020.zip
ERS-EX-5083-in.idf,Quebec Intl AP_QC,QUEBEC INTL,CAN_QC_Quebec.Intl.AP.717140_CWEC2020.zip
ERS-EX-50833-in.idf,Edmonton Intl AP_AB,EDMONTON INTL,CAN_AB_Edmonton.Intl.AP.711230_CWEC2020.zip
ERS-EX-50835-in.idf,Edmonton Intl AP_AB,EDMONTON INTL,CAN_AB_Edmonton.Intl.AP.711230_CWEC2020.zip
ERS-EX-50837-in.idf,Edmonton Intl AP_AB,EDMONTON INTL,CAN_AB_Edmonton.Intl.AP.711230_CWEC2020.zip
ERS-EX-50841-in.idf,Edmonton Intl AP_AB,EDMONTON INTL,CAN_AB_Edmonton.Intl.AP.711230_CWEC2020.zip
ERS-EX-50848-in.idf,Edmonton Intl AP_AB,EDMONTON INTL,CAN_AB_Edmonton.Intl.AP.711230_CWEC2020.zip
ERS-EX-50851-in.idf,Edmonton Intl AP_AB,EDMONTON INTL,CAN_AB_Edmonton.Intl.AP.711230_CWEC2020.zip
ERS-EX-50856-in.idf,Edmonton Intl AP_AB,EDMONTON INTL,CAN_AB_Edmonton.Intl.AP.711230_CWEC2020.zip
ERS-EX-5086-in.idf,Quebec Intl AP_QC,QUEBEC INTL,CAN_QC_Quebec.Intl.AP.717140_CWEC2020.zip
ERS-EX-50863-in.idf,Edmonton Intl AP_AB,EDMONTON INTL,CAN_AB_Edmonton.Intl.AP.711230_CWEC2020.zip
ERS-EX-50865-in.idf,Edmonton Intl AP_AB,EDMONTON INTL,CAN_AB_Edmonton.Intl.AP.711230_CWEC2020.zip
ERS-EX-5087-in.idf,Quebec Intl AP_QC,QUEBEC INTL,CAN_QC_Quebec.Intl.AP.717140_CWEC2020.zip
ERS-EX-50872-in.idf,Edmonton Intl AP_AB,EDMONTON INTL,CAN_AB_Edmonton.Intl.AP.711230_CWEC2020.zip
ERS-EX-50875-in.idf,Edmonton Intl AP_AB,EDMONTON INTL,CAN_AB_Edmonton.Intl.AP.711230_CWEC2020.zip
ERS-EX-50879-in.idf,Edmonton Intl AP_AB,EDMONTON INTL,CAN_AB_Edmonton.Intl.AP.711230_CWEC2020.zip
ERS-EX-5088-in.idf,Quebec Intl AP_QC,QUEBEC INTL,CAN_QC_Quebec.Intl.AP.717140_CWEC2020.zip
ERS-EX-50882-in.idf,Edmonton Intl AP_AB,EDMONTON INTL,CAN_AB_Edmonton.Intl.AP.711230_CWEC2020.zip
ERS-EX-50883-in.idf,Edmonton Intl AP_AB,EDMONTON INTL,CAN_AB_Edmonton.Intl.AP.711230_CWEC2020.zip
ERS-EX-50887-in.idf,Edmonton Intl AP_AB,EDMONTON INTL,CAN_AB_Edmonton.Intl.AP.711230_CWEC2020.zip
ERS-EX-50888-in.idf,Edmonton Intl AP_AB,EDMONTON INTL,CAN_AB_Edmonton.Intl.AP.711230_CWEC2020.zip
ERS-EX-5089-in.idf,Quebec Intl AP_QC,QUEBEC INTL,CAN_QC_Quebec.Intl.AP.717140_CWEC2020.zip
ERS-EX-50902-in.idf,Edmonton Intl AP_AB,EDMONTON INTL,CAN_AB_Edmonton.Intl.AP.711230_CWEC2020.zip
ERS-EX-50904-in.idf,Edmonton Intl AP_AB,EDMONTON INTL,CAN_AB_Edmonton.Intl.AP.711230_CWEC2020.zip
ERS-EX-5091-in.idf,Quebec Intl AP_QC,QUEBEC INTL,CAN_QC_Quebec.Intl.AP.717140_CWEC2020.zip
ERS-EX-50910-in.idf,Edmonton Intl AP_AB,EDMONTON INTL,CAN_AB_Edmonton.Intl.AP.711230_CWEC2020.zip
ERS-EX-50912-in.idf,Edmonton Intl AP_AB,EDMONTON INTL,CAN_AB_Edmonton.Intl.AP.711230_CWEC2020.zip
ERS-EX-50915-in.idf,Edmonton Intl AP_AB,EDMONTON INTL,CAN_AB_Edmonton.Intl.AP.711230_CWEC2020.zip
ERS-EX-5092-in.idf,Quebec Intl AP_QC,QUEBEC INTL,CAN_QC_Quebec.Intl.AP.717140_CWEC2020.zip
ERS-EX-50920-in.idf,Edmonton Intl AP_AB,EDMONTON INTL,CAN_AB_Edmonton.Intl.AP.711230_CWEC2020.zip
ERS-EX-50921-in.idf,Edmonton Intl AP_AB,EDMONTON INTL,CAN_AB_Edmonton.Intl.AP.711230_CWEC2020.zip
ERS-EX-50922-in.idf,Edmonton Intl AP_AB,EDMONTON INTL,CAN_AB_Edmonton.Intl.AP.711230_CWEC2020.zip
ERS-EX-50923-in.idf,Edmonton Intl AP_AB,EDMONTON INTL,CAN_AB_Edmonton.Intl.AP.711230_CWEC2020.zip
ERS-EX-50927-in.idf,Edmonton Intl AP_AB,EDMONTON INTL,CAN_AB_Edmonton.Intl.AP.711230_CWEC2020.zip
ERS-EX-50928-in.idf,Edmonton Intl AP_AB,EDMONTON INTL,CAN_AB_Edmonton.Intl.AP.711230_CWEC2020.zip
ERS-EX-5093-in.idf,Quebec Intl AP_QC,QUEBEC INTL,CAN_QC_Quebec.Intl.AP.717140_CWEC2020.zip
ERS-EX-50930-in.idf,Edmonton Intl AP_AB,EDMONTON INTL,CAN_AB_Edmonton.Intl.AP.711230_CWEC2020.zip
ERS-EX-50931-in.idf,Edmonton Intl AP_AB,EDMONTON INTL,CAN_AB_Edmonton.Intl.AP.711230_CWEC2020.zip
ERS-EX-50938-in.idf,Edmonton Intl AP_AB,EDMONTON INTL,CAN_AB_Edmonton.Intl.AP.711230_CWEC2020.zip
ERS-EX-50939-in.idf,Edmonton Intl AP_AB,EDMONTON INTL,CAN_AB_Edmonton.Intl.AP.711230_CWEC2020.zip
ERS-EX-50941-in.idf,Edmonton Intl AP_AB,EDMONTON INTL,CAN_AB_Edmonton.Intl.AP.711230_CWEC2020.zip
ERS-EX-50946-in.idf,Edmonton Intl AP_AB,EDMONTON INTL,CAN_AB_Edmonton.Intl.AP.711230_CWEC2020.zip
ERS-EX-50947-in.idf,Edmonton Intl AP_AB,EDMONTON INTL,CAN_AB_Edmonton.Intl.AP.711230_CWEC2020.zip
ERS-EX-5095-in.idf,Quebec Intl AP_QC,QUEBEC INTL,CAN_QC_Quebec.Intl.AP.717140_CWEC2020.zip
ERS-EX-50950-in.idf,Edmonton Intl AP_AB,EDMONTON INTL,CAN_AB_Edmonton.Intl.AP.711230_CWEC2020.zip
ERS-EX-50954-in.idf,Edmonton Intl AP_AB,EDMONTON INTL,CAN_AB_Edmonton.Intl.AP.711230_CWEC2020.zip
ERS-EX-5096-in.idf,Quebec Intl AP_QC,QUEBEC INTL,CAN_QC_Quebec.Intl.AP.717140_CWEC2020.zip
ERS-EX-50969-in.idf,Edmonton Intl AP_AB,EDMONTON INTL,CAN_AB_Edmonton.Intl.AP.711230_CWEC2020.zip
ERS-EX-5097-in.idf,Quebec Intl AP_QC,QUEBEC INTL,CAN_QC_Quebec.Intl.AP.717140_CWEC2020.zip
ERS-EX-50971-in.idf,Edmonton Intl AP_AB,EDMONTON INTL,CAN_AB_Edmonton.Intl.AP.711230_CWEC2020.zip
ERS-EX-50972-in.idf,Edmonton Intl AP_AB,EDMONTON INTL,CAN_AB_Edmonton.Intl.AP.711230_CWEC2020.zip
ERS-EX-50973-in.idf,Edmonton Intl AP_AB,EDMONTON INTL,CAN_AB_Edmonton.Intl.AP.711230_CWEC2020.zip
ERS-EX-50977-in.idf,Edmonton Intl AP_AB,EDMONTON INTL,CAN_AB_Edmonton.Intl.AP.711230_CWEC2020.zip
ERS-EX-50981-in.idf,Edmonton Intl AP_AB,EDMONTON INTL,CAN_AB_Edmonton.Intl.AP.711230_CWEC2020.zip
ERS-EX-50982-in.idf,Edmonton Intl AP_AB,EDMONTON INTL,CAN_AB_Edmonton.Intl.AP.711230_CWEC2020.zip
ERS-EX-50983-in.idf,Edmonton Intl AP_AB,EDMONTON INTL,CAN_AB_Edmonton.Intl.AP.711230_CWEC2020.zip
ERS-EX-50991-in.idf,Edmonton Intl AP_AB,EDMONTON INTL,CAN_AB_Edmonton.Intl.AP.711230_CWEC2020.zip
ERS-EX-50992-in.idf,Edmonton Intl AP_AB,EDMONTON INTL,CAN_AB_Edmonton.Intl.AP.711230_CWEC2020.zip
ERS-EX-51000-in.idf,Edmonton Intl AP_AB,EDMONTON INTL,CAN_AB_Edmonton.Intl.AP.711230_CWEC2020.zip
ERS-EX-51005-in.idf,Edmonton Intl AP_AB,EDMONTON INTL,CAN_AB_Edmonton.Intl.AP.711230_CWEC2020.zip
ERS-EX-51009-in.idf,Edmonton Intl AP_AB,EDMONTON INTL,CAN_AB_Edmonton.Intl.AP.711230_CWEC2020.zip
ERS-EX-51010-in.idf,Edmonton Intl AP_AB,EDMONTON INTL,CAN_AB_Edmonton.Intl.AP.711230_CWEC2020.zip
ERS-EX-51011-in.idf,Edmonton Intl AP_AB,EDMONTON INTL,CAN_AB_Edmonton.Intl.AP.711230_CWEC2020.zip
ERS-EX-51012-in.idf,Edmonton Intl AP_AB,EDMONTON INTL,CAN_AB_Edmonton.Intl.AP.711230_CWEC2020.zip
ERS-EX-51014-in.idf,Edmonton Intl AP_AB,EDMONTON INTL,CAN_AB_Edmonton.Intl.AP.711230_CWEC2020.zip
ERS-EX-51016-in.idf,Edmonton Intl AP_AB,EDMONTON INTL,CAN_AB_Edmonton.Intl.AP.711230_CWEC2020.zip
ERS-EX-51019-in.idf,Edmonton Intl AP_AB,EDMONTON INTL,CAN_AB_Edmonton.Intl.AP.711230_CWEC2020.zip
ERS-EX-5102-in.idf,Quebec Intl AP_QC,QUEBEC INTL,CAN_QC_Quebec.Intl.AP.717140_CWEC2020.zip
ERS-EX-51026-in.idf,Edmonton Intl AP_AB,EDMONTON INTL,CAN_AB_Edmonton.Intl.AP.711230_CWEC2020.zip
ERS-EX-5103-in.idf,Quebec Intl AP_QC,QUEBEC INTL,CAN_QC_Quebec.Intl.AP.717140_CWEC2020.zip
ERS-EX-51030-in.idf,Edmonton Intl AP_AB,EDMONTON INTL,CAN_AB_Edmonton.Intl.AP.711230_CWEC2020.zip
ERS-EX-51033-in.idf,Edmonton Intl AP_AB,EDMONTON INTL,CAN_AB_Edmonton.Intl.AP.711230_CWEC2020.zip
ERS-EX-51037-in.idf,Edmonton Intl AP_AB,EDMONTON INTL,CAN_AB_Edmonton.Intl.AP.711230_CWEC2020.zip
ERS-EX-5104-in.idf,Quebec Intl AP_QC,QUEBEC INTL,CAN_QC_Quebec.Intl.AP.717140_CWEC2020.zip
ERS-EX-5105-in.idf,Quebec Intl AP_QC,QUEBEC INTL,CAN_QC_Quebec.Intl.AP.717140_CWEC2020.zip
ERS-EX-5106-in.idf,Quebec Intl AP_QC,QUEBEC INTL,CAN_QC_Quebec.Intl.AP.717140_CWEC2020.zip
ERS-EX-51066-in.idf,Edmonton Intl AP_AB,EDMONTON INTL,CAN_AB_Edmonton.Intl.AP.711230_CWEC2020.zip
ERS-EX-51069-in.idf,Edmonton Intl AP_AB,EDMONTON INTL,CAN_AB_Edmonton.Intl.AP.711230_CWEC2020.zip
ERS-EX-5107-in.idf,Quebec Intl AP_QC,QUEBEC INTL,CAN_QC_Quebec.Intl.AP.717140_CWEC2020.zip
ERS-EX-51075-in.idf,Edmonton Intl AP_AB,EDMONTON INTL,CAN_AB_Edmonton.Intl.AP.711230_CWEC2020.zip
ERS-EX-51079-in.idf,Edmonton Intl AP_AB,EDMONTON INTL,CAN_AB_Edmonton.Intl.AP.711230_CWEC2020.zip
ERS-EX-5108-in.idf,Quebec Intl AP_QC,QUEBEC INTL,CAN_QC_Quebec.Intl.AP.717140_CWEC2020.zip
ERS-EX-51082-in.idf,Edmonton Intl AP_AB,EDMONTON INTL,CAN_AB_Edmonton.Intl.AP.711230_CWEC2020.zip
ERS-EX-51083-in.idf,Edmonton Intl AP_AB,EDMONTON INTL,CAN_AB_Edmonton.Intl.AP.711230_CWEC2020.zip
ERS-EX-51084-in.idf,Edmonton Intl AP_AB,EDMONTON INTL,CAN_AB_Edmonton.Intl.AP.711230_CWEC2020.zip
ERS-EX-51086-in.idf,Edmonton Intl AP_AB,EDMONTON INTL,CAN_AB_Edmonton.Intl.AP.711230_CWEC2020.zip
ERS-EX-51089-in.idf,Edmonton Intl AP_AB,EDMONTON INTL,CAN_AB_Edmonton.Intl.AP.711230_CWEC2020.zip
ERS-EX-51091-in.idf,Edmonton Intl AP_AB,EDMONTON INTL,CAN_AB_Edmonton.Intl.AP.711230_CWEC2020.zip
ERS-EX-51092-in.idf,Edmonton Intl AP_AB,EDMONTON INTL,CAN_AB_Edmonton.Intl.AP.711230_CWEC2020.zip
ERS-EX-51094-in.idf,Edmonton Intl AP_AB,EDMONTON INTL,CAN_AB_Edmonton.Intl.AP.711230_CWEC2020.zip
ERS-EX-51095-in.idf,Edmonton Intl AP_AB,EDMONTON INTL,CAN_AB_Edmonton.Intl.AP.711230_CWEC2020.zip
ERS-EX-51096-in.idf,Edmonton Intl AP_AB,EDMONTON INTL,CAN_AB_Edmonton.Intl.AP.711230_CWEC2020.zip
ERS-EX-51100-in.idf,Edmonton Intl AP_AB,EDMONTON INTL,CAN_AB_Edmonton.Intl.AP.711230_CWEC2020.zip
ERS-EX-51102-in.idf,Calgary Intl AP_AB,CALGARY INTL,CAN_AB_Calgary.Intl.AP.718770_CWEC2020.zip
ERS-EX-5111-in.idf,Quebec Intl AP_QC,QUEBEC INTL,CAN_QC_Quebec.Intl.AP.717140_CWEC2020.zip
ERS-EX-51111-in.idf,Edmonton Intl AP_AB,EDMONTON INTL,CAN_AB_Edmonton.Intl.AP.711230_CWEC2020.zip
ERS-EX-51114-in.idf,Edmonton Intl AP_AB,EDMONTON INTL,CAN_AB_Edmonton.Intl.AP.711230_CWEC2020.zip
ERS-EX-51115-in.idf,Edmonton Intl AP_AB,EDMONTON INTL,CAN_AB_Edmonton.Intl.AP.711230_CWEC2020.zip
ERS-EX-51117-in.idf,Edmonton Intl AP_AB,EDMONTON INTL,CAN_AB_Edmonton.Intl.AP.711230_CWEC2020.zip
ERS-EX-51121-in.idf,Edmonton Intl AP_AB,EDMONTON INTL,CAN_AB_Edmonton.Intl.AP.711230_CWEC2020.zip
ERS-EX-5113-in.idf,Quebec Intl AP_QC,QUEBEC INTL,CAN_QC_Quebec.Intl.AP.717140_CWEC2020.zip
ERS-EX-51132-in.idf,Edmonton Intl AP_AB,EDMONTON INTL,CAN_AB_Edmonton.Intl.AP.711230_CWEC2020.zip
ERS-EX-51134-in.idf,Edmonton Intl AP_AB,EDMONTON INTL,CAN_AB_Edmonton.Intl.AP.711230_CWEC2020.zip
ERS-EX-51135-in.idf,Edmonton Intl AP_AB,EDMONTON INTL,CAN_AB_Edmonton.Intl.AP.711230_CWEC2020.zip
ERS-EX-51136-in.idf,Edmonton Intl AP_AB,EDMONTON INTL,CAN_AB_Edmonton.Intl.AP.711230_CWEC2020.zip
ERS-EX-5114-in.idf,Quebec Intl AP_QC,QUEBEC INTL,CAN_QC_Quebec.Intl.AP.717140_CWEC2020.zip
ERS-EX-51141-in.idf,Edmonton Intl AP_AB,EDMONTON INTL,CAN_AB_Edmonton.Intl.AP.711230_CWEC2020.zip
ERS-EX-51142-in.idf,Edmonton Intl AP_AB,EDMONTON INTL,CAN_AB_Edmonton.Intl.AP.711230_CWEC2020.zip
ERS-EX-51143-in.idf,Edmonton Intl AP_AB,EDMONTON INTL,CAN_AB_Edmonton.Intl.AP.711230_CWEC2020.zip
ERS-EX-51147-in.idf,Edmonton Intl AP_AB,EDMONTON INTL,CAN_AB_Edmonton.Intl.AP.711230_CWEC2020.zip
ERS-EX-5115-in.idf,Quebec Intl AP_QC,QUEBEC INTL,CAN_QC_Quebec.Intl.AP.717140_CWEC2020.zip
ERS-EX-51155-in.idf,Edmonton Intl AP_AB,EDMONTON INTL,CAN_AB_Edmonton.Intl.AP.711230_CWEC2020.zip
ERS-EX-51162-in.idf,Edmonton Intl AP_AB,EDMONTON INTL,CAN_AB_Edmonton.Intl.AP.711230_CWEC2020.zip
ERS-EX-51167-in.idf,Edmonton Intl AP_AB,EDMONTON INTL,CAN_AB_Edmonton.Intl.AP.711230_CWEC2020.zip
ERS-EX-5117-in.idf,Quebec Intl AP_QC,QUEBEC INTL,CAN_QC_Quebec.Intl.AP.717140_CWEC2020.zip
ERS-EX-51171-in.idf,Edmonton Intl AP_AB,EDMONTON INTL,CAN_AB_Edmonton.Intl.AP.711230_CWEC2020.zip
ERS-EX-51172-in.idf,Edmonton Intl AP_AB,EDMONTON INTL,CAN_AB_Edmonton.Intl.AP.711230_CWEC2020.zip
ERS-EX-51173-in.idf,Edmonton Intl AP_AB,EDMONTON INTL,CAN_AB_Edmonton.Intl.AP.711230_CWEC2020.zip
ERS-EX-51175-in.idf,Edmonton Intl AP_AB,EDMONTON INTL,CAN_AB_Edmonton.Intl.AP.711230_CWEC2020.zip
ERS-EX-5118-in.idf,Quebec Intl AP_QC,QUEBEC INTL,CAN_QC_Quebec.Intl.AP.717140_CWEC2020.zip
ERS-EX-51194-in.idf,Edmonton Intl AP_AB,EDMONTON INTL,CAN_AB_Edmonton.Intl.AP.711230_CWEC2020.zip
ERS-EX-5120-in.idf,Quebec Intl AP_QC,QUEBEC INTL,CAN_QC_Quebec.Intl.AP.717140_CWEC2020.zip
ERS-EX-51205-in.idf,Edmonton Intl AP_AB,EDMONTON INTL,CAN_AB_Edmonton.Intl.AP.711230_CWEC2020.zip
ERS-EX-5121-in.idf,Quebec Intl AP_QC,QUEBEC INTL,CAN_QC_Quebec.Intl.AP.717140_CWEC2020.zip
ERS-EX-51211-in.idf,Edmonton Intl AP_AB,EDMONTON INTL,CAN_AB_Edmonton.Intl.AP.711230_CWEC2020.zip
ERS-EX-51218-in.idf,Edmonton Intl AP_AB,EDMONTON INTL,CAN_AB_Edmonton.Intl.AP.711230_CWEC2020.zip
ERS-EX-51219-in.idf,Edmonton Intl AP_AB,EDMONTON INTL,CAN_AB_Edmonton.Intl.AP.711230_CWEC2020.zip
ERS-EX-51227-in.idf,Edmonton Intl AP_AB,EDMONTON INTL,CAN_AB_Edmonton.Intl.AP.711230_CWEC2020.zip
ERS-EX-51228-in.idf,Edmonton Intl AP_AB,EDMONTON INTL,CAN_AB_Edmonton.Intl.AP.711230_CWEC2020.zip
ERS-EX-51230-in.idf,Edmonton Intl AP_AB,EDMONTON INTL,CAN_AB_Edmonton.Intl.AP.711230_CWEC2020.zip
ERS-EX-5124-in.idf,Quebec Intl AP_QC,QUEBEC INTL,CAN_QC_Quebec.Intl.AP.717140_CWEC2020.zip
ERS-EX-51255-in.idf,Edmonton Intl AP_AB,EDMONTON INTL,CAN_AB_Edmonton.Intl.AP.711230_CWEC2020.zip
ERS-EX-51256-in.idf,Edmonton Intl AP_AB,EDMONTON INTL,CAN_AB_Edmonton.Intl.AP.711230_CWEC2020.zip
ERS-EX-51259-in.idf,Edmonton Intl AP_AB,EDMONTON INTL,CAN_AB_Edmonton.Intl.AP.711230_CWEC2020.zip
ERS-EX-5126-in.idf,Quebec Intl AP_QC,QUEBEC INTL,CAN_QC_Quebec.Intl.AP.717140_CWEC2020.zip
ERS-EX-51264-in.idf,Edmonton Intl AP_AB,EDMONTON INTL,CAN_AB_Edmonton.Intl.AP.711230_CWEC2020.zip
ERS-EX-51272-in.idf,Edmonton Intl AP_AB,EDMONTON INTL,CAN_AB_Edmonton.Intl.AP.711230_CWEC2020.zip
ERS-EX-5128-in.idf,Quebec Intl AP_QC,QUEBEC INTL,CAN_QC_Quebec.Intl.AP.717140_CWEC2020.zip
ERS-EX-51280-in.idf,Edmonton Intl AP_AB,EDMONTON INTL,CAN_AB_Edmonton.Intl.AP.711230_CWEC2020.zip
ERS-EX-51284-in.idf,Edmonton Intl AP_AB,EDMONTON INTL,CAN_AB_Edmonton.Intl.AP.711230_CWEC2020.zip
ERS-EX-51286-in.idf,Edmonton Intl AP_AB,EDMONTON INTL,CAN_AB_Edmonton.Intl.AP.711230_CWEC2020.zip
ERS-EX-51288-in.idf,Edmonton Intl AP_AB,EDMONTON INTL,CAN_AB_Edmonton.Intl.AP.711230_CWEC2020.zip
ERS-EX-51289-in.idf,Edmonton Intl AP_AB,EDMONTON INTL,CAN_AB_Edmonton.Intl.AP.711230_CWEC2020.zip
ERS-EX-51297-in.idf,Edmonton Intl AP_AB,EDMONTON INTL,CAN_AB_Edmonton.Intl.AP.711230_CWEC2020.zip
ERS-EX-5130-in.idf,Quebec Intl AP_QC,QUEBEC INTL,CAN_QC_Quebec.Intl.AP.717140_CWEC2020.zip
ERS-EX-51303-in.idf,Edmonton Intl AP_AB,EDMONTON INTL,CAN_AB_Edmonton.Intl.AP.711230_CWEC2020.zip
ERS-EX-51306-in.idf,Edmonton Intl AP_AB,EDMONTON INTL,CAN_AB_Edmonton.Intl.AP.711230_CWEC2020.zip
ERS-EX-51310-in.idf,Edmonton Intl AP_AB,EDMONTON INTL,CAN_AB_Edmonton.Intl.AP.711230_CWEC2020.zip
ERS-EX-51311-in.idf,Edmonton Intl AP_AB,EDMONTON INTL,CAN_AB_Edmonton.Intl.AP.711230_CWEC2020.zip
ERS-EX-51316-in.idf,Edmonton Intl AP_AB,EDMONTON INTL,CAN_AB_Edmonton.Intl.AP.711230_CWEC2020.zip
ERS-EX-51317-in.idf,Edmonton Intl AP_AB,EDMONTON INTL,CAN_AB_Edmonton.Intl.AP.711230_CWEC2020.zip
ERS-EX-5133-in.idf,Quebec Intl AP_QC,QUEBEC INTL,CAN_QC_Quebec.Intl.AP.717140_CWEC2020.zip
ERS-EX-51332-in.idf,Edmonton Intl AP_AB,EDMONTON INTL,CAN_AB_Edmonton.Intl.AP.711230_CWEC2020.zip
ERS-EX-51336-in.idf,Edmonton Intl AP_AB,EDMONTON INTL,CAN_AB_Edmonton.Intl.AP.711230_CWEC2020.zip
ERS-EX-51341-in.idf,Edmonton Intl AP_AB,EDMONTON INTL,CAN_AB_Edmonton.Intl.AP.711230_CWEC2020.zip
ERS-EX-51342-in.idf,Edmonton Intl AP_AB,EDMONTON INTL,CAN_AB_Edmonton.Intl.AP.711230_CWEC2020.zip
ERS-EX-51343-in.idf,Edmonton Intl AP_AB,EDMONTON INTL,CAN_AB_Edmonton.Intl.AP.711230_CWEC2020.zip
ERS-EX-51347-in.idf,Edmonton Intl AP_AB,EDMONTON INTL,CAN_AB_Edmonton.Intl.AP.711230_CWEC2020.zip
ERS-EX-51350-in.idf,Muskoka_ON,MUSKOKA,CAN_ON_Muskoka.715320_CWEC2020.zip
ERS-EX-51359-in.idf,Ottawa Intl AP_ON,OTTAWA INTL,CAN_ON_Ottawa.Intl.AP.716280_CWEC2020.zip
ERS-EX-51370-in.idf,Ottawa Intl AP_ON,OTTAWA INTL,CAN_ON_Ottawa.Intl.AP.716280_CWEC2020.zip
ERS-EX-51376-in.idf,North Bay AP_ON,NORTH BAY,CAN_ON_North.Bay.AP.717310_CWEC2020.zip
ERS-EX-51380-in.idf,Ottawa Intl AP_ON,OTTAWA INTL,CAN_ON_Ottawa.Intl.AP.716280_CWEC2020.zip
ERS-EX-51384-in.idf,Ottawa Intl AP_ON,OTTAWA INTL,CAN_ON_Ottawa.Intl.AP.716280_CWEC2020.zip
ERS-EX-5140-in.idf,Quebec Intl AP_QC,QUEBEC INTL,CAN_QC_Quebec.Intl.AP.717140_CWEC2020.zip
ERS-EX-5145-in.idf,Quebec Intl AP_QC,QUEBEC INTL,CAN_QC_Quebec.Intl.AP.717140_CWEC2020.zip
ERS-EX-5147-in.idf,Quebec Intl AP_QC,QUEBEC INTL,CAN_QC_Quebec.Intl.AP.717140_CWEC2020.zip
ERS-EX-5148-in.idf,Quebec Intl AP_QC,QUEBEC INTL,CAN_QC_Quebec.Intl.AP.717140_CWEC2020.zip
ERS-EX-51487-in.idf,Ottawa Intl AP_ON,OTTAWA INTL,CAN_ON_Ottawa.Intl.AP.716280_CWEC2020.zip
ERS-EX-5149-in.idf,Quebec Intl AP_QC,QUEBEC INTL,CAN_QC_Quebec.Intl.AP.717140_CWEC2020.zip
ERS-EX-51494-in.idf,Ottawa Intl AP_ON,OTTAWA INTL,CAN_ON_Ottawa.Intl.AP.716280_CWEC2020.zip
ERS-EX-5154-in.idf,Quebec Intl AP_QC,QUEBEC INTL,CAN_QC_Quebec.Intl.AP.717140_CWEC2020.zip
ERS-EX-51548-in.idf,Toronto Intl AP_ON,TORONTO INTL,CAN_ON_Toronto.Intl.AP.716240_CWEC2020.zip
ERS-EX-5155-in.idf,Quebec Intl AP_QC,QUEBEC INTL,CAN_QC_Quebec.Intl.AP.717140_CWEC2020.zip
ERS-EX-51565-in.idf,Toronto Intl AP_ON,TORONTO INTL,CAN_ON_Toronto.Intl.AP.716240_CWEC2020.zip
ERS-EX-5159-in.idf,Quebec Intl AP_QC,QUEBEC INTL,CAN_QC_Quebec.Intl.AP.717140_CWEC2020.zip
ERS-EX-51601-in.idf,Toronto Intl AP_ON,TORONTO INTL,CAN_ON_Toronto.Intl.AP.716240_CWEC2020.zip
ERS-EX-5161-in.idf,Quebec Intl AP_QC,QUEBEC INTL,CAN_QC_Quebec.Intl.AP.717140_CWEC2020.zip
ERS-EX-51613-in.idf,Toronto City Centre_ON,TORONTO CITY CENTRE,CAN_ON_Toronto.City.Centre.712650_CWEC2020.zip
ERS-EX-5162-in.idf,Quebec Intl AP_QC,QUEBEC INTL,CAN_QC_Quebec.Intl.AP.717140_CWEC2020.zip
ERS-EX-51625-in.idf,Toronto City Centre_ON,TORONTO CITY CENTRE,CAN_ON_Toronto.City.Centre.712650_CWEC2020.zip
ERS-EX-5164-in.idf,Quebec Intl AP_QC,QUEBEC INTL,CAN_QC_Quebec.Intl.AP.717140_CWEC2020.zip
ERS-EX-5166-in.idf,Quebec Intl AP_QC,QUEBEC INTL,CAN_QC_Quebec.Intl.AP.717140_CWEC2020.zip
ERS-EX-51677-in.idf,Toronto City Centre_ON,TORONTO CITY CENTRE,CAN_ON_Toronto.City.Centre.712650_CWEC2020.zip
ERS-EX-5168-in.idf,Quebec Intl AP_QC,QUEBEC INTL,CAN_QC_Quebec.Intl.AP.717140_CWEC2020.zip
ERS-EX-5169-in.idf,Quebec Intl AP_QC,QUEBEC INTL,CAN_QC_Quebec.Intl.AP.717140_CWEC2020.zip
ERS-EX-51697-in.idf,Toronto City Centre_ON,TORONTO CITY CENTRE,CAN_ON_Toronto.City.Centre.712650_CWEC2020.zip
ERS-EX-51708-in.idf,Toronto City Centre_ON,TORONTO CITY CENTRE,CAN_ON_Toronto.City.Centre.712650_CWEC2020.zip
ERS-EX-5171-in.idf,Quebec Intl AP_QC,QUEBEC INTL,CAN_QC_Quebec.Intl.AP.717140_CWEC2020.zip
ERS-EX-5172-in.idf,Quebec Intl AP_QC,QUEBEC INTL,CAN_QC_Quebec.Intl.AP.717140_CWEC2020.zip
ERS-EX-51736-in.idf,Toronto City Centre_ON,TORONTO CITY CENTRE,CAN_ON_Toronto.City.Centre.712650_CWEC2020.zip
ERS-EX-51739-in.idf,Toronto Intl AP_ON,TORONTO INTL,CAN_ON_Toronto.Intl.AP.716240_CWEC2020.zip
ERS-EX-51769-in.idf,Toronto Intl AP_ON,TORONTO INTL,CAN_ON_Toronto.Intl.AP.716240_CWEC2020.zip
ERS-EX-5177-in.idf,Quebec Intl AP_QC,QUEBEC INTL,CAN_QC_Quebec.Intl.AP.717140_CWEC2020.zip
ERS-EX-51786-in.idf,Toronto City Centre_ON,TORONTO CITY CENTRE,CAN_ON_Toronto.City.Centre.712650_CWEC2020.zip
ERS-EX-51792-in.idf,Toronto Intl AP_ON,TORONTO INTL,CAN_ON_Toronto.Intl.AP.716240_CWEC2020.zip
ERS-EX-5180-in.idf,Quebec Intl AP_QC,QUEBEC INTL,CAN_QC_Quebec.Intl.AP.717140_CWEC2020.zip
ERS-EX-51802-in.idf,Toronto Intl AP_ON,TORONTO INTL,CAN_ON_Toronto.Intl.AP.716240_CWEC2020.zip
ERS-EX-51822-in.idf,Toronto Intl AP_ON,TORONTO INTL,CAN_ON_Toronto.Intl.AP.716240_CWEC2020.zip
ERS-EX-51828-in.idf,Toronto Intl AP_ON,TORONTO INTL,CAN_ON_Toronto.Intl.AP.716240_CWEC2020.zip
ERS-EX-5183-in.idf,Quebec Intl AP_QC,QUEBEC INTL,CAN_QC_Quebec.Intl.AP.717140_CWEC2020.zip
ERS-EX-51857-in.idf,Toronto Intl AP_ON,TORONTO INTL,CAN_ON_Toronto.Intl.AP.716240_CWEC2020.zip
ERS-EX-5186-in.idf,Quebec Intl AP_QC,QUEBEC INTL,CAN_QC_Quebec.Intl.AP.717140_CWEC2020.zip
ERS-EX-5187-in.idf,Quebec Intl AP_QC,QUEBEC INTL,CAN_QC_Quebec.Intl.AP.717140_CWEC2020.zip
ERS-EX-51876-in.idf,Toronto City Centre_ON,TORONTO CITY CENTRE,CAN_ON_Toronto.City.Centre.712650_CWEC2020.zip
ERS-EX-5191-in.idf,Quebec Intl AP_QC,QUEBEC INTL,CAN_QC_Quebec.Intl.AP.717140_CWEC2020.zip
ERS-EX-5192-in.idf,Quebec Intl AP_QC,QUEBEC INTL,CAN_QC_Quebec.Intl.AP.717140_CWEC2020.zip
ERS-EX-5193-in.idf,Quebec Intl AP_QC,QUEBEC INTL,CAN_QC_Quebec.Intl.AP.717140_CWEC2020.zip
ERS-EX-5194-in.idf,Quebec Intl AP_QC,QUEBEC INTL,CAN_QC_Quebec.Intl.AP.717140_CWEC2020.zip
ERS-EX-51948-in.idf,Toronto City Centre_ON,TORONTO CITY CENTRE,CAN_ON_Toronto.City.Centre.712650_CWEC2020.zip
ERS-EX-51954-in.idf,Toronto City Centre_ON,TORONTO CITY CENTRE,CAN_ON_Toronto.City.Centre.712650_CWEC2020.zip
ERS-EX-51957-in.idf,Toronto City Centre_ON,TORONTO CITY CENTRE,CAN_ON_Toronto.City.Centre.712650_CWEC2020.zip
ERS-EX-5198-in.idf,Quebec Intl AP_QC,QUEBEC INTL,CAN_QC_Quebec.Intl.AP.717140_CWEC2020.zip
ERS-EX-5199-in.idf,Quebec Intl AP_QC,QUEBEC INTL,CAN_QC_Quebec.Intl.AP.717140_CWEC2020.zip
ERS-EX-5200-in.idf,Quebec Intl AP_QC,QUEBEC INTL,CAN_QC_Quebec.Intl.AP.717140_CWEC2020.zip
ERS-EX-5201-in.idf,Quebec Intl AP_QC,QUEBEC INTL,CAN_QC_Quebec.Intl.AP.717140_CWEC2020.zip
ERS-EX-52017-in.idf,Toronto City Centre_ON,TORONTO CITY CENTRE,CAN_ON_Toronto.City.Centre.712650_CWEC2020.zip
ERS-EX-5202-in.idf,Quebec Intl AP_QC,QUEBEC INTL,CAN_QC_Quebec.Intl.AP.717140_CWEC2020.zip
ERS-EX-52029-in.idf,Toronto City Centre_ON,TORONTO CITY CENTRE,CAN_ON_Toronto.City.Centre.712650_CWEC2020.zip
ERS-EX-5204-in.idf,Quebec Intl AP_QC,QUEBEC INTL,CAN_QC_Quebec.Intl.AP.717140_CWEC2020.zip
ERS-EX-5206-in.idf,Quebec Intl AP_QC,QUEBEC INTL,CAN_QC_Quebec.Intl.AP.717140_CWEC2020.zip
ERS-EX-5209-in.idf,Quebec Intl AP_QC,QUEBEC INTL,CAN_QC_Quebec.Intl.AP.717140_CWEC2020.zip
ERS-EX-5210-in.idf,Quebec Intl AP_QC,QUEBEC INTL,CAN_QC_Quebec.Intl.AP.717140_CWEC2020.zip
ERS-EX-52100-in.idf,Toronto City Centre_ON,TORONTO CITY CENTRE,CAN_ON_Toronto.City.Centre.712650_CWEC2020.zip
ERS-EX-52108-in.idf,Toronto City Centre_ON,TORONTO CITY CENTRE,CAN_ON_Toronto.City.Centre.712650_CWEC2020.zip
ERS-EX-5212-in.idf,Quebec Intl AP_QC,QUEBEC INTL,CAN_QC_Quebec.Intl.AP.717140_CWEC2020.zip
ERS-EX-52130-in.idf,Toronto City Centre_ON,TORONTO CITY CENTRE,CAN_ON_Toronto.City.Centre.712650_CWEC2020.zip
ERS-EX-5215-in.idf,Quebec Intl AP_QC,QUEBEC INTL,CAN_QC_Quebec.Intl.AP.717140_CWEC2020.zip
ERS-EX-52157-in.idf,Toronto City Centre_ON,TORONTO CITY CENTRE,CAN_ON_Toronto.City.Centre.712650_CWEC2020.zip
ERS-EX-5216-in.idf,Quebec Intl AP_QC,QUEBEC INTL,CAN_QC_Quebec.Intl.AP.717140_CWEC2020.zip
ERS-EX-5217-in.idf,Quebec Intl AP_QC,QUEBEC INTL,CAN_QC_Quebec.Intl.AP.717140_CWEC2020.zip
ERS-EX-52176-in.idf,Erieau AUT_ON,ERIEAU,CAN_ON_Erieau.AUT.714650_CWEC2020.zip
ERS-EX-52177-in.idf,Erieau AUT_ON,ERIEAU,CAN_ON_Erieau.AUT.714650_CWEC2020.zip
ERS-EX-5218-in.idf,Quebec Intl AP_QC,QUEBEC INTL,CAN_QC_Quebec.Intl.AP.717140_CWEC2020.zip
ERS-EX-52198-in.idf,Toronto City Centre_ON,TORONTO CITY CENTRE,CAN_ON_Toronto.City.Centre.712650_CWEC2020.zip
ERS-EX-5220-in.idf,Quebec Intl AP_QC,QUEBEC INTL,CAN_QC_Quebec.Intl.AP.717140_CWEC2020.zip
ERS-EX-5224-in.idf,Quebec Intl AP_QC,QUEBEC INTL,CAN_QC_Quebec.Intl.AP.717140_CWEC2020.zip
ERS-EX-5225-in.idf,Quebec Intl AP_QC,QUEBEC INTL,CAN_QC_Quebec.Intl.AP.717140_CWEC2020.zip
ERS-EX-52258-in.idf,Erieau AUT_ON,ERIEAU,CAN_ON_Erieau.AUT.714650_CWEC2020.zip
ERS-EX-5226-in.idf,Quebec Intl AP_QC,QUEBEC INTL,CAN_QC_Quebec.Intl.AP.717140_CWEC2020.zip
ERS-EX-52262-in.idf,Erieau AUT_ON,ERIEAU,CAN_ON_Erieau.AUT.714650_CWEC2020.zip
ERS-EX-5227-in.idf,Quebec Intl AP_QC,QUEBEC INTL,CAN_QC_Quebec.Intl.AP.717140_CWEC2020.zip
ERS-EX-52272-in.idf,Toronto City Centre_ON,TORONTO CITY CENTRE,CAN_ON_Toronto.City.Centre.712650_CWEC2020.zip
ERS-EX-52289-in.idf,Toronto City Centre_ON,TORONTO CITY CENTRE,CAN_ON_Toronto.City.Centre.712650_CWEC2020.zip
ERS-EX-5230-in.idf,Quebec Intl AP_QC,QUEBEC INTL,CAN_QC_Quebec.Intl.AP.717140_CWEC2020.zip
ERS-EX-52302-in.idf,Toronto City Centre_ON,TORONTO CITY CENTRE,CAN_ON_Toronto.City.Centre.712650_CWEC2020.zip
ERS-EX-52305-in.idf,Toronto City Centre_ON,TORONTO CITY CENTRE,CAN_ON_Toronto.City.Centre.712650_CWEC2020.zip
ERS-EX-52312-in.idf,Toronto City Centre_ON,TORONTO CITY CENTRE,CAN_ON_Toronto.City.Centre.712650_CWEC2020.zip
ERS-EX-5234-in.idf,Quebec Intl AP_QC,QUEBEC INTL,CAN_QC_Quebec.Intl.AP.717140_CWEC2020.zip
ERS-EX-52352-in.idf,Ottawa Intl AP_ON,OTTAWA INTL,CAN_ON_Ottawa.Intl.AP.716280_CWEC2020.zip
ERS-EX-52357-in.idf,Ottawa Intl AP_ON,OTTAWA INTL,CAN_ON_Ottawa.Intl.AP.716280_CWEC2020.zip
ERS-EX-52366-in.idf,Edmonton Intl AP_AB,EDMONTON INTL,CAN_AB_Edmonton.Intl.AP.711230_CWEC2020.zip
ERS-EX-5237-in.idf,Quebec Intl AP_QC,QUEBEC INTL,CAN_QC_Quebec.Intl.AP.717140_CWEC2020.zip
ERS-EX-52376-in.idf,Lethbridge CDA_AB,LETHBRIDGE,CAN_AB_Lethbridge.CDA.712430_CWEC2020.zip
ERS-EX-52380-in.idf,Medicine Hat RCS_AB,MEDICINE HAT,CAN_AB_Medicine.Hat.RCS.710260_CWEC2020.zip
ERS-EX-52387-in.idf,Lethbridge CDA_AB,LETHBRIDGE,CAN_AB_Lethbridge.CDA.712430_CWEC2020.zip
ERS-EX-52389-in.idf,Medicine Hat RCS_AB,MEDICINE HAT,CAN_AB_Medicine.Hat.RCS.710260_CWEC2020.zip
ERS-EX-52391-in.idf,Medicine Hat RCS_AB,MEDICINE HAT,CAN_AB_Medicine.Hat.RCS.710260_CWEC2020.zip
ERS-EX-52392-in.idf,Lethbridge CDA_AB,LETHBRIDGE,CAN_AB_Lethbridge.CDA.712430_CWEC2020.zip
ERS-EX-52399-in.idf,Lethbridge CDA_AB,LETHBRIDGE,CAN_AB_Lethbridge.CDA.712430_CWEC2020.zip
ERS-EX-5241-in.idf,Quebec Intl AP_QC,QUEBEC INTL,CAN_QC_Quebec.Intl.AP.717140_CWEC2020.zip
ERS-EX-52420-in.idf,Medicine Hat RCS_AB,MEDICINE HAT,CAN_AB_Medicine.Hat.RCS.710260_CWEC2020.zip
ERS-EX-52424-in.idf,Medicine Hat RCS_AB,MEDICINE HAT,CAN_AB_Medicine.Hat.RCS.710260_CWEC2020.zip
ERS-EX-52425-in.idf,Medicine Hat RCS_AB,MEDICINE HAT,CAN_AB_Medicine.Hat.RCS.710260_CWEC2020.zip
ERS-EX-5243-in.idf,Quebec Intl AP_QC,QUEBEC INTL,CAN_QC_Quebec.Intl.AP.717140_CWEC2020.zip
ERS-EX-52436-in.idf,Edmonton Intl AP_AB,EDMONTON INTL,CAN_AB_Edmonton.Intl.AP.711230_CWEC2020.zip
ERS-EX-52439-in.idf,Edmonton Intl AP_AB,EDMONTON INTL,CAN_AB_Edmonton.Intl.AP.711230_CWEC2020.zip
ERS-EX-52445-in.idf,Edmonton Intl AP_AB,EDMONTON INTL,CAN_AB_Edmonton.Intl.AP.711230_CWEC2020.zip
ERS-EX-5245-in.idf,Quebec Intl AP_QC,QUEBEC INTL,CAN_QC_Quebec.Intl.AP.717140_CWEC2020.zip
ERS-EX-52457-in.idf,Edmonton Intl AP_AB,EDMONTON INTL,CAN_AB_Edmonton.Intl.AP.711230_CWEC2020.zip
ERS-EX-52458-in.idf,Edmonton Intl AP_AB,EDMONTON INTL,CAN_AB_Edmonton.Intl.AP.711230_CWEC2020.zip
ERS-EX-5246-in.idf,Quebec Intl AP_QC,QUEBEC INTL,CAN_QC_Quebec.Intl.AP.717140_CWEC2020.zip
ERS-EX-52466-in.idf,Edmonton Intl AP_AB,EDMONTON INTL,CAN_AB_Edmonton.Intl.AP.711230_CWEC2020.zip
ERS-EX-52471-in.idf,Edmonton Intl AP_AB,EDMONTON INTL,CAN_AB_Edmonton.Intl.AP.711230_CWEC2020.zip
ERS-EX-52472-in.idf,Edmonton Intl AP_AB,EDMONTON INTL,CAN_AB_Edmonton.Intl.AP.711230_CWEC2020.zip
ERS-EX-52473-in.idf,Edmonton Intl AP_AB,EDMONTON INTL,CAN_AB_Edmonton.Intl.AP.711230_CWEC2020.zip
ERS-EX-52479-in.idf,Edmonton Intl AP_AB,EDMONTON INTL,CAN_AB_Edmonton.Intl.AP.711230_CWEC2020.zip
ERS-EX-52481-in.idf,Edmonton Intl AP_AB,EDMONTON INTL,CAN_AB_Edmonton.Intl.AP.711230_CWEC2020.zip
ERS-EX-52482-in.idf,Edmonton Intl AP_AB,EDMONTON INTL,CAN_AB_Edmonton.Intl.AP.711230_CWEC2020.zip
ERS-EX-52489-in.idf,Edmonton Intl AP_AB,EDMONTON INTL,CAN_AB_Edmonton.Intl.AP.711230_CWEC2020.zip
ERS-EX-5249-in.idf,Quebec Intl AP_QC,QUEBEC INTL,CAN_QC_Quebec.Intl.AP.717140_CWEC2020.zip
ERS-EX-52497-in.idf,Edmonton Intl AP_AB,EDMONTON INTL,CAN_AB_Edmonton.Intl.AP.711230_CWEC2020.zip
ERS-EX-52499-in.idf,Edmonton Intl AP_AB,EDMONTON INTL,CAN_AB_Edmonton.Intl.AP.711230_CWEC2020.zip
ERS-EX-5250-in.idf,Quebec Intl AP_QC,QUEBEC INTL,CAN_QC_Quebec.Intl.AP.717140_CWEC2020.zip
ERS-EX-52503-in.idf,Edmonton Intl AP_AB,EDMONTON INTL,CAN_AB_Edmonton.Intl.AP.711230_CWEC2020.zip
ERS-EX-52507-in.idf,Edmonton Intl AP_AB,EDMONTON INTL,CAN_AB_Edmonton.Intl.AP.711230_CWEC2020.zip
ERS-EX-5251-in.idf,Quebec Intl AP_QC,QUEBEC INTL,CAN_QC_Quebec.Intl.AP.717140_CWEC2020.zip
ERS-EX-52518-in.idf,Edmonton Intl AP_AB,EDMONTON INTL,CAN_AB_Edmonton.Intl.AP.711230_CWEC2020.zip
ERS-EX-52523-in.idf,Edmonton Intl AP_AB,EDMONTON INTL,CAN_AB_Edmonton.Intl.AP.711230_CWEC2020.zip
ERS-EX-52525-in.idf,Edmonton Intl AP_AB,EDMONTON INTL,CAN_AB_Edmonton.Intl.AP.711230_CWEC2020.zip
ERS-EX-52532-in.idf,Edmonton Intl AP_AB,EDMONTON INTL,CAN_AB_Edmonton.Intl.AP.711230_CWEC2020.zip
ERS-EX-5254-in.idf,Quebec Intl AP_QC,QUEBEC INTL,CAN_QC_Quebec.Intl.AP.717140_CWEC2020.zip
ERS-EX-5255-in.idf,Quebec Intl AP_QC,QUEBEC INTL,CAN_QC_Quebec.Intl.AP.717140_CWEC2020.zip
ERS-EX-52556-in.idf,Edmonton Intl AP_AB,EDMONTON INTL,CAN_AB_Edmonton.Intl.AP.711230_CWEC2020.zip
ERS-EX-5256-in.idf,Quebec Intl AP_QC,QUEBEC INTL,CAN_QC_Quebec.Intl.AP.717140_CWEC2020.zip
ERS-EX-52564-in.idf,Edmonton Intl AP_AB,EDMONTON INTL,CAN_AB_Edmonton.Intl.AP.711230_CWEC2020.zip
ERS-EX-5257-in.idf,Quebec Intl AP_QC,QUEBEC INTL,CAN_QC_Quebec.Intl.AP.717140_CWEC2020.zip
ERS-EX-52576-in.idf,Edmonton Intl AP_AB,EDMONTON INTL,CAN_AB_Edmonton.Intl.AP.711230_CWEC2020.zip
ERS-EX-52579-in.idf,Edmonton Intl AP_AB,EDMONTON INTL,CAN_AB_Edmonton.Intl.AP.711230_CWEC2020.zip
ERS-EX-5259-in.idf,Quebec Intl AP_QC,QUEBEC INTL,CAN_QC_Quebec.Intl.AP.717140_CWEC2020.zip
ERS-EX-5260-in.idf,Quebec Intl AP_QC,QUEBEC INTL,CAN_QC_Quebec.Intl.AP.717140_CWEC2020.zip
ERS-EX-5261-in.idf,Quebec Intl AP_QC,QUEBEC INTL,CAN_QC_Quebec.Intl.AP.717140_CWEC2020.zip
ERS-EX-5262-in.idf,Quebec Intl AP_QC,QUEBEC INTL,CAN_QC_Quebec.Intl.AP.717140_CWEC2020.zip
ERS-EX-52623-in.idf,Cold Lake AP_AB,COLD LAKE,CAN_AB_Cold.Lake.AP.711200_CWEC2020.zip
ERS-EX-52627-in.idf,Cold Lake AP_AB,COLD LAKE,CAN_AB_Cold.Lake.AP.711200_CWEC2020.zip
ERS-EX-52628-in.idf,Cold Lake AP_AB,COLD LAKE,CAN_AB_Cold.Lake.AP.711200_CWEC2020.zip
ERS-EX-52629-in.idf,Cold Lake AP_AB,COLD LAKE,CAN_AB_Cold.Lake.AP.711200_CWEC2020.zip
ERS-EX-5263-in.idf,Quebec Intl AP_QC,QUEBEC INTL,CAN_QC_Quebec.Intl.AP.717140_CWEC2020.zip
ERS-EX-52632-in.idf,Cold Lake AP_AB,COLD LAKE,CAN_AB_Cold.Lake.AP.711200_CWEC2020.zip
ERS-EX-52637-in.idf,Cold Lake AP_AB,COLD LAKE,CAN_AB_Cold.Lake.AP.711200_CWEC2020.zip
ERS-EX-52639-in.idf,Cold Lake AP_AB,COLD LAKE,CAN_AB_Cold.Lake.AP.711200_CWEC2020.zip
ERS-EX-5264-in.idf,Montreal Mirabel Intl AP_QC,MONTREAL MIRABEL  INTL,CAN_QC_Montreal.Mirabel.Intl.AP.CAN002_CWEC2020.zip
ERS-EX-52643-in.idf,Cold Lake AP_AB,COLD LAKE,CAN_AB_Cold.Lake.AP.711200_CWEC2020.zip
ERS-EX-5265-in.idf,Quebec Intl AP_QC,QUEBEC INTL,CAN_QC_Quebec.Intl.AP.717140_CWEC2020.zip
ERS-EX-52653-in.idf,London AP_ON,LONDON,CAN_ON_London.AP.716230_CWEC2020.zip
ERS-EX-52658-in.idf,Vancouver Intl AP_BC,VANCOUVER INTL,CAN_BC_Vancouver.Intl.AP.718920_CWEC2020.zip
ERS-EX-52660-in.idf,Vancouver Intl AP_BC,VANCOUVER INTL,CAN_BC_Vancouver.Intl.AP.718920_CWEC2020.zip
ERS-EX-52662-in.idf,Abbotsford AP_BC,ABBOTSFORD,CAN_BC_Abbotsford.AP.711080_CWEC2020.zip
ERS-EX-52664-in.idf,Victoria Intl AP_BC,VICTORIA INTL,CAN_BC_Victoria.Intl.AP.717990_CWEC2020.zip
ERS-EX-52677-in.idf,Vancouver Intl AP_BC,VANCOUVER INTL,CAN_BC_Vancouver.Intl.AP.718920_CWEC2020.zip
ERS-EX-52679-in.idf,Vancouver Intl AP_BC,VANCOUVER INTL,CAN_BC_Vancouver.Intl.AP.718920_CWEC2020.zip
ERS-EX-5268-in.idf,Quebec Intl AP_QC,QUEBEC INTL,CAN_QC_Quebec.Intl.AP.717140_CWEC2020.zip
ERS-EX-52684-in.idf,Vancouver Intl AP_BC,VANCOUVER INTL,CAN_BC_Vancouver.Intl.AP.718920_CWEC2020.zip
ERS-EX-5269-in.idf,Quebec Intl AP_QC,QUEBEC INTL,CAN_QC_Quebec.Intl.AP.717140_CWEC2020.zip
ERS-EX-52700-in.idf,Saskatoon Intl AP_SK,SASKATOON INTL,CAN_SK_Saskatoon.Intl.AP.718660_CWEC2020.zip
ERS-EX-52704-in.idf,Saskatoon Intl AP_SK,SASKATOON INTL,CAN_SK_Saskatoon.Intl.AP.718660_CWEC2020.zip
ERS-EX-52716-in.idf,Saskatoon Intl AP_SK,SASKATOON INTL,CAN_SK_Saskatoon.Intl.AP.718660_CWEC2020.zip
ERS-EX-52732-in.idf,Regina Intl AP_SK,REGINA INTL,CAN_SK_Regina.Intl.AP.718630_CWEC2020.zip
ERS-EX-52742-in.idf,Saskatoon Intl AP_SK,SASKATOON INTL,CAN_SK_Saskatoon.Intl.AP.718660_CWEC2020.zip
ERS-EX-52743-in.idf,Saskatoon Intl AP_SK,SASKATOON INTL,CAN_SK_Saskatoon.Intl.AP.718660_CWEC2020.zip
ERS-EX-52749-in.idf,Broadview_SK,BROADVIEW,CAN_SK_Broadview.718610_CWEC2020.zip
ERS-EX-52752-in.idf,Saskatoon Intl AP_SK,SASKATOON INTL,CAN_SK_Saskatoon.Intl.AP.718660_CWEC2020.zip
ERS-EX-52754-in.idf,Regina Intl AP_SK,REGINA INTL,CAN_SK_Regina.Intl.AP.718630_CWEC2020.zip
ERS-EX-52755-in.idf,Regina Intl AP_SK,REGINA INTL,CAN_SK_Regina.Intl.AP.718630_CWEC2020.zip
ERS-EX-5276-in.idf,Quebec Intl AP_QC,QUEBEC INTL,CAN_QC_Quebec.Intl.AP.717140_CWEC2020.zip
ERS-EX-52768-in.idf,Saskatoon Intl AP_SK,SASKATOON INTL,CAN_SK_Saskatoon.Intl.AP.718660_CWEC2020.zip
ERS-EX-5277-in.idf,Quebec Intl AP_QC,QUEBEC INTL,CAN_QC_Quebec.Intl.AP.717140_CWEC2020.zip
ERS-EX-52774-in.idf,Saskatoon Intl AP_SK,SASKATOON INTL,CAN_SK_Saskatoon.Intl.AP.718660_CWEC2020.zip
ERS-EX-52777-in.idf,North Battleford_SK,NORTH BATTLEFORD,CAN_SK_North.Battleford.718760_CWEC2020.zip
ERS-EX-52782-in.idf,Saskatoon Intl AP_SK,SASKATOON INTL,CAN_SK_Saskatoon.Intl.AP.718660_CWEC2020.zip
ERS-EX-52785-in.idf,Regina Intl AP_SK,REGINA INTL,CAN_SK_Regina.Intl.AP.718630_CWEC2020.zip
ERS-EX-5279-in.idf,Quebec Intl AP_QC,QUEBEC INTL,CAN_QC_Quebec.Intl.AP.717140_CWEC2020.zip
ERS-EX-52794-in.idf,Regina Intl AP_SK,REGINA INTL,CAN_SK_Regina.Intl.AP.718630_CWEC2020.zip
ERS-EX-52796-in.idf,Saskatoon Intl AP_SK,SASKATOON INTL,CAN_SK_Saskatoon.Intl.AP.718660_CWEC2020.zip
ERS-EX-5280-in.idf,Quebec Intl AP_QC,QUEBEC INTL,CAN_QC_Quebec.Intl.AP.717140_CWEC2020.zip
ERS-EX-5281-in.idf,Quebec Intl AP_QC,QUEBEC INTL,CAN_QC_Quebec.Intl.AP.717140_CWEC2020.zip
ERS-EX-52814-in.idf,Saskatoon Intl AP_SK,SASKATOON INTL,CAN_SK_Saskatoon.Intl.AP.718660_CWEC2020.zip
ERS-EX-52864-in.idf,Saskatoon Intl AP_SK,SASKATOON INTL,CAN_SK_Saskatoon.Intl.AP.718660_CWEC2020.zip
ERS-EX-52876-in.idf,Saskatoon Intl AP_SK,SASKATOON INTL,CAN_SK_Saskatoon.Intl.AP.718660_CWEC2020.zip
ERS-EX-52887-in.idf,Saskatoon Intl AP_SK,SASKATOON INTL,CAN_SK_Saskatoon.Intl.AP.718660_CWEC2020.zip
ERS-EX-5290-in.idf,Quebec Intl AP_QC,QUEBEC INTL,CAN_QC_Quebec.Intl.AP.717140_CWEC2020.zip
ERS-EX-52917-in.idf,North Battleford_SK,NORTH BATTLEFORD,CAN_SK_North.Battleford.718760_CWEC2020.zip
ERS-EX-52918-in.idf,Saskatoon Intl AP_SK,SASKATOON INTL,CAN_SK_Saskatoon.Intl.AP.718660_CWEC2020.zip
ERS-EX-52925-in.idf,Saskatoon Intl AP_SK,SASKATOON INTL,CAN_SK_Saskatoon.Intl.AP.718660_CWEC2020.zip
ERS-EX-52926-in.idf,Saskatoon Intl AP_SK,SASKATOON INTL,CAN_SK_Saskatoon.Intl.AP.718660_CWEC2020.zip
ERS-EX-52928-in.idf,Saskatoon Intl AP_SK,SASKATOON INTL,CAN_SK_Saskatoon.Intl.AP.718660_CWEC2020.zip
ERS-EX-5293-in.idf,Quebec Intl AP_QC,QUEBEC INTL,CAN_QC_Quebec.Intl.AP.717140_CWEC2020.zip
ERS-EX-52937-in.idf,Saskatoon Intl AP_SK,SASKATOON INTL,CAN_SK_Saskatoon.Intl.AP.718660_CWEC2020.zip
ERS-EX-5294-in.idf,Quebec Intl AP_QC,QUEBEC INTL,CAN_QC_Quebec.Intl.AP.717140_CWEC2020.zip
ERS-EX-52943-in.idf,Saskatoon Intl AP_SK,SASKATOON INTL,CAN_SK_Saskatoon.Intl.AP.718660_CWEC2020.zip
ERS-EX-5295-in.idf,Quebec Intl AP_QC,QUEBEC INTL,CAN_QC_Quebec.Intl.AP.717140_CWEC2020.zip
ERS-EX-52953-in.idf,Saskatoon Intl AP_SK,SASKATOON INTL,CAN_SK_Saskatoon.Intl.AP.718660_CWEC2020.zip
ERS-EX-52958-in.idf,Saskatoon Intl AP_SK,SASKATOON INTL,CAN_SK_Saskatoon.Intl.AP.718660_CWEC2020.zip
ERS-EX-52959-in.idf,Saskatoon Intl AP_SK,SASKATOON INTL,CAN_SK_Saskatoon.Intl.AP.718660_CWEC2020.zip
ERS-EX-5296-in.idf,Quebec Intl AP_QC,QUEBEC INTL,CAN_QC_Quebec.Intl.AP.717140_CWEC2020.zip
ERS-EX-52984-in.idf,Saskatoon Intl AP_SK,SASKATOON INTL,CAN_SK_Saskatoon.Intl.AP.718660_CWEC2020.zip
ERS-EX-52990-in.idf,Saskatoon Intl AP_SK,SASKATOON INTL,CAN_SK_Saskatoon.Intl.AP.718660_CWEC2020.zip
ERS-EX-52991-in.idf,Saskatoon Intl AP_SK,SASKATOON INTL,CAN_SK_Saskatoon.Intl.AP.718660_CWEC2020.zip
ERS-EX-52997-in.idf,Saskatoon Intl AP_SK,SASKATOON INTL,CAN_SK_Saskatoon.Intl.AP.718660_CWEC2020.zip
ERS-EX-5300-in.idf,Quebec Intl AP_QC,QUEBEC INTL,CAN_QC_Quebec.Intl.AP.717140_CWEC2020.zip
ERS-EX-53001-in.idf,Saskatoon Intl AP_SK,SASKATOON INTL,CAN_SK_Saskatoon.Intl.AP.718660_CWEC2020.zip
ERS-EX-53006-in.idf,Saskatoon Intl AP_SK,SASKATOON INTL,CAN_SK_Saskatoon.Intl.AP.718660_CWEC2020.zip
ERS-EX-53009-in.idf,Saskatoon Intl AP_SK,SASKATOON INTL,CAN_SK_Saskatoon.Intl.AP.718660_CWEC2020.zip
ERS-EX-53015-in.idf,Saskatoon Intl AP_SK,SASKATOON INTL,CAN_SK_Saskatoon.Intl.AP.718660_CWEC2020.zip
ERS-EX-53022-in.idf,Saskatoon Intl AP_SK,SASKATOON INTL,CAN_SK_Saskatoon.Intl.AP.718660_CWEC2020.zip
ERS-EX-53025-in.idf,Saskatoon Intl AP_SK,SASKATOON INTL,CAN_SK_Saskatoon.Intl.AP.718660_CWEC2020.zip
ERS-EX-5303-in.idf,Quebec Intl AP_QC,QUEBEC INTL,CAN_QC_Quebec.Intl.AP.717140_CWEC2020.zip
ERS-EX-53048-in.idf,Saskatoon Intl AP_SK,SASKATOON INTL,CAN_SK_Saskatoon.Intl.AP.718660_CWEC2020.zip
ERS-EX-53050-in.idf,Saskatoon Intl AP_SK,SASKATOON INTL,CAN_SK_Saskatoon.Intl.AP.718660_CWEC2020.zip
ERS-EX-5308-in.idf,Quebec Intl AP_QC,QUEBEC INTL,CAN_QC_Quebec.Intl.AP.717140_CWEC2020.zip
ERS-EX-53082-in.idf,Saskatoon Intl AP_SK,SASKATOON INTL,CAN_SK_Saskatoon.Intl.AP.718660_CWEC2020.zip
ERS-EX-53083-in.idf,Saskatoon Intl AP_SK,SASKATOON INTL,CAN_SK_Saskatoon.Intl.AP.718660_CWEC2020.zip
ERS-EX-53085-in.idf,Saskatoon Intl AP_SK,SASKATOON INTL,CAN_SK_Saskatoon.Intl.AP.718660_CWEC2020.zip
ERS-EX-53091-in.idf,Saskatoon Intl AP_SK,SASKATOON INTL,CAN_SK_Saskatoon.Intl.AP.718660_CWEC2020.zip
ERS-EX-53097-in.idf,Saskatoon Intl AP_SK,SASKATOON INTL,CAN_SK_Saskatoon.Intl.AP.718660_CWEC2020.zip
ERS-EX-5310-in.idf,Quebec Intl AP_QC,QUEBEC INTL,CAN_QC_Quebec.Intl.AP.717140_CWEC2020.zip
ERS-EX-53111-in.idf,Regina Intl AP_SK,REGINA INTL,CAN_SK_Regina.Intl.AP.718630_CWEC2020.zip
ERS-EX-53113-in.idf,Saskatoon Intl AP_SK,SASKATOON INTL,CAN_SK_Saskatoon.Intl.AP.718660_CWEC2020.zip
ERS-EX-53114-in.idf,Saskatoon Intl AP_SK,SASKATOON INTL,CAN_SK_Saskatoon.Intl.AP.718660_CWEC2020.zip
ERS-EX-53116-in.idf,Saskatoon Intl AP_SK,SASKATOON INTL,CAN_SK_Saskatoon.Intl.AP.718660_CWEC2020.zip
ERS-EX-53118-in.idf,Saskatoon Intl AP_SK,SASKATOON INTL,CAN_SK_Saskatoon.Intl.AP.718660_CWEC2020.zip
ERS-EX-5312-in.idf,Quebec Intl AP_QC,QUEBEC INTL,CAN_QC_Quebec.Intl.AP.717140_CWEC2020.zip
ERS-EX-5314-in.idf,Quebec Intl AP_QC,QUEBEC INTL,CAN_QC_Quebec.Intl.AP.717140_CWEC2020.zip
ERS-EX-53141-in.idf,Saskatoon Intl AP_SK,SASKATOON INTL,CAN_SK_Saskatoon.Intl.AP.718660_CWEC2020.zip
ERS-EX-53143-in.idf,Saskatoon Intl AP_SK,SASKATOON INTL,CAN_SK_Saskatoon.Intl.AP.718660_CWEC2020.zip
ERS-EX-53145-in.idf,Saskatoon Intl AP_SK,SASKATOON INTL,CAN_SK_Saskatoon.Intl.AP.718660_CWEC2020.zip
ERS-EX-53148-in.idf,Saskatoon Intl AP_SK,SASKATOON INTL,CAN_SK_Saskatoon.Intl.AP.718660_CWEC2020.zip
ERS-EX-5315-in.idf,Quebec Intl AP_QC,QUEBEC INTL,CAN_QC_Quebec.Intl.AP.717140_CWEC2020.zip
ERS-EX-53151-in.idf,Saskatoon Intl AP_SK,SASKATOON INTL,CAN_SK_Saskatoon.Intl.AP.718660_CWEC2020.zip
ERS-EX-5316-in.idf,Quebec Intl AP_QC,QUEBEC INTL,CAN_QC_Quebec.Intl.AP.717140_CWEC2020.zip
ERS-EX-53165-in.idf,Saskatoon Intl AP_SK,SASKATOON INTL,CAN_SK_Saskatoon.Intl.AP.718660_CWEC2020.zip
ERS-EX-53169-in.idf,Saskatoon Intl AP_SK,SASKATOON INTL,CAN_SK_Saskatoon.Intl.AP.718660_CWEC2020.zip
ERS-EX-53171-in.idf,Saskatoon Intl AP_SK,SASKATOON INTL,CAN_SK_Saskatoon.Intl.AP.718660_CWEC2020.zip
ERS-EX-53174-in.idf,Saskatoon Intl AP_SK,SASKATOON INTL,CAN_SK_Saskatoon.Intl.AP.718660_CWEC2020.zip
ERS-EX-53175-in.idf,Saskatoon Intl AP_SK,SASKATOON INTL,CAN_SK_Saskatoon.Intl.AP.718660_CWEC2020.zip
ERS-EX-5318-in.idf,Quebec Intl AP_QC,QUEBEC INTL,CAN_QC_Quebec.Intl.AP.717140_CWEC2020.zip
ERS-EX-5319-in.idf,Quebec Intl AP_QC,QUEBEC INTL,CAN_QC_Quebec.Intl.AP.717140_CWEC2020.zip
ERS-EX-53195-in.idf,Saskatoon Intl AP_SK,SASKATOON INTL,CAN_SK_Saskatoon.Intl.AP.718660_CWEC2020.zip
ERS-EX-53201-in.idf,Saskatoon Intl AP_SK,SASKATOON INTL,CAN_SK_Saskatoon.Intl.AP.718660_CWEC2020.zip
ERS-EX-53205-in.idf,Regina Intl AP_SK,REGINA INTL,CAN_SK_Regina.Intl.AP.718630_CWEC2020.zip
ERS-EX-53210-in.idf,Regina Intl AP_SK,REGINA INTL,CAN_SK_Regina.Intl.AP.718630_CWEC2020.zip
ERS-EX-53211-in.idf,Regina Intl AP_SK,REGINA INTL,CAN_SK_Regina.Intl.AP.718630_CWEC2020.zip
ERS-EX-53214-in.idf,Saskatoon Intl AP_SK,SASKATOON INTL,CAN_SK_Saskatoon.Intl.AP.718660_CWEC2020.zip
ERS-EX-53217-in.idf,Saskatoon Intl AP_SK,SASKATOON INTL,CAN_SK_Saskatoon.Intl.AP.718660_CWEC2020.zip
ERS-EX-5322-in.idf,Quebec Intl AP_QC,QUEBEC INTL,CAN_QC_Quebec.Intl.AP.717140_CWEC2020.zip
ERS-EX-53220-in.idf,Saskatoon Intl AP_SK,SASKATOON INTL,CAN_SK_Saskatoon.Intl.AP.718660_CWEC2020.zip
ERS-EX-53225-in.idf,Saskatoon Intl AP_SK,SASKATOON INTL,CAN_SK_Saskatoon.Intl.AP.718660_CWEC2020.zip
ERS-EX-5323-in.idf,Quebec Intl AP_QC,QUEBEC INTL,CAN_QC_Quebec.Intl.AP.717140_CWEC2020.zip
ERS-EX-53235-in.idf,Whistler Nesters_BC,WHISTLER - NESTERS,CAN_BC_Whistler.Nesters.716870_CWEC2020.zip
ERS-EX-5324-in.idf,Quebec Intl AP_QC,QUEBEC INTL,CAN_QC_Quebec.Intl.AP.717140_CWEC2020.zip
ERS-EX-53241-in.idf,Vancouver Intl AP_BC,VANCOUVER INTL,CAN_BC_Vancouver.Intl.AP.718920_CWEC2020.zip
ERS-EX-53243-in.idf,Vancouver Intl AP_BC,VANCOUVER INTL,CAN_BC_Vancouver.Intl.AP.718920_CWEC2020.zip
ERS-EX-53247-in.idf,Whistler Nesters_BC,WHISTLER - NESTERS,CAN_BC_Whistler.Nesters.716870_CWEC2020.zip
ERS-EX-5325-in.idf,Quebec Intl AP_QC,QUEBEC INTL,CAN_QC_Quebec.Intl.AP.717140_CWEC2020.zip
ERS-EX-53251-in.idf,Whistler Nesters_BC,WHISTLER - NESTERS,CAN_BC_Whistler.Nesters.716870_CWEC2020.zip
ERS-EX-53253-in.idf,Vancouver Intl AP_BC,VANCOUVER INTL,CAN_BC_Vancouver.Intl.AP.718920_CWEC2020.zip
ERS-EX-53259-in.idf,Vancouver Intl AP_BC,VANCOUVER INTL,CAN_BC_Vancouver.Intl.AP.718920_CWEC2020.zip
ERS-EX-53265-in.idf,Vancouver Intl AP_BC,VANCOUVER INTL,CAN_BC_Vancouver.Intl.AP.718920_CWEC2020.zip
ERS-EX-53275-in.idf,Whistler Nesters_BC,WHISTLER - NESTERS,CAN_BC_Whistler.Nesters.716870_CWEC2020.zip
ERS-EX-53281-in.idf,Vancouver Intl AP_BC,VANCOUVER INTL,CAN_BC_Vancouver.Intl.AP.718920_CWEC2020.zip
ERS-EX-53284-in.idf,Vancouver Intl AP_BC,VANCOUVER INTL,CAN_BC_Vancouver.Intl.AP.718920_CWEC2020.zip
ERS-EX-53287-in.idf,Vancouver Intl AP_BC,VANCOUVER INTL,CAN_BC_Vancouver.Intl.AP.718920_CWEC2020.zip
ERS-EX-53294-in.idf,Vancouver Intl AP_BC,VANCOUVER INTL,CAN_BC_Vancouver.Intl.AP.718920_CWEC2020.zip
ERS-EX-53297-in.idf,Vancouver Intl AP_BC,VANCOUVER INTL,CAN_BC_Vancouver.Intl.AP.718920_CWEC2020.zip
ERS-EX-5330-in.idf,Quebec Intl AP_QC,QUEBEC INTL,CAN_QC_Quebec.Intl.AP.717140_CWEC2020.zip
ERS-EX-53302-in.idf,Vancouver Intl AP_BC,VANCOUVER INTL,CAN_BC_Vancouver.Intl.AP.718920_CWEC2020.zip
ERS-EX-53303-in.idf,Vancouver Intl AP_BC,VANCOUVER INTL,CAN_BC_Vancouver.Intl.AP.718920_CWEC2020.zip
ERS-EX-53305-in.idf,Vancouver Intl AP_BC,VANCOUVER INTL,CAN_BC_Vancouver.Intl.AP.718920_CWEC2020.zip
ERS-EX-53306-in.idf,Vancouver Intl AP_BC,VANCOUVER INTL,CAN_BC_Vancouver.Intl.AP.718920_CWEC2020.zip
ERS-EX-53311-in.idf,Vancouver Intl AP_BC,VANCOUVER INTL,CAN_BC_Vancouver.Intl.AP.718920_CWEC2020.zip
ERS-EX-5332-in.idf,Quebec Intl AP_QC,QUEBEC INTL,CAN_QC_Quebec.Intl.AP.717140_CWEC2020.zip
ERS-EX-53322-in.idf,Vancouver Intl AP_BC,VANCOUVER INTL,CAN_BC_Vancouver.Intl.AP.718920_CWEC2020.zip
ERS-EX-53329-in.idf,Vancouver Intl AP_BC,VANCOUVER INTL,CAN_BC_Vancouver.Intl.AP.718920_CWEC2020.zip
ERS-EX-5333-in.idf,Quebec Intl AP_QC,QUEBEC INTL,CAN_QC_Quebec.Intl.AP.717140_CWEC2020.zip
ERS-EX-53335-in.idf,Vancouver Intl AP_BC,VANCOUVER INTL,CAN_BC_Vancouver.Intl.AP.718920_CWEC2020.zip
ERS-EX-53337-in.idf,Vancouver Intl AP_BC,VANCOUVER INTL,CAN_BC_Vancouver.Intl.AP.718920_CWEC2020.zip
ERS-EX-53340-in.idf,Vancouver Intl AP_BC,VANCOUVER INTL,CAN_BC_Vancouver.Intl.AP.718920_CWEC2020.zip
ERS-EX-53346-in.idf,Vancouver Intl AP_BC,VANCOUVER INTL,CAN_BC_Vancouver.Intl.AP.718920_CWEC2020.zip
ERS-EX-53347-in.idf,Vancouver Intl AP_BC,VANCOUVER INTL,CAN_BC_Vancouver.Intl.AP.718920_CWEC2020.zip
ERS-EX-53350-in.idf,Vancouver Intl AP_BC,VANCOUVER INTL,CAN_BC_Vancouver.Intl.AP.718920_CWEC2020.zip
ERS-EX-53354-in.idf,Vancouver Intl AP_BC,VANCOUVER INTL,CAN_BC_Vancouver.Intl.AP.718920_CWEC2020.zip
ERS-EX-53356-in.idf,Vancouver Intl AP_BC,VANCOUVER INTL,CAN_BC_Vancouver.Intl.AP.718920_CWEC2020.zip
ERS-EX-53361-in.idf,Vancouver Intl AP_BC,VANCOUVER INTL,CAN_BC_Vancouver.Intl.AP.718920_CWEC2020.zip
ERS-EX-53365-in.idf,Vancouver Intl AP_BC,VANCOUVER INTL,CAN_BC_Vancouver.Intl.AP.718920_CWEC2020.zip
ERS-EX-53367-in.idf,Vancouver Intl AP_BC,VANCOUVER INTL,CAN_BC_Vancouver.Intl.AP.718920_CWEC2020.zip
ERS-EX-53374-in.idf,Vancouver Intl AP_BC,VANCOUVER INTL,CAN_BC_Vancouver.Intl.AP.718920_CWEC2020.zip
ERS-EX-53378-in.idf,Vancouver Intl AP_BC,VANCOUVER INTL,CAN_BC_Vancouver.Intl.AP.718920_CWEC2020.zip
ERS-EX-5339-in.idf,Quebec Intl AP_QC,QUEBEC INTL,CAN_QC_Quebec.Intl.AP.717140_CWEC2020.zip
ERS-EX-53392-in.idf,Vancouver Intl AP_BC,VANCOUVER INTL,CAN_BC_Vancouver.Intl.AP.718920_CWEC2020.zip
ERS-EX-53398-in.idf,Vancouver Intl AP_BC,VANCOUVER INTL,CAN_BC_Vancouver.Intl.AP.718920_CWEC2020.zip
ERS-EX-5340-in.idf,Quebec Intl AP_QC,QUEBEC INTL,CAN_QC_Quebec.Intl.AP.717140_CWEC2020.zip
ERS-EX-53401-in.idf,Vancouver Intl AP_BC,VANCOUVER INTL,CAN_BC_Vancouver.Intl.AP.718920_CWEC2020.zip
ERS-EX-53405-in.idf,Vancouver Intl AP_BC,VANCOUVER INTL,CAN_BC_Vancouver.Intl.AP.718920_CWEC2020.zip
ERS-EX-53409-in.idf,Vancouver Intl AP_BC,VANCOUVER INTL,CAN_BC_Vancouver.Intl.AP.718920_CWEC2020.zip
ERS-EX-5341-in.idf,Quebec Intl AP_QC,QUEBEC INTL,CAN_QC_Quebec.Intl.AP.717140_CWEC2020.zip
ERS-EX-53411-in.idf,Vancouver Intl AP_BC,VANCOUVER INTL,CAN_BC_Vancouver.Intl.AP.718920_CWEC2020.zip
ERS-EX-53419-in.idf,Vancouver Intl AP_BC,VANCOUVER INTL,CAN_BC_Vancouver.Intl.AP.718920_CWEC2020.zip
ERS-EX-53425-in.idf,Vancouver Intl AP_BC,VANCOUVER INTL,CAN_BC_Vancouver.Intl.AP.718920_CWEC2020.zip
ERS-EX-53427-in.idf,Vancouver Intl AP_BC,VANCOUVER INTL,CAN_BC_Vancouver.Intl.AP.718920_CWEC2020.zip
ERS-EX-53428-in.idf,Vancouver Intl AP_BC,VANCOUVER INTL,CAN_BC_Vancouver.Intl.AP.718920_CWEC2020.zip
ERS-EX-53434-in.idf,Vancouver Intl AP_BC,VANCOUVER INTL,CAN_BC_Vancouver.Intl.AP.718920_CWEC2020.zip
ERS-EX-53440-in.idf,Vancouver Intl AP_BC,VANCOUVER INTL,CAN_BC_Vancouver.Intl.AP.718920_CWEC2020.zip
ERS-EX-53441-in.idf,Vancouver Intl AP_BC,VANCOUVER INTL,CAN_BC_Vancouver.Intl.AP.718920_CWEC2020.zip
ERS-EX-53445-in.idf,Vancouver Intl AP_BC,VANCOUVER INTL,CAN_BC_Vancouver.Intl.AP.718920_CWEC2020.zip
ERS-EX-53446-in.idf,Vancouver Intl AP_BC,VANCOUVER INTL,CAN_BC_Vancouver.Intl.AP.718920_CWEC2020.zip
ERS-EX-53458-in.idf,Vancouver Intl AP_BC,VANCOUVER INTL,CAN_BC_Vancouver.Intl.AP.718920_CWEC2020.zip
ERS-EX-53461-in.idf,Vancouver Intl AP_BC,VANCOUVER INTL,CAN_BC_Vancouver.Intl.AP.718920_CWEC2020.zip
ERS-EX-53464-in.idf,Vancouver Intl AP_BC,VANCOUVER INTL,CAN_BC_Vancouver.Intl.AP.718920_CWEC2020.zip
ERS-EX-53468-in.idf,Vancouver Intl AP_BC,VANCOUVER INTL,CAN_BC_Vancouver.Intl.AP.718920_CWEC2020.zip
ERS-EX-53470-in.idf,Vancouver Intl AP_BC,VANCOUVER INTL,CAN_BC_Vancouver.Intl.AP.718920_CWEC2020.zip
ERS-EX-53471-in.idf,Vancouver Intl AP_BC,VANCOUVER INTL,CAN_BC_Vancouver.Intl.AP.718920_CWEC2020.zip
ERS-EX-53482-in.idf,Vancouver Intl AP_BC,VANCOUVER INTL,CAN_BC_Vancouver.Intl.AP.718920_CWEC2020.zip
ERS-EX-53483-in.idf,Vancouver Intl AP_BC,VANCOUVER INTL,CAN_BC_Vancouver.Intl.AP.718920_CWEC2020.zip
ERS-EX-53485-in.idf,Vancouver Intl AP_BC,VANCOUVER INTL,CAN_BC_Vancouver.Intl.AP.718920_CWEC2020.zip
ERS-EX-53486-in.idf,Vancouver Intl AP_BC,VANCOUVER INTL,CAN_BC_Vancouver.Intl.AP.718920_CWEC2020.zip
ERS-EX-5349-in.idf,Quebec Intl AP_QC,QUEBEC INTL,CAN_QC_Quebec.Intl.AP.717140_CWEC2020.zip
ERS-EX-53501-in.idf,Vancouver Intl AP_BC,VANCOUVER INTL,CAN_BC_Vancouver.Intl.AP.718920_CWEC2020.zip
ERS-EX-53504-in.idf,Vancouver Intl AP_BC,VANCOUVER INTL,CAN_BC_Vancouver.Intl.AP.718920_CWEC2020.zip
ERS-EX-53510-in.idf,Vancouver Intl AP_BC,VANCOUVER INTL,CAN_BC_Vancouver.Intl.AP.718920_CWEC2020.zip
ERS-EX-53513-in.idf,Vancouver Intl AP_BC,VANCOUVER INTL,CAN_BC_Vancouver.Intl.AP.718920_CWEC2020.zip
ERS-EX-53518-in.idf,Vancouver Intl AP_BC,VANCOUVER INTL,CAN_BC_Vancouver.Intl.AP.718920_CWEC2020.zip
ERS-EX-53520-in.idf,Vancouver Intl AP_BC,VANCOUVER INTL,CAN_BC_Vancouver.Intl.AP.718920_CWEC2020.zip
ERS-EX-53526-in.idf,Vancouver Intl AP_BC,VANCOUVER INTL,CAN_BC_Vancouver.Intl.AP.718920_CWEC2020.zip
ERS-EX-53528-in.idf,Vancouver Intl AP_BC,VANCOUVER INTL,CAN_BC_Vancouver.Intl.AP.718920_CWEC2020.zip
ERS-EX-53529-in.idf,Vancouver Intl AP_BC,VANCOUVER INTL,CAN_BC_Vancouver.Intl.AP.718920_CWEC2020.zip
ERS-EX-5353-in.idf,Quebec Intl AP_QC,QUEBEC INTL,CAN_QC_Quebec.Intl.AP.717140_CWEC2020.zip
ERS-EX-53539-in.idf,Vancouver Intl AP_BC,VANCOUVER INTL,CAN_BC_Vancouver.Intl.AP.718920_CWEC2020.zip
ERS-EX-53540-in.idf,Vancouver Intl AP_BC,VANCOUVER INTL,CAN_BC_Vancouver.Intl.AP.718920_CWEC2020.zip
ERS-EX-53542-in.idf,Vancouver Intl AP_BC,VANCOUVER INTL,CAN_BC_Vancouver.Intl.AP.718920_CWEC2020.zip
ERS-EX-53546-in.idf,Vancouver Intl AP_BC,VANCOUVER INTL,CAN_BC_Vancouver.Intl.AP.718920_CWEC2020.zip
ERS-EX-53547-in.idf,Vancouver Intl AP_BC,VANCOUVER INTL,CAN_BC_Vancouver.Intl.AP.718920_CWEC2020.zip
ERS-EX-53549-in.idf,Vancouver Intl AP_BC,VANCOUVER INTL,CAN_BC_Vancouver.Intl.AP.718920_CWEC2020.zip
ERS-EX-5355-in.idf,Quebec Intl AP_QC,QUEBEC INTL,CAN_QC_Quebec.Intl.AP.717140_CWEC2020.zip
ERS-EX-53553-in.idf,Vancouver Intl AP_BC,VANCOUVER INTL,CAN_BC_Vancouver.Intl.AP.718920_CWEC2020.zip
ERS-EX-53557-in.idf,Vancouver Intl AP_BC,VANCOUVER INTL,CAN_BC_Vancouver.Intl.AP.718920_CWEC2020.zip
ERS-EX-53558-in.idf,Vancouver Intl AP_BC,VANCOUVER INTL,CAN_BC_Vancouver.Intl.AP.718920_CWEC2020.zip
ERS-EX-53560-in.idf,Vancouver Intl AP_BC,VANCOUVER INTL,CAN_BC_Vancouver.Intl.AP.718920_CWEC2020.zip
ERS-EX-53565-in.idf,Vancouver Intl AP_BC,VANCOUVER INTL,CAN_BC_Vancouver.Intl.AP.718920_CWEC2020.zip
ERS-EX-53569-in.idf,Vancouver Intl AP_BC,VANCOUVER INTL,CAN_BC_Vancouver.Intl.AP.718920_CWEC2020.zip
ERS-EX-53571-in.idf,Vancouver Intl AP_BC,VANCOUVER INTL,CAN_BC_Vancouver.Intl.AP.718920_CWEC2020.zip
ERS-EX-53572-in.idf,Vancouver Intl AP_BC,VANCOUVER INTL,CAN_BC_Vancouver.Intl.AP.718920_CWEC2020.zip
ERS-EX-53575-in.idf,Vancouver Intl AP_BC,VANCOUVER INTL,CAN_BC_Vancouver.Intl.AP.718920_CWEC2020.zip
ERS-EX-53577-in.idf,Vancouver Intl AP_BC,VANCOUVER INTL,CAN_BC_Vancouver.Intl.AP.718920_CWEC2020.zip
ERS-EX-53579-in.idf,Vancouver Intl AP_BC,VANCOUVER INTL,CAN_BC_Vancouver.Intl.AP.718920_CWEC2020.zip
ERS-EX-5358-in.idf,Quebec Intl AP_QC,QUEBEC INTL,CAN_QC_Quebec.Intl.AP.717140_CWEC2020.zip
ERS-EX-53583-in.idf,Vancouver Intl AP_BC,VANCOUVER INTL,CAN_BC_Vancouver.Intl.AP.718920_CWEC2020.zip
ERS-EX-53588-in.idf,Vancouver Intl AP_BC,VANCOUVER INTL,CAN_BC_Vancouver.Intl.AP.718920_CWEC2020.zip
ERS-EX-5359-in.idf,Quebec Intl AP_QC,QUEBEC INTL,CAN_QC_Quebec.Intl.AP.717140_CWEC2020.zip
ERS-EX-53596-in.idf,Vancouver Intl AP_BC,VANCOUVER INTL,CAN_BC_Vancouver.Intl.AP.718920_CWEC2020.zip
ERS-EX-53597-in.idf,Whistler Nesters_BC,WHISTLER - NESTERS,CAN_BC_Whistler.Nesters.716870_CWEC2020.zip
ERS-EX-53602-in.idf,Kamloops AP_BC,KAMLOOPS,CAN_BC_Kamloops.AP.718870_CWEC2020.zip
ERS-EX-53616-in.idf,Vancouver Intl AP_BC,VANCOUVER INTL,CAN_BC_Vancouver.Intl.AP.718920_CWEC2020.zip
ERS-EX-53617-in.idf,Vancouver Intl AP_BC,VANCOUVER INTL,CAN_BC_Vancouver.Intl.AP.718920_CWEC2020.zip
ERS-EX-53618-in.idf,Vancouver Intl AP_BC,VANCOUVER INTL,CAN_BC_Vancouver.Intl.AP.718920_CWEC2020.zip
ERS-EX-5362-in.idf,Quebec Intl AP_QC,QUEBEC INTL,CAN_QC_Quebec.Intl.AP.717140_CWEC2020.zip
ERS-EX-53626-in.idf,Comox AP_BC,COMOX,CAN_BC_Comox.AP.718930_CWEC2020.zip
ERS-EX-53628-in.idf,Comox AP_BC,COMOX,CAN_BC_Comox.AP.718930_CWEC2020.zip
ERS-EX-53629-in.idf,Comox AP_BC,COMOX,CAN_BC_Comox.AP.718930_CWEC2020.zip
ERS-EX-53632-in.idf,Summerland CS_BC,SUMMERLAND,CAN_BC_Summerland.CS.717680_CWEC2020.zip
ERS-EX-53634-in.idf,Summerland CS_BC,SUMMERLAND,CAN_BC_Summerland.CS.717680_CWEC2020.zip
ERS-EX-53637-in.idf,Summerland CS_BC,SUMMERLAND,CAN_BC_Summerland.CS.717680_CWEC2020.zip
ERS-EX-5364-in.idf,Quebec Intl AP_QC,QUEBEC INTL,CAN_QC_Quebec.Intl.AP.717140_CWEC2020.zip
ERS-EX-53643-in.idf,Cranbrook AP_BC,CRANBROOK,CAN_BC_Cranbrook.AP.718800_CWEC2020.zip
ERS-EX-53644-in.idf,Nelson CS_BC,NELSON,CAN_BC_Nelson.CS.717760_CWEC2020.zip
ERS-EX-5365-in.idf,Quebec Intl AP_QC,QUEBEC INTL,CAN_QC_Quebec.Intl.AP.717140_CWEC2020.zip
ERS-EX-53650-in.idf,Kamloops AP_BC,KAMLOOPS,CAN_BC_Kamloops.AP.718870_CWEC2020.zip
ERS-EX-53651-in.idf,Kamloops AP_BC,KAMLOOPS,CAN_BC_Kamloops.AP.718870_CWEC2020.zip
ERS-EX-53653-in.idf,Summerland CS_BC,SUMMERLAND,CAN_BC_Summerland.CS.717680_CWEC2020.zip
ERS-EX-53656-in.idf,Summerland CS_BC,SUMMERLAND,CAN_BC_Summerland.CS.717680_CWEC2020.zip
ERS-EX-53660-in.idf,Summerland CS_BC,SUMMERLAND,CAN_BC_Summerland.CS.717680_CWEC2020.zip
ERS-EX-53667-in.idf,Summerland CS_BC,SUMMERLAND,CAN_BC_Summerland.CS.717680_CWEC2020.zip
ERS-EX-5367-in.idf,Quebec Intl AP_QC,QUEBEC INTL,CAN_QC_Quebec.Intl.AP.717140_CWEC2020.zip
ERS-EX-53670-in.idf,Summerland CS_BC,SUMMERLAND,CAN_BC_Summerland.CS.717680_CWEC2020.zip
ERS-EX-53675-in.idf,Summerland CS_BC,SUMMERLAND,CAN_BC_Summerland.CS.717680_CWEC2020.zip
ERS-EX-53679-in.idf,Summerland CS_BC,SUMMERLAND,CAN_BC_Summerland.CS.717680_CWEC2020.zip
ERS-EX-53681-in.idf,Summerland CS_BC,SUMMERLAND,CAN_BC_Summerland.CS.717680_CWEC2020.zip
ERS-EX-53682-in.idf,Summerland CS_BC,SUMMERLAND,CAN_BC_Summerland.CS.717680_CWEC2020.zip
ERS-EX-53686-in.idf,Summerland CS_BC,SUMMERLAND,CAN_BC_Summerland.CS.717680_CWEC2020.zip
ERS-EX-53700-in.idf,Summerland CS_BC,SUMMERLAND,CAN_BC_Summerland.CS.717680_CWEC2020.zip
ERS-EX-53704-in.idf,Summerland CS_BC,SUMMERLAND,CAN_BC_Summerland.CS.717680_CWEC2020.zip
ERS-EX-53706-in.idf,Summerland CS_BC,SUMMERLAND,CAN_BC_Summerland.CS.717680_CWEC2020.zip
ERS-EX-53707-in.idf,Vancouver Intl AP_BC,VANCOUVER INTL,CAN_BC_Vancouver.Intl.AP.718920_CWEC2020.zip
ERS-EX-53708-in.idf,Vancouver Intl AP_BC,VANCOUVER INTL,CAN_BC_Vancouver.Intl.AP.718920_CWEC2020.zip
ERS-EX-53709-in.idf,Kamloops AP_BC,KAMLOOPS,CAN_BC_Kamloops.AP.718870_CWEC2020.zip
ERS-EX-53717-in.idf,Summerland CS_BC,SUMMERLAND,CAN_BC_Summerland.CS.717680_CWEC2020.zip
ERS-EX-53723-in.idf,Summerland CS_BC,SUMMERLAND,CAN_BC_Summerland.CS.717680_CWEC2020.zip
ERS-EX-53726-in.idf,Vancouver Intl AP_BC,VANCOUVER INTL,CAN_BC_Vancouver.Intl.AP.718920_CWEC2020.zip
ERS-EX-53742-in.idf,Summerland CS_BC,SUMMERLAND,CAN_BC_Summerland.CS.717680_CWEC2020.zip
ERS-EX-53743-in.idf,Kamloops AP_BC,KAMLOOPS,CAN_BC_Kamloops.AP.718870_CWEC2020.zip
ERS-EX-53745-in.idf,Kamloops AP_BC,KAMLOOPS,CAN_BC_Kamloops.AP.718870_CWEC2020.zip
ERS-EX-5375-in.idf,Baie Comeau_QC,BAIE-COMEAU,CAN_QC_Baie.Comeau.718290_CWEC2020.zip
ERS-EX-53752-in.idf,Summerland CS_BC,SUMMERLAND,CAN_BC_Summerland.CS.717680_CWEC2020.zip
ERS-EX-53759-in.idf,Summerland CS_BC,SUMMERLAND,CAN_BC_Summerland.CS.717680_CWEC2020.zip
ERS-EX-5376-in.idf,Sept Iles AP_QC,SEPT ILES,CAN_QC_Sept.Iles.AP.718110_CWEC2020.zip
ERS-EX-53764-in.idf,Vancouver Intl AP_BC,VANCOUVER INTL,CAN_BC_Vancouver.Intl.AP.718920_CWEC2020.zip
ERS-EX-53765-in.idf,Vancouver Intl AP_BC,VANCOUVER INTL,CAN_BC_Vancouver.Intl.AP.718920_CWEC2020.zip
ERS-EX-53767-in.idf,Vancouver Intl AP_BC,VANCOUVER INTL,CAN_BC_Vancouver.Intl.AP.718920_CWEC2020.zip
ERS-EX-53768-in.idf,Vancouver Intl AP_BC,VANCOUVER INTL,CAN_BC_Vancouver.Intl.AP.718920_CWEC2020.zip
ERS-EX-53770-in.idf,Vancouver Intl AP_BC,VANCOUVER INTL,CAN_BC_Vancouver.Intl.AP.718920_CWEC2020.zip
ERS-EX-53773-in.idf,Vancouver Intl AP_BC,VANCOUVER INTL,CAN_BC_Vancouver.Intl.AP.718920_CWEC2020.zip
ERS-EX-53774-in.idf,Vancouver Intl AP_BC,VANCOUVER INTL,CAN_BC_Vancouver.Intl.AP.718920_CWEC2020.zip
ERS-EX-53779-in.idf,Vancouver Intl AP_BC,VANCOUVER INTL,CAN_BC_Vancouver.Intl.AP.718920_CWEC2020.zip
ERS-EX-5378-in.idf,Quebec Intl AP_QC,QUEBEC INTL,CAN_QC_Quebec.Intl.AP.717140_CWEC2020.zip
ERS-EX-53786-in.idf,Vancouver Intl AP_BC,VANCOUVER INTL,CAN_BC_Vancouver.Intl.AP.718920_CWEC2020.zip
ERS-EX-53787-in.idf,Vancouver Intl AP_BC,VANCOUVER INTL,CAN_BC_Vancouver.Intl.AP.718920_CWEC2020.zip
ERS-EX-53788-in.idf,Vancouver Intl AP_BC,VANCOUVER INTL,CAN_BC_Vancouver.Intl.AP.718920_CWEC2020.zip
ERS-EX-53794-in.idf,Vancouver Intl AP_BC,VANCOUVER INTL,CAN_BC_Vancouver.Intl.AP.718920_CWEC2020.zip
ERS-EX-53795-in.idf,Vancouver Intl AP_BC,VANCOUVER INTL,CAN_BC_Vancouver.Intl.AP.718920_CWEC2020.zip
ERS-EX-53797-in.idf,Vancouver Intl AP_BC,VANCOUVER INTL,CAN_BC_Vancouver.Intl.AP.718920_CWEC2020.zip
ERS-EX-53798-in.idf,Vancouver Intl AP_BC,VANCOUVER INTL,CAN_BC_Vancouver.Intl.AP.718920_CWEC2020.zip
ERS-EX-53805-in.idf,Vancouver Intl AP_BC,VANCOUVER INTL,CAN_BC_Vancouver.Intl.AP.718920_CWEC2020.zip
ERS-EX-53806-in.idf,Vancouver Intl AP_BC,VANCOUVER INTL,CAN_BC_Vancouver.Intl.AP.718920_CWEC2020.zip
ERS-EX-53810-in.idf,Vancouver Intl AP_BC,VANCOUVER INTL,CAN_BC_Vancouver.Intl.AP.718920_CWEC2020.zip
ERS-EX-53812-in.idf,Vancouver Intl AP_BC,VANCOUVER INTL,CAN_BC_Vancouver.Intl.AP.718920_CWEC2020.zip
ERS-EX-53819-in.idf,Victoria Intl AP_BC,VICTORIA INTL,CAN_BC_Victoria.Intl.AP.717990_CWEC2020.zip
ERS-EX-53820-in.idf,Vancouver Intl AP_BC,VANCOUVER INTL,CAN_BC_Vancouver.Intl.AP.718920_CWEC2020.zip
ERS-EX-53824-in.idf,Vancouver Intl AP_BC,VANCOUVER INTL,CAN_BC_Vancouver.Intl.AP.718920_CWEC2020.zip
ERS-EX-53825-in.idf,Vancouver Intl AP_BC,VANCOUVER INTL,CAN_BC_Vancouver.Intl.AP.718920_CWEC2020.zip
ERS-EX-53827-in.idf,Vancouver Intl AP_BC,VANCOUVER INTL,CAN_BC_Vancouver.Intl.AP.718920_CWEC2020.zip
ERS-EX-53830-in.idf,Vancouver Intl AP_BC,VANCOUVER INTL,CAN_BC_Vancouver.Intl.AP.718920_CWEC2020.zip
ERS-EX-53831-in.idf,Vancouver Intl AP_BC,VANCOUVER INTL,CAN_BC_Vancouver.Intl.AP.718920_CWEC2020.zip
ERS-EX-53833-in.idf,Vancouver Intl AP_BC,VANCOUVER INTL,CAN_BC_Vancouver.Intl.AP.718920_CWEC2020.zip
ERS-EX-53840-in.idf,Vancouver Intl AP_BC,VANCOUVER INTL,CAN_BC_Vancouver.Intl.AP.718920_CWEC2020.zip
ERS-EX-53842-in.idf,Vancouver Intl AP_BC,VANCOUVER INTL,CAN_BC_Vancouver.Intl.AP.718920_CWEC2020.zip
ERS-EX-53846-in.idf,Vancouver Intl AP_BC,VANCOUVER INTL,CAN_BC_Vancouver.Intl.AP.718920_CWEC2020.zip
ERS-EX-53855-in.idf,Vancouver Intl AP_BC,VANCOUVER INTL,CAN_BC_Vancouver.Intl.AP.718920_CWEC2020.zip
ERS-EX-53861-in.idf,Vancouver Intl AP_BC,VANCOUVER INTL,CAN_BC_Vancouver.Intl.AP.718920_CWEC2020.zip
ERS-EX-53862-in.idf,Vancouver Intl AP_BC,VANCOUVER INTL,CAN_BC_Vancouver.Intl.AP.718920_CWEC2020.zip
ERS-EX-53865-in.idf,Vancouver Intl AP_BC,VANCOUVER INTL,CAN_BC_Vancouver.Intl.AP.718920_CWEC2020.zip
ERS-EX-53866-in.idf,Vancouver Intl AP_BC,VANCOUVER INTL,CAN_BC_Vancouver.Intl.AP.718920_CWEC2020.zip
ERS-EX-53868-in.idf,Vancouver Intl AP_BC,VANCOUVER INTL,CAN_BC_Vancouver.Intl.AP.718920_CWEC2020.zip
ERS-EX-53869-in.idf,Vancouver Intl AP_BC,VANCOUVER INTL,CAN_BC_Vancouver.Intl.AP.718920_CWEC2020.zip
ERS-EX-53874-in.idf,Whistler Nesters_BC,WHISTLER - NESTERS,CAN_BC_Whistler.Nesters.716870_CWEC2020.zip
ERS-EX-53876-in.idf,Vancouver Intl AP_BC,VANCOUVER INTL,CAN_BC_Vancouver.Intl.AP.718920_CWEC2020.zip
ERS-EX-53879-in.idf,Vancouver Intl AP_BC,VANCOUVER INTL,CAN_BC_Vancouver.Intl.AP.718920_CWEC2020.zip
ERS-EX-53887-in.idf,Vancouver Intl AP_BC,VANCOUVER INTL,CAN_BC_Vancouver.Intl.AP.718920_CWEC2020.zip
ERS-EX-53889-in.idf,Vancouver Intl AP_BC,VANCOUVER INTL,CAN_BC_Vancouver.Intl.AP.718920_CWEC2020.zip
ERS-EX-53890-in.idf,Vancouver Intl AP_BC,VANCOUVER INTL,CAN_BC_Vancouver.Intl.AP.718920_CWEC2020.zip
ERS-EX-53892-in.idf,Vancouver Intl AP_BC,VANCOUVER INTL,CAN_BC_Vancouver.Intl.AP.718920_CWEC2020.zip
ERS-EX-53900-in.idf,Whistler Nesters_BC,WHISTLER - NESTERS,CAN_BC_Whistler.Nesters.716870_CWEC2020.zip
ERS-EX-53908-in.idf,Vancouver Intl AP_BC,VANCOUVER INTL,CAN_BC_Vancouver.Intl.AP.718920_CWEC2020.zip
ERS-EX-53910-in.idf,Vancouver Intl AP_BC,VANCOUVER INTL,CAN_BC_Vancouver.Intl.AP.718920_CWEC2020.zip
ERS-EX-53914-in.idf,Vancouver Intl AP_BC,VANCOUVER INTL,CAN_BC_Vancouver.Intl.AP.718920_CWEC2020.zip
ERS-EX-53918-in.idf,Vancouver Intl AP_BC,VANCOUVER INTL,CAN_BC_Vancouver.Intl.AP.718920_CWEC2020.zip
ERS-EX-5392-in.idf,Bathurst AP_NB,BATHURST,CAN_NB_Bathurst.AP.715740_CWEC2020.zip
ERS-EX-53920-in.idf,Vancouver Intl AP_BC,VANCOUVER INTL,CAN_BC_Vancouver.Intl.AP.718920_CWEC2020.zip
ERS-EX-53921-in.idf,Vancouver Intl AP_BC,VANCOUVER INTL,CAN_BC_Vancouver.Intl.AP.718920_CWEC2020.zip
ERS-EX-53922-in.idf,Vancouver Intl AP_BC,VANCOUVER INTL,CAN_BC_Vancouver.Intl.AP.718920_CWEC2020.zip
ERS-EX-53925-in.idf,Vancouver Intl AP_BC,VANCOUVER INTL,CAN_BC_Vancouver.Intl.AP.718920_CWEC2020.zip
ERS-EX-53931-in.idf,Vancouver Intl AP_BC,VANCOUVER INTL,CAN_BC_Vancouver.Intl.AP.718920_CWEC2020.zip
ERS-EX-53943-in.idf,Vancouver Intl AP_BC,VANCOUVER INTL,CAN_BC_Vancouver.Intl.AP.718920_CWEC2020.zip
ERS-EX-53949-in.idf,Vancouver Intl AP_BC,VANCOUVER INTL,CAN_BC_Vancouver.Intl.AP.718920_CWEC2020.zip
ERS-EX-53950-in.idf,Vancouver Intl AP_BC,VANCOUVER INTL,CAN_BC_Vancouver.Intl.AP.718920_CWEC2020.zip
ERS-EX-53951-in.idf,Vancouver Intl AP_BC,VANCOUVER INTL,CAN_BC_Vancouver.Intl.AP.718920_CWEC2020.zip
ERS-EX-53954-in.idf,Vancouver Intl AP_BC,VANCOUVER INTL,CAN_BC_Vancouver.Intl.AP.718920_CWEC2020.zip
ERS-EX-53958-in.idf,Vancouver Intl AP_BC,VANCOUVER INTL,CAN_BC_Vancouver.Intl.AP.718920_CWEC2020.zip
ERS-EX-53961-in.idf,Vancouver Intl AP_BC,VANCOUVER INTL,CAN_BC_Vancouver.Intl.AP.718920_CWEC2020.zip
ERS-EX-53963-in.idf,Vancouver Intl AP_BC,VANCOUVER INTL,CAN_BC_Vancouver.Intl.AP.718920_CWEC2020.zip
ERS-EX-53969-in.idf,Vancouver Intl AP_BC,VANCOUVER INTL,CAN_BC_Vancouver.Intl.AP.718920_CWEC2020.zip
ERS-EX-53976-in.idf,Vancouver Intl AP_BC,VANCOUVER INTL,CAN_BC_Vancouver.Intl.AP.718920_CWEC2020.zip
ERS-EX-53992-in.idf,Vancouver Intl AP_BC,VANCOUVER INTL,CAN_BC_Vancouver.Intl.AP.718920_CWEC2020.zip
ERS-EX-53994-in.idf,Vancouver Intl AP_BC,VANCOUVER INTL,CAN_BC_Vancouver.Intl.AP.718920_CWEC2020.zip
ERS-EX-54003-in.idf,Vancouver Intl AP_BC,VANCOUVER INTL,CAN_BC_Vancouver.Intl.AP.718920_CWEC2020.zip
ERS-EX-54012-in.idf,Whistler Nesters_BC,WHISTLER - NESTERS,CAN_BC_Whistler.Nesters.716870_CWEC2020.zip
ERS-EX-54016-in.idf,Summerland CS_BC,SUMMERLAND,CAN_BC_Summerland.CS.717680_CWEC2020.zip
ERS-EX-54026-in.idf,Edmonton Intl AP_AB,EDMONTON INTL,CAN_AB_Edmonton.Intl.AP.711230_CWEC2020.zip
ERS-EX-54030-in.idf,Edmonton Intl AP_AB,EDMONTON INTL,CAN_AB_Edmonton.Intl.AP.711230_CWEC2020.zip
ERS-EX-54034-in.idf,Calgary Intl AP_AB,CALGARY INTL,CAN_AB_Calgary.Intl.AP.718770_CWEC2020.zip
ERS-EX-54037-in.idf,Edmonton Intl AP_AB,EDMONTON INTL,CAN_AB_Edmonton.Intl.AP.711230_CWEC2020.zip
ERS-EX-54039-in.idf,Edmonton Intl AP_AB,EDMONTON INTL,CAN_AB_Edmonton.Intl.AP.711230_CWEC2020.zip
ERS-EX-54041-in.idf,Edmonton Intl AP_AB,EDMONTON INTL,CAN_AB_Edmonton.Intl.AP.711230_CWEC2020.zip
ERS-EX-54042-in.idf,Edmonton Intl AP_AB,EDMONTON INTL,CAN_AB_Edmonton.Intl.AP.711230_CWEC2020.zip
ERS-EX-54045-in.idf,Edmonton Intl AP_AB,EDMONTON INTL,CAN_AB_Edmonton.Intl.AP.711230_CWEC2020.zip
ERS-EX-54046-in.idf,Edmonton Intl AP_AB,EDMONTON INTL,CAN_AB_Edmonton.Intl.AP.711230_CWEC2020.zip
ERS-EX-54048-in.idf,Edmonton Intl AP_AB,EDMONTON INTL,CAN_AB_Edmonton.Intl.AP.711230_CWEC2020.zip
ERS-EX-54050-in.idf,Edmonton Intl AP_AB,EDMONTON INTL,CAN_AB_Edmonton.Intl.AP.711230_CWEC2020.zip
ERS-EX-54054-in.idf,Edmonton Intl AP_AB,EDMONTON INTL,CAN_AB_Edmonton.Intl.AP.711230_CWEC2020.zip
ERS-EX-54055-in.idf,Edmonton Intl AP_AB,EDMONTON INTL,CAN_AB_Edmonton.Intl.AP.711230_CWEC2020.zip
ERS-EX-54059-in.idf,Edmonton Intl AP_AB,EDMONTON INTL,CAN_AB_Edmonton.Intl.AP.711230_CWEC2020.zip
ERS-EX-5406-in.idf,Bathurst AP_NB,BATHURST,CAN_NB_Bathurst.AP.715740_CWEC2020.zip
ERS-EX-54065-in.idf,Edmonton Intl AP_AB,EDMONTON INTL,CAN_AB_Edmonton.Intl.AP.711230_CWEC2020.zip
ERS-EX-54066-in.idf,Edmonton Intl AP_AB,EDMONTON INTL,CAN_AB_Edmonton.Intl.AP.711230_CWEC2020.zip
ERS-EX-54072-in.idf,Edmonton Intl AP_AB,EDMONTON INTL,CAN_AB_Edmonton.Intl.AP.711230_CWEC2020.zip
ERS-EX-54075-in.idf,Edmonton Intl AP_AB,EDMONTON INTL,CAN_AB_Edmonton.Intl.AP.711230_CWEC2020.zip
ERS-EX-54077-in.idf,Edmonton Intl AP_AB,EDMONTON INTL,CAN_AB_Edmonton.Intl.AP.711230_CWEC2020.zip
ERS-EX-54088-in.idf,Edmonton Intl AP_AB,EDMONTON INTL,CAN_AB_Edmonton.Intl.AP.711230_CWEC2020.zip
ERS-EX-54109-in.idf,Edmonton Intl AP_AB,EDMONTON INTL,CAN_AB_Edmonton.Intl.AP.711230_CWEC2020.zip
ERS-EX-54111-in.idf,Edmonton Intl AP_AB,EDMONTON INTL,CAN_AB_Edmonton.Intl.AP.711230_CWEC2020.zip
ERS-EX-54135-in.idf,Edmonton Intl AP_AB,EDMONTON INTL,CAN_AB_Edmonton.Intl.AP.711230_CWEC2020.zip
ERS-EX-54142-in.idf,Edmonton Intl AP_AB,EDMONTON INTL,CAN_AB_Edmonton.Intl.AP.711230_CWEC2020.zip
ERS-EX-54147-in.idf,Edmonton Intl AP_AB,EDMONTON INTL,CAN_AB_Edmonton.Intl.AP.711230_CWEC2020.zip
ERS-EX-54148-in.idf,Edmonton Intl AP_AB,EDMONTON INTL,CAN_AB_Edmonton.Intl.AP.711230_CWEC2020.zip
ERS-EX-54151-in.idf,Edmonton Intl AP_AB,EDMONTON INTL,CAN_AB_Edmonton.Intl.AP.711230_CWEC2020.zip
ERS-EX-54152-in.idf,Edmonton Intl AP_AB,EDMONTON INTL,CAN_AB_Edmonton.Intl.AP.711230_CWEC2020.zip
ERS-EX-54154-in.idf,Edmonton Intl AP_AB,EDMONTON INTL,CAN_AB_Edmonton.Intl.AP.711230_CWEC2020.zip
ERS-EX-54156-in.idf,Edmonton Intl AP_AB,EDMONTON INTL,CAN_AB_Edmonton.Intl.AP.711230_CWEC2020.zip
ERS-EX-5416-in.idf,Bathurst AP_NB,BATHURST,CAN_NB_Bathurst.AP.715740_CWEC2020.zip
ERS-EX-54160-in.idf,Edmonton Intl AP_AB,EDMONTON INTL,CAN_AB_Edmonton.Intl.AP.711230_CWEC2020.zip
ERS-EX-54161-in.idf,Edmonton Intl AP_AB,EDMONTON INTL,CAN_AB_Edmonton.Intl.AP.711230_CWEC2020.zip
ERS-EX-54162-in.idf,Edmonton Intl AP_AB,EDMONTON INTL,CAN_AB_Edmonton.Intl.AP.711230_CWEC2020.zip
ERS-EX-54173-in.idf,Edmonton Intl AP_AB,EDMONTON INTL,CAN_AB_Edmonton.Intl.AP.711230_CWEC2020.zip
ERS-EX-54174-in.idf,Edmonton Intl AP_AB,EDMONTON INTL,CAN_AB_Edmonton.Intl.AP.711230_CWEC2020.zip
ERS-EX-54176-in.idf,Edmonton Intl AP_AB,EDMONTON INTL,CAN_AB_Edmonton.Intl.AP.711230_CWEC2020.zip
ERS-EX-54183-in.idf,Edmonton Intl AP_AB,EDMONTON INTL,CAN_AB_Edmonton.Intl.AP.711230_CWEC2020.zip
ERS-EX-54185-in.idf,Edmonton Intl AP_AB,EDMONTON INTL,CAN_AB_Edmonton.Intl.AP.711230_CWEC2020.zip
ERS-EX-54187-in.idf,Edmonton Intl AP_AB,EDMONTON INTL,CAN_AB_Edmonton.Intl.AP.711230_CWEC2020.zip
ERS-EX-54189-in.idf,Edmonton Intl AP_AB,EDMONTON INTL,CAN_AB_Edmonton.Intl.AP.711230_CWEC2020.zip
ERS-EX-54194-in.idf,Edmonton Intl AP_AB,EDMONTON INTL,CAN_AB_Edmonton.Intl.AP.711230_CWEC2020.zip
ERS-EX-54205-in.idf,Edmonton Intl AP_AB,EDMONTON INTL,CAN_AB_Edmonton.Intl.AP.711230_CWEC2020.zip
ERS-EX-54210-in.idf,Edmonton Intl AP_AB,EDMONTON INTL,CAN_AB_Edmonton.Intl.AP.711230_CWEC2020.zip
ERS-EX-54220-in.idf,Edmonton Intl AP_AB,EDMONTON INTL,CAN_AB_Edmonton.Intl.AP.711230_CWEC2020.zip
ERS-EX-54224-in.idf,Edmonton Intl AP_AB,EDMONTON INTL,CAN_AB_Edmonton.Intl.AP.711230_CWEC2020.zip
ERS-EX-54233-in.idf,Edmonton Intl AP_AB,EDMONTON INTL,CAN_AB_Edmonton.Intl.AP.711230_CWEC2020.zip
ERS-EX-54238-in.idf,Edmonton Intl AP_AB,EDMONTON INTL,CAN_AB_Edmonton.Intl.AP.711230_CWEC2020.zip
ERS-EX-54241-in.idf,Edmonton Intl AP_AB,EDMONTON INTL,CAN_AB_Edmonton.Intl.AP.711230_CWEC2020.zip
ERS-EX-54243-in.idf,Edmonton Intl AP_AB,EDMONTON INTL,CAN_AB_Edmonton.Intl.AP.711230_CWEC2020.zip
ERS-EX-54246-in.idf,Edmonton Intl AP_AB,EDMONTON INTL,CAN_AB_Edmonton.Intl.AP.711230_CWEC2020.zip
ERS-EX-54247-in.idf,Edmonton Intl AP_AB,EDMONTON INTL,CAN_AB_Edmonton.Intl.AP.711230_CWEC2020.zip
ERS-EX-54252-in.idf,Edmonton Intl AP_AB,EDMONTON INTL,CAN_AB_Edmonton.Intl.AP.711230_CWEC2020.zip
ERS-EX-54255-in.idf,Edmonton Intl AP_AB,EDMONTON INTL,CAN_AB_Edmonton.Intl.AP.711230_CWEC2020.zip
ERS-EX-54257-in.idf,Edmonton Intl AP_AB,EDMONTON INTL,CAN_AB_Edmonton.Intl.AP.711230_CWEC2020.zip
ERS-EX-54260-in.idf,Edmonton Intl AP_AB,EDMONTON INTL,CAN_AB_Edmonton.Intl.AP.711230_CWEC2020.zip
ERS-EX-54262-in.idf,Muskoka_ON,MUSKOKA,CAN_ON_Muskoka.715320_CWEC2020.zip
ERS-EX-54279-in.idf,Muskoka_ON,MUSKOKA,CAN_ON_Muskoka.715320_CWEC2020.zip
ERS-EX-54285-in.idf,Muskoka_ON,MUSKOKA,CAN_ON_Muskoka.715320_CWEC2020.zip
ERS-EX-54346-in.idf,Erieau AUT_ON,ERIEAU,CAN_ON_Erieau.AUT.714650_CWEC2020.zip
ERS-EX-54361-in.idf,Toronto City Centre_ON,TORONTO CITY CENTRE,CAN_ON_Toronto.City.Centre.712650_CWEC2020.zip
ERS-EX-54383-in.idf,Toronto City Centre_ON,TORONTO CITY CENTRE,CAN_ON_Toronto.City.Centre.712650_CWEC2020.zip
ERS-EX-54421-in.idf,Erieau AUT_ON,ERIEAU,CAN_ON_Erieau.AUT.714650_CWEC2020.zip
ERS-EX-54434-in.idf,Toronto City Centre_ON,TORONTO CITY CENTRE,CAN_ON_Toronto.City.Centre.712650_CWEC2020.zip
ERS-EX-5452-in.idf,Bathurst AP_NB,BATHURST,CAN_NB_Bathurst.AP.715740_CWEC2020.zip
ERS-EX-54612-in.idf,Muskoka_ON,MUSKOKA,CAN_ON_Muskoka.715320_CWEC2020.zip
ERS-EX-54657-in.idf,Toronto City Centre_ON,TORONTO CITY CENTRE,CAN_ON_Toronto.City.Centre.712650_CWEC2020.zip
ERS-EX-5466-in.idf,Bathurst AP_NB,BATHURST,CAN_NB_Bathurst.AP.715740_CWEC2020.zip
ERS-EX-54660-in.idf,Muskoka_ON,MUSKOKA,CAN_ON_Muskoka.715320_CWEC2020.zip
ERS-EX-5471-in.idf,Bathurst AP_NB,BATHURST,CAN_NB_Bathurst.AP.715740_CWEC2020.zip
ERS-EX-54716-in.idf,Ottawa Intl AP_ON,OTTAWA INTL,CAN_ON_Ottawa.Intl.AP.716280_CWEC2020.zip
ERS-EX-54719-in.idf,Ottawa Intl AP_ON,OTTAWA INTL,CAN_ON_Ottawa.Intl.AP.716280_CWEC2020.zip
ERS-EX-54727-in.idf,Ottawa Intl AP_ON,OTTAWA INTL,CAN_ON_Ottawa.Intl.AP.716280_CWEC2020.zip
ERS-EX-54759-in.idf,Ottawa Intl AP_ON,OTTAWA INTL,CAN_ON_Ottawa.Intl.AP.716280_CWEC2020.zip
ERS-EX-54776-in.idf,Ottawa Intl AP_ON,OTTAWA INTL,CAN_ON_Ottawa.Intl.AP.716280_CWEC2020.zip
ERS-EX-54791-in.idf,Toronto City Centre_ON,TORONTO CITY CENTRE,CAN_ON_Toronto.City.Centre.712650_CWEC2020.zip
ERS-EX-54803-in.idf,Toronto City Centre_ON,TORONTO CITY CENTRE,CAN_ON_Toronto.City.Centre.712650_CWEC2020.zip
ERS-EX-54813-in.idf,Toronto City Centre_ON,TORONTO CITY CENTRE,CAN_ON_Toronto.City.Centre.712650_CWEC2020.zip
ERS-EX-5483-in.idf,Bathurst AP_NB,BATHURST,CAN_NB_Bathurst.AP.715740_CWEC2020.zip
ERS-EX-54857-in.idf,Toronto City Centre_ON,TORONTO CITY CENTRE,CAN_ON_Toronto.City.Centre.712650_CWEC2020.zip
ERS-EX-54879-in.idf,Toronto City Centre_ON,TORONTO CITY CENTRE,CAN_ON_Toronto.City.Centre.712650_CWEC2020.zip
ERS-EX-54906-in.idf,Toronto City Centre_ON,TORONTO CITY CENTRE,CAN_ON_Toronto.City.Centre.712650_CWEC2020.zip
ERS-EX-54948-in.idf,Muskoka_ON,MUSKOKA,CAN_ON_Muskoka.715320_CWEC2020.zip
ERS-EX-54954-in.idf,Toronto City Centre_ON,TORONTO CITY CENTRE,CAN_ON_Toronto.City.Centre.712650_CWEC2020.zip
ERS-EX-54969-in.idf,Toronto City Centre_ON,TORONTO CITY CENTRE,CAN_ON_Toronto.City.Centre.712650_CWEC2020.zip
ERS-EX-54979-in.idf,Windsor AP_ON,WINDSOR,CAN_ON_Windsor.AP.715380_CWEC2020.zip
ERS-EX-54997-in.idf,Windsor AP_ON,WINDSOR,CAN_ON_Windsor.AP.715380_CWEC2020.zip
ERS-EX-55018-in.idf,Muskoka_ON,MUSKOKA,CAN_ON_Muskoka.715320_CWEC2020.zip
ERS-EX-55023-in.idf,Muskoka_ON,MUSKOKA,CAN_ON_Muskoka.715320_CWEC2020.zip
ERS-EX-55029-in.idf,Wiarton AP_ON,WIARTON,CAN_ON_Wiarton.AP.716330_CWEC2020.zip
ERS-EX-5504-in.idf,Bathurst AP_NB,BATHURST,CAN_NB_Bathurst.AP.715740_CWEC2020.zip
ERS-EX-55071-in.idf,Muskoka_ON,MUSKOKA,CAN_ON_Muskoka.715320_CWEC2020.zip
ERS-EX-55096-in.idf,Windsor AP_ON,WINDSOR,CAN_ON_Windsor.AP.715380_CWEC2020.zip
ERS-EX-5510-in.idf,Fredericton_NB,FREDERICTON,CAN_NB_Fredericton.717000_CWEC2020.zip
ERS-EX-55122-in.idf,Toronto City Centre_ON,TORONTO CITY CENTRE,CAN_ON_Toronto.City.Centre.712650_CWEC2020.zip
ERS-EX-55126-in.idf,Toronto Intl AP_ON,TORONTO INTL,CAN_ON_Toronto.Intl.AP.716240_CWEC2020.zip
ERS-EX-55140-in.idf,Toronto Intl AP_ON,TORONTO INTL,CAN_ON_Toronto.Intl.AP.716240_CWEC2020.zip
ERS-EX-55155-in.idf,Toronto Intl AP_ON,TORONTO INTL,CAN_ON_Toronto.Intl.AP.716240_CWEC2020.zip
ERS-EX-55199-in.idf,Toronto City Centre_ON,TORONTO CITY CENTRE,CAN_ON_Toronto.City.Centre.712650_CWEC2020.zip
ERS-EX-55206-in.idf,Toronto City Centre_ON,TORONTO CITY CENTRE,CAN_ON_Toronto.City.Centre.712650_CWEC2020.zip
ERS-EX-55223-in.idf,Toronto Intl AP_ON,TORONTO INTL,CAN_ON_Toronto.Intl.AP.716240_CWEC2020.zip
ERS-EX-55231-in.idf,Toronto City Centre_ON,TORONTO CITY CENTRE,CAN_ON_Toronto.City.Centre.712650_CWEC2020.zip
ERS-EX-55240-in.idf,Toronto City Centre_ON,TORONTO CITY CENTRE,CAN_ON_Toronto.City.Centre.712650_CWEC2020.zip
ERS-EX-55244-in.idf,Toronto Intl AP_ON,TORONTO INTL,CAN_ON_Toronto.Intl.AP.716240_CWEC2020.zip
ERS-EX-55295-in.idf,Toronto City Centre_ON,TORONTO CITY CENTRE,CAN_ON_Toronto.City.Centre.712650_CWEC2020.zip
ERS-EX-5531-in.idf,Bathurst AP_NB,BATHURST,CAN_NB_Bathurst.AP.715740_CWEC2020.zip
ERS-EX-55312-in.idf,Toronto Intl AP_ON,TORONTO INTL,CAN_ON_Toronto.Intl.AP.716240_CWEC2020.zip
ERS-EX-55319-in.idf,Toronto City Centre_ON,TORONTO CITY CENTRE,CAN_ON_Toronto.City.Centre.712650_CWEC2020.zip
ERS-EX-5532-in.idf,Bathurst AP_NB,BATHURST,CAN_NB_Bathurst.AP.715740_CWEC2020.zip
ERS-EX-55382-in.idf,Toronto Intl AP_ON,TORONTO INTL,CAN_ON_Toronto.Intl.AP.716240_CWEC2020.zip
ERS-EX-55398-in.idf,Toronto City Centre_ON,TORONTO CITY CENTRE,CAN_ON_Toronto.City.Centre.712650_CWEC2020.zip
ERS-EX-55425-in.idf,Toronto Intl AP_ON,TORONTO INTL,CAN_ON_Toronto.Intl.AP.716240_CWEC2020.zip
ERS-EX-55456-in.idf,Toronto City Centre_ON,TORONTO CITY CENTRE,CAN_ON_Toronto.City.Centre.712650_CWEC2020.zip
ERS-EX-55478-in.idf,Toronto City Centre_ON,TORONTO CITY CENTRE,CAN_ON_Toronto.City.Centre.712650_CWEC2020.zip
ERS-EX-55480-in.idf,Toronto City Centre_ON,TORONTO CITY CENTRE,CAN_ON_Toronto.City.Centre.712650_CWEC2020.zip
ERS-EX-55484-in.idf,Toronto City Centre_ON,TORONTO CITY CENTRE,CAN_ON_Toronto.City.Centre.712650_CWEC2020.zip
ERS-EX-55493-in.idf,Toronto Intl AP_ON,TORONTO INTL,CAN_ON_Toronto.Intl.AP.716240_CWEC2020.zip
ERS-EX-55505-in.idf,Toronto City Centre_ON,TORONTO CITY CENTRE,CAN_ON_Toronto.City.Centre.712650_CWEC2020.zip
ERS-EX-55512-in.idf,Toronto City Centre_ON,TORONTO CITY CENTRE,CAN_ON_Toronto.City.Centre.712650_CWEC2020.zip
ERS-EX-55542-in.idf,Muskoka_ON,MUSKOKA,CAN_ON_Muskoka.715320_CWEC2020.zip
ERS-EX-55611-in.idf,Toronto City Centre_ON,TORONTO CITY CENTRE,CAN_ON_Toronto.City.Centre.712650_CWEC2020.zip
ERS-EX-55621-in.idf,Toronto City Centre_ON,TORONTO CITY CENTRE,CAN_ON_Toronto.City.Centre.712650_CWEC2020.zip
ERS-EX-55629-in.idf,Toronto City Centre_ON,TORONTO CITY CENTRE,CAN_ON_Toronto.City.Centre.712650_CWEC2020.zip
ERS-EX-55636-in.idf,Toronto City Centre_ON,TORONTO CITY CENTRE,CAN_ON_Toronto.City.Centre.712650_CWEC2020.zip
ERS-EX-55674-in.idf,Summerland CS_BC,SUMMERLAND,CAN_BC_Summerland.CS.717680_CWEC2020.zip
ERS-EX-55677-in.idf,Summerland CS_BC,SUMMERLAND,CAN_BC_Summerland.CS.717680_CWEC2020.zip
ERS-EX-55679-in.idf,Summerland CS_BC,SUMMERLAND,CAN_BC_Summerland.CS.717680_CWEC2020.zip
ERS-EX-5568-in.idf,Moncton Intl AP_NB,MONCTON INTL,CAN_NB_Moncton.Intl.AP.717050_CWEC2020.zip
ERS-EX-55680-in.idf,Summerland CS_BC,SUMMERLAND,CAN_BC_Summerland.CS.717680_CWEC2020.zip
ERS-EX-55686-in.idf,Kamloops AP_BC,KAMLOOPS,CAN_BC_Kamloops.AP.718870_CWEC2020.zip
ERS-EX-55687-in.idf,Kamloops AP_BC,KAMLOOPS,CAN_BC_Kamloops.AP.718870_CWEC2020.zip
ERS-EX-55717-in.idf,Toronto City Centre_ON,TORONTO CITY CENTRE,CAN_ON_Toronto.City.Centre.712650_CWEC2020.zip
ERS-EX-55828-in.idf,Toronto City Centre_ON,TORONTO CITY CENTRE,CAN_ON_Toronto.City.Centre.712650_CWEC2020.zip
ERS-EX-55862-in.idf,Toronto City Centre_ON,TORONTO CITY CENTRE,CAN_ON_Toronto.City.Centre.712650_CWEC2020.zip
ERS-EX-55881-in.idf,Toronto City Centre_ON,TORONTO CITY CENTRE,CAN_ON_Toronto.City.Centre.712650_CWEC2020.zip
ERS-EX-55921-in.idf,Toronto City Centre_ON,TORONTO CITY CENTRE,CAN_ON_Toronto.City.Centre.712650_CWEC2020.zip
ERS-EX-55926-in.idf,Toronto City Centre_ON,TORONTO CITY CENTRE,CAN_ON_Toronto.City.Centre.712650_CWEC2020.zip
ERS-EX-55929-in.idf,Toronto City Centre_ON,TORONTO CITY CENTRE,CAN_ON_Toronto.City.Centre.712650_CWEC2020.zip
ERS-EX-55933-in.idf,Toronto City Centre_ON,TORONTO CITY CENTRE,CAN_ON_Toronto.City.Centre.712650_CWEC2020.zip
ERS-EX-55992-in.idf,Toronto City Centre_ON,TORONTO CITY CENTRE,CAN_ON_Toronto.City.Centre.712650_CWEC2020.zip
ERS-EX-56022-in.idf,Toronto City Centre_ON,TORONTO CITY CENTRE,CAN_ON_Toronto.City.Centre.712650_CWEC2020.zip
ERS-EX-56025-in.idf,Toronto City Centre_ON,TORONTO CITY CENTRE,CAN_ON_Toronto.City.Centre.712650_CWEC2020.zip
ERS-EX-56032-in.idf,Toronto City Centre_ON,TORONTO CITY CENTRE,CAN_ON_Toronto.City.Centre.712650_CWEC2020.zip
ERS-EX-56034-in.idf,Toronto City Centre_ON,TORONTO CITY CENTRE,CAN_ON_Toronto.City.Centre.712650_CWEC2020.zip
ERS-EX-56041-in.idf,Toronto City Centre_ON,TORONTO CITY CENTRE,CAN_ON_Toronto.City.Centre.712650_CWEC2020.zip
ERS-EX-56045-in.idf,Toronto City Centre_ON,TORONTO CITY CENTRE,CAN_ON_Toronto.City.Centre.712650_CWEC2020.zip
ERS-EX-56050-in.idf,Toronto City Centre_ON,TORONTO CITY CENTRE,CAN_ON_Toronto.City.Centre.712650_CWEC2020.zip
ERS-EX-56113-in.idf,Toronto City Centre_ON,TORONTO CITY CENTRE,CAN_ON_Toronto.City.Centre.712650_CWEC2020.zip
ERS-EX-56136-in.idf,Toronto City Centre_ON,TORONTO CITY CENTRE,CAN_ON_Toronto.City.Centre.712650_CWEC2020.zip
ERS-EX-56158-in.idf,Toronto City Centre_ON,TORONTO CITY CENTRE,CAN_ON_Toronto.City.Centre.712650_CWEC2020.zip
ERS-EX-56171-in.idf,Toronto City Centre_ON,TORONTO CITY CENTRE,CAN_ON_Toronto.City.Centre.712650_CWEC2020.zip
ERS-EX-56176-in.idf,Toronto City Centre_ON,TORONTO CITY CENTRE,CAN_ON_Toronto.City.Centre.712650_CWEC2020.zip
ERS-EX-56195-in.idf,Toronto City Centre_ON,TORONTO CITY CENTRE,CAN_ON_Toronto.City.Centre.712650_CWEC2020.zip
ERS-EX-56248-in.idf,Toronto City Centre_ON,TORONTO CITY CENTRE,CAN_ON_Toronto.City.Centre.712650_CWEC2020.zip
ERS-EX-56259-in.idf,Toronto City Centre_ON,TORONTO CITY CENTRE,CAN_ON_Toronto.City.Centre.712650_CWEC2020.zip
ERS-EX-56267-in.idf,Toronto City Centre_ON,TORONTO CITY CENTRE,CAN_ON_Toronto.City.Centre.712650_CWEC2020.zip
ERS-EX-56301-in.idf,Toronto City Centre_ON,TORONTO CITY CENTRE,CAN_ON_Toronto.City.Centre.712650_CWEC2020.zip
ERS-EX-56316-in.idf,Toronto City Centre_ON,TORONTO CITY CENTRE,CAN_ON_Toronto.City.Centre.712650_CWEC2020.zip
ERS-EX-56321-in.idf,Windsor AP_ON,WINDSOR,CAN_ON_Windsor.AP.715380_CWEC2020.zip
ERS-EX-56351-in.idf,Toronto Intl AP_ON,TORONTO INTL,CAN_ON_Toronto.Intl.AP.716240_CWEC2020.zip
ERS-EX-56367-in.idf,Toronto Intl AP_ON,TORONTO INTL,CAN_ON_Toronto.Intl.AP.716240_CWEC2020.zip
ERS-EX-56375-in.idf,Toronto Intl AP_ON,TORONTO INTL,CAN_ON_Toronto.Intl.AP.716240_CWEC2020.zip
ERS-EX-56426-in.idf,Toronto Intl AP_ON,TORONTO INTL,CAN_ON_Toronto.Intl.AP.716240_CWEC2020.zip
ERS-EX-56438-in.idf,Toronto Intl AP_ON,TORONTO INTL,CAN_ON_Toronto.Intl.AP.716240_CWEC2020.zip
ERS-EX-56493-in.idf,Toronto Intl AP_ON,TORONTO INTL,CAN_ON_Toronto.Intl.AP.716240_CWEC2020.zip
ERS-EX-56511-in.idf,Erieau AUT_ON,ERIEAU,CAN_ON_Erieau.AUT.714650_CWEC2020.zip
ERS-EX-56530-in.idf,Erieau AUT_ON,ERIEAU,CAN_ON_Erieau.AUT.714650_CWEC2020.zip
ERS-EX-56552-in.idf,Erieau AUT_ON,ERIEAU,CAN_ON_Erieau.AUT.714650_CWEC2020.zip
ERS-EX-56613-in.idf,Toronto City Centre_ON,TORONTO CITY CENTRE,CAN_ON_Toronto.City.Centre.712650_CWEC2020.zip
ERS-EX-56614-in.idf,Toronto City Centre_ON,TORONTO CITY CENTRE,CAN_ON_Toronto.City.Centre.712650_CWEC2020.zip
ERS-EX-56668-in.idf,Toronto City Centre_ON,TORONTO CITY CENTRE,CAN_ON_Toronto.City.Centre.712650_CWEC2020.zip
ERS-EX-5669-in.idf,Moncton Intl AP_NB,MONCTON INTL,CAN_NB_Moncton.Intl.AP.717050_CWEC2020.zip
ERS-EX-56744-in.idf,Toronto Intl AP_ON,TORONTO INTL,CAN_ON_Toronto.Intl.AP.716240_CWEC2020.zip
ERS-EX-56786-in.idf,Toronto Intl AP_ON,TORONTO INTL,CAN_ON_Toronto.Intl.AP.716240_CWEC2020.zip
ERS-EX-56819-in.idf,Toronto Intl AP_ON,TORONTO INTL,CAN_ON_Toronto.Intl.AP.716240_CWEC2020.zip
ERS-EX-56823-in.idf,Toronto Intl AP_ON,TORONTO INTL,CAN_ON_Toronto.Intl.AP.716240_CWEC2020.zip
ERS-EX-56847-in.idf,Toronto Intl AP_ON,TORONTO INTL,CAN_ON_Toronto.Intl.AP.716240_CWEC2020.zip
ERS-EX-56862-in.idf,Toronto Intl AP_ON,TORONTO INTL,CAN_ON_Toronto.Intl.AP.716240_CWEC2020.zip
ERS-EX-56878-in.idf,Toronto Intl AP_ON,TORONTO INTL,CAN_ON_Toronto.Intl.AP.716240_CWEC2020.zip
ERS-EX-56879-in.idf,Toronto Intl AP_ON,TORONTO INTL,CAN_ON_Toronto.Intl.AP.716240_CWEC2020.zip
ERS-EX-5689-in.idf,Moncton Intl AP_NB,MONCTON INTL,CAN_NB_Moncton.Intl.AP.717050_CWEC2020.zip
ERS-EX-56960-in.idf,Toronto Intl AP_ON,TORONTO INTL,CAN_ON_Toronto.Intl.AP.716240_CWEC2020.zip
ERS-EX-5699-in.idf,Moncton Intl AP_NB,MONCTON INTL,CAN_NB_Moncton.Intl.AP.717050_CWEC2020.zip
ERS-EX-57017-in.idf,Toronto Intl AP_ON,TORONTO INTL,CAN_ON_Toronto.Intl.AP.716240_CWEC2020.zip
ERS-EX-57028-in.idf,Toronto Intl AP_ON,TORONTO INTL,CAN_ON_Toronto.Intl.AP.716240_CWEC2020.zip
ERS-EX-57052-in.idf,Toronto Intl AP_ON,TORONTO INTL,CAN_ON_Toronto.Intl.AP.716240_CWEC2020.zip
ERS-EX-57069-in.idf,Toronto City Centre_ON,TORONTO CITY CENTRE,CAN_ON_Toronto.City.Centre.712650_CWEC2020.zip
ERS-EX-57089-in.idf,Toronto City Centre_ON,TORONTO CITY CENTRE,CAN_ON_Toronto.City.Centre.712650_CWEC2020.zip
ERS-EX-57093-in.idf,Toronto City Centre_ON,TORONTO CITY CENTRE,CAN_ON_Toronto.City.Centre.712650_CWEC2020.zip
ERS-EX-57102-in.idf,Toronto City Centre_ON,TORONTO CITY CENTRE,CAN_ON_Toronto.City.Centre.712650_CWEC2020.zip
ERS-EX-57126-in.idf,Toronto City Centre_ON,TORONTO CITY CENTRE,CAN_ON_Toronto.City.Centre.712650_CWEC2020.zip
ERS-EX-57137-in.idf,Toronto City Centre_ON,TORONTO CITY CENTRE,CAN_ON_Toronto.City.Centre.712650_CWEC2020.zip
ERS-EX-57142-in.idf,Toronto City Centre_ON,TORONTO CITY CENTRE,CAN_ON_Toronto.City.Centre.712650_CWEC2020.zip
ERS-EX-57164-in.idf,Toronto City Centre_ON,TORONTO CITY CENTRE,CAN_ON_Toronto.City.Centre.712650_CWEC2020.zip
ERS-EX-57166-in.idf,Toronto City Centre_ON,TORONTO CITY CENTRE,CAN_ON_Toronto.City.Centre.712650_CWEC2020.zip
ERS-EX-57188-in.idf,Toronto City Centre_ON,TORONTO CITY CENTRE,CAN_ON_Toronto.City.Centre.712650_CWEC2020.zip
ERS-EX-57211-in.idf,Toronto Intl AP_ON,TORONTO INTL,CAN_ON_Toronto.Intl.AP.716240_CWEC2020.zip
ERS-EX-57240-in.idf,Toronto City Centre_ON,TORONTO CITY CENTRE,CAN_ON_Toronto.City.Centre.712650_CWEC2020.zip
ERS-EX-57281-in.idf,Toronto City Centre_ON,TORONTO CITY CENTRE,CAN_ON_Toronto.City.Centre.712650_CWEC2020.zip
ERS-EX-57295-in.idf,Toronto City Centre_ON,TORONTO CITY CENTRE,CAN_ON_Toronto.City.Centre.712650_CWEC2020.zip
ERS-EX-57313-in.idf,Toronto City Centre_ON,TORONTO CITY CENTRE,CAN_ON_Toronto.City.Centre.712650_CWEC2020.zip
ERS-EX-57329-in.idf,Toronto City Centre_ON,TORONTO CITY CENTRE,CAN_ON_Toronto.City.Centre.712650_CWEC2020.zip
ERS-EX-57363-in.idf,Toronto City Centre_ON,TORONTO CITY CENTRE,CAN_ON_Toronto.City.Centre.712650_CWEC2020.zip
ERS-EX-57379-in.idf,Toronto City Centre_ON,TORONTO CITY CENTRE,CAN_ON_Toronto.City.Centre.712650_CWEC2020.zip
ERS-EX-57393-in.idf,Toronto City Centre_ON,TORONTO CITY CENTRE,CAN_ON_Toronto.City.Centre.712650_CWEC2020.zip
ERS-EX-57400-in.idf,Toronto City Centre_ON,TORONTO CITY CENTRE,CAN_ON_Toronto.City.Centre.712650_CWEC2020.zip
ERS-EX-57403-in.idf,Toronto City Centre_ON,TORONTO CITY CENTRE,CAN_ON_Toronto.City.Centre.712650_CWEC2020.zip
ERS-EX-5741-in.idf,Bathurst AP_NB,BATHURST,CAN_NB_Bathurst.AP.715740_CWEC2020.zip
ERS-EX-57423-in.idf,Toronto City Centre_ON,TORONTO CITY CENTRE,CAN_ON_Toronto.City.Centre.712650_CWEC2020.zip
ERS-EX-57433-in.idf,Toronto City Centre_ON,TORONTO CITY CENTRE,CAN_ON_Toronto.City.Centre.712650_CWEC2020.zip
ERS-EX-57442-in.idf,Toronto City Centre_ON,TORONTO CITY CENTRE,CAN_ON_Toronto.City.Centre.712650_CWEC2020.zip
ERS-EX-57451-in.idf,Toronto City Centre_ON,TORONTO CITY CENTRE,CAN_ON_Toronto.City.Centre.712650_CWEC2020.zip
ERS-EX-57461-in.idf,Toronto City Centre_ON,TORONTO CITY CENTRE,CAN_ON_Toronto.City.Centre.712650_CWEC2020.zip
ERS-EX-5748-in.idf,Fredericton_NB,FREDERICTON,CAN_NB_Fredericton.717000_CWEC2020.zip
ERS-EX-57491-in.idf,Toronto City Centre_ON,TORONTO CITY CENTRE,CAN_ON_Toronto.City.Centre.712650_CWEC2020.zip
ERS-EX-57503-in.idf,Toronto City Centre_ON,TORONTO CITY CENTRE,CAN_ON_Toronto.City.Centre.712650_CWEC2020.zip
ERS-EX-57510-in.idf,Toronto City Centre_ON,TORONTO CITY CENTRE,CAN_ON_Toronto.City.Centre.712650_CWEC2020.zip
ERS-EX-57535-in.idf,Toronto City Centre_ON,TORONTO CITY CENTRE,CAN_ON_Toronto.City.Centre.712650_CWEC2020.zip
ERS-EX-57565-in.idf,Toronto City Centre_ON,TORONTO CITY CENTRE,CAN_ON_Toronto.City.Centre.712650_CWEC2020.zip
ERS-EX-57607-in.idf,Toronto City Centre_ON,TORONTO CITY CENTRE,CAN_ON_Toronto.City.Centre.712650_CWEC2020.zip
ERS-EX-57644-in.idf,Toronto City Centre_ON,TORONTO CITY CENTRE,CAN_ON_Toronto.City.Centre.712650_CWEC2020.zip
ERS-EX-57650-in.idf,Toronto Intl AP_ON,TORONTO INTL,CAN_ON_Toronto.Intl.AP.716240_CWEC2020.zip
ERS-EX-57696-in.idf,Toronto Intl AP_ON,TORONTO INTL,CAN_ON_Toronto.Intl.AP.716240_CWEC2020.zip
ERS-EX-57718-in.idf,Toronto Intl AP_ON,TORONTO INTL,CAN_ON_Toronto.Intl.AP.716240_CWEC2020.zip
ERS-EX-57738-in.idf,Toronto City Centre_ON,TORONTO CITY CENTRE,CAN_ON_Toronto.City.Centre.712650_CWEC2020.zip
ERS-EX-57739-in.idf,Toronto Intl AP_ON,TORONTO INTL,CAN_ON_Toronto.Intl.AP.716240_CWEC2020.zip
ERS-EX-57750-in.idf,Toronto City Centre_ON,TORONTO CITY CENTRE,CAN_ON_Toronto.City.Centre.712650_CWEC2020.zip
ERS-EX-57751-in.idf,Toronto City Centre_ON,TORONTO CITY CENTRE,CAN_ON_Toronto.City.Centre.712650_CWEC2020.zip
ERS-EX-57762-in.idf,Toronto City Centre_ON,TORONTO CITY CENTRE,CAN_ON_Toronto.City.Centre.712650_CWEC2020.zip
ERS-EX-57765-in.idf,Toronto Intl AP_ON,TORONTO INTL,CAN_ON_Toronto.Intl.AP.716240_CWEC2020.zip
ERS-EX-57773-in.idf,Toronto City Centre_ON,TORONTO CITY CENTRE,CAN_ON_Toronto.City.Centre.712650_CWEC2020.zip
ERS-EX-57831-in.idf,Toronto Intl AP_ON,TORONTO INTL,CAN_ON_Toronto.Intl.AP.716240_CWEC2020.zip
ERS-EX-57833-in.idf,Toronto City Centre_ON,TORONTO CITY CENTRE,CAN_ON_Toronto.City.Centre.712650_CWEC2020.zip
ERS-EX-5784-in.idf,Saint John AP_NB,SAINT JOHN,CAN_NB_Saint.John.AP.716090_CWEC2020.zip
ERS-EX-57843-in.idf,Toronto City Centre_ON,TORONTO CITY CENTRE,CAN_ON_Toronto.City.Centre.712650_CWEC2020.zip
ERS-EX-57856-in.idf,Toronto City Centre_ON,TORONTO CITY CENTRE,CAN_ON_Toronto.City.Centre.712650_CWEC2020.zip
ERS-EX-57859-in.idf,Toronto City Centre_ON,TORONTO CITY CENTRE,CAN_ON_Toronto.City.Centre.712650_CWEC2020.zip
ERS-EX-57921-in.idf,Toronto City Centre_ON,TORONTO CITY CENTRE,CAN_ON_Toronto.City.Centre.712650_CWEC2020.zip
ERS-EX-57932-in.idf,Toronto City Centre_ON,TORONTO CITY CENTRE,CAN_ON_Toronto.City.Centre.712650_CWEC2020.zip
ERS-EX-57951-in.idf,Toronto City Centre_ON,TORONTO CITY CENTRE,CAN_ON_Toronto.City.Centre.712650_CWEC2020.zip
ERS-EX-57977-in.idf,Toronto City Centre_ON,TORONTO CITY CENTRE,CAN_ON_Toronto.City.Centre.712650_CWEC2020.zip
ERS-EX-5800-in.idf,Halifax Intl AP_NS,HALIFAX INTL,CAN_NS_Halifax.Intl.AP.713950_CWEC2020.zip
ERS-EX-58037-in.idf,Toronto City Centre_ON,TORONTO CITY CENTRE,CAN_ON_Toronto.City.Centre.712650_CWEC2020.zip
ERS-EX-58105-in.idf,Toronto City Centre_ON,TORONTO CITY CENTRE,CAN_ON_Toronto.City.Centre.712650_CWEC2020.zip
ERS-EX-58118-in.idf,Ottawa Intl AP_ON,OTTAWA INTL,CAN_ON_Ottawa.Intl.AP.716280_CWEC2020.zip
ERS-EX-58171-in.idf,Ottawa Intl AP_ON,OTTAWA INTL,CAN_ON_Ottawa.Intl.AP.716280_CWEC2020.zip
ERS-EX-58172-in.idf,Ottawa Intl AP_ON,OTTAWA INTL,CAN_ON_Ottawa.Intl.AP.716280_CWEC2020.zip
ERS-EX-58173-in.idf,Ottawa Intl AP_ON,OTTAWA INTL,CAN_ON_Ottawa.Intl.AP.716280_CWEC2020.zip
ERS-EX-58175-in.idf,Ottawa Intl AP_ON,OTTAWA INTL,CAN_ON_Ottawa.Intl.AP.716280_CWEC2020.zip
ERS-EX-58176-in.idf,Ottawa Intl AP_ON,OTTAWA INTL,CAN_ON_Ottawa.Intl.AP.716280_CWEC2020.zip
ERS-EX-58184-in.idf,Ottawa Intl AP_ON,OTTAWA INTL,CAN_ON_Ottawa.Intl.AP.716280_CWEC2020.zip
ERS-EX-58222-in.idf,Ottawa Intl AP_ON,OTTAWA INTL,CAN_ON_Ottawa.Intl.AP.716280_CWEC2020.zip
ERS-EX-58250-in.idf,Ottawa Intl AP_ON,OTTAWA INTL,CAN_ON_Ottawa.Intl.AP.716280_CWEC2020.zip
ERS-EX-58263-in.idf,Ottawa Intl AP_ON,OTTAWA INTL,CAN_ON_Ottawa.Intl.AP.716280_CWEC2020.zip
ERS-EX-58264-in.idf,Ottawa Intl AP_ON,OTTAWA INTL,CAN_ON_Ottawa.Intl.AP.716280_CWEC2020.zip
ERS-EX-58279-in.idf,Ottawa Intl AP_ON,OTTAWA INTL,CAN_ON_Ottawa.Intl.AP.716280_CWEC2020.zip
ERS-EX-58341-in.idf,Toronto City Centre_ON,TORONTO CITY CENTRE,CAN_ON_Toronto.City.Centre.712650_CWEC2020.zip
ERS-EX-58366-in.idf,Toronto City Centre_ON,TORONTO CITY CENTRE,CAN_ON_Toronto.City.Centre.712650_CWEC2020.zip
ERS-EX-58375-in.idf,Toronto City Centre_ON,TORONTO CITY CENTRE,CAN_ON_Toronto.City.Centre.712650_CWEC2020.zip
ERS-EX-58379-in.idf,Toronto City Centre_ON,TORONTO CITY CENTRE,CAN_ON_Toronto.City.Centre.712650_CWEC2020.zip
ERS-EX-58394-in.idf,Toronto City Centre_ON,TORONTO CITY CENTRE,CAN_ON_Toronto.City.Centre.712650_CWEC2020.zip
ERS-EX-58427-in.idf,Toronto City Centre_ON,TORONTO CITY CENTRE,CAN_ON_Toronto.City.Centre.712650_CWEC2020.zip
ERS-EX-58439-in.idf,Toronto City Centre_ON,TORONTO CITY CENTRE,CAN_ON_Toronto.City.Centre.712650_CWEC2020.zip
ERS-EX-58449-in.idf,Toronto City Centre_ON,TORONTO CITY CENTRE,CAN_ON_Toronto.City.Centre.712650_CWEC2020.zip
ERS-EX-58555-in.idf,Toronto City Centre_ON,TORONTO CITY CENTRE,CAN_ON_Toronto.City.Centre.712650_CWEC2020.zip
ERS-EX-58561-in.idf,Toronto City Centre_ON,TORONTO CITY CENTRE,CAN_ON_Toronto.City.Centre.712650_CWEC2020.zip
ERS-EX-58600-in.idf,Toronto City Centre_ON,TORONTO CITY CENTRE,CAN_ON_Toronto.City.Centre.712650_CWEC2020.zip
ERS-EX-58619-in.idf,Toronto City Centre_ON,TORONTO CITY CENTRE,CAN_ON_Toronto.City.Centre.712650_CWEC2020.zip
ERS-EX-58675-in.idf,Toronto City Centre_ON,TORONTO CITY CENTRE,CAN_ON_Toronto.City.Centre.712650_CWEC2020.zip
ERS-EX-58676-in.idf,Toronto Intl AP_ON,TORONTO INTL,CAN_ON_Toronto.Intl.AP.716240_CWEC2020.zip
ERS-EX-58680-in.idf,Toronto Intl AP_ON,TORONTO INTL,CAN_ON_Toronto.Intl.AP.716240_CWEC2020.zip
ERS-EX-58694-in.idf,Toronto City Centre_ON,TORONTO CITY CENTRE,CAN_ON_Toronto.City.Centre.712650_CWEC2020.zip
ERS-EX-58699-in.idf,Toronto City Centre_ON,TORONTO CITY CENTRE,CAN_ON_Toronto.City.Centre.712650_CWEC2020.zip
ERS-EX-58752-in.idf,Erieau AUT_ON,ERIEAU,CAN_ON_Erieau.AUT.714650_CWEC2020.zip
ERS-EX-58783-in.idf,Erieau AUT_ON,ERIEAU,CAN_ON_Erieau.AUT.714650_CWEC2020.zip
ERS-EX-58796-in.idf,Erieau AUT_ON,ERIEAU,CAN_ON_Erieau.AUT.714650_CWEC2020.zip
ERS-EX-58798-in.idf,Erieau AUT_ON,ERIEAU,CAN_ON_Erieau.AUT.714650_CWEC2020.zip
ERS-EX-58839-in.idf,Erieau AUT_ON,ERIEAU,CAN_ON_Erieau.AUT.714650_CWEC2020.zip
ERS-EX-58913-in.idf,Erieau AUT_ON,ERIEAU,CAN_ON_Erieau.AUT.714650_CWEC2020.zip
ERS-EX-58929-in.idf,Erieau AUT_ON,ERIEAU,CAN_ON_Erieau.AUT.714650_CWEC2020.zip
ERS-EX-58945-in.idf,Toronto City Centre_ON,TORONTO CITY CENTRE,CAN_ON_Toronto.City.Centre.712650_CWEC2020.zip
ERS-EX-58958-in.idf,Toronto City Centre_ON,TORONTO CITY CENTRE,CAN_ON_Toronto.City.Centre.712650_CWEC2020.zip
ERS-EX-58974-in.idf,Toronto City Centre_ON,TORONTO CITY CENTRE,CAN_ON_Toronto.City.Centre.712650_CWEC2020.zip
ERS-EX-59004-in.idf,Toronto City Centre_ON,TORONTO CITY CENTRE,CAN_ON_Toronto.City.Centre.712650_CWEC2020.zip
ERS-EX-59069-in.idf,Toronto Intl AP_ON,TORONTO INTL,CAN_ON_Toronto.Intl.AP.716240_CWEC2020.zip
ERS-EX-59087-in.idf,Toronto Intl AP_ON,TORONTO INTL,CAN_ON_Toronto.Intl.AP.716240_CWEC2020.zip
ERS-EX-59094-in.idf,Toronto Intl AP_ON,TORONTO INTL,CAN_ON_Toronto.Intl.AP.716240_CWEC2020.zip
ERS-EX-59120-in.idf,Toronto Intl AP_ON,TORONTO INTL,CAN_ON_Toronto.Intl.AP.716240_CWEC2020.zip
ERS-EX-59213-in.idf,Toronto City Centre_ON,TORONTO CITY CENTRE,CAN_ON_Toronto.City.Centre.712650_CWEC2020.zip
ERS-EX-59221-in.idf,Toronto City Centre_ON,TORONTO CITY CENTRE,CAN_ON_Toronto.City.Centre.712650_CWEC2020.zip
ERS-EX-59223-in.idf,Toronto City Centre_ON,TORONTO CITY CENTRE,CAN_ON_Toronto.City.Centre.712650_CWEC2020.zip
ERS-EX-59235-in.idf,Toronto City Centre_ON,TORONTO CITY CENTRE,CAN_ON_Toronto.City.Centre.712650_CWEC2020.zip
ERS-EX-5925-in.idf,Halifax Intl AP_NS,HALIFAX INTL,CAN_NS_Halifax.Intl.AP.713950_CWEC2020.zip
ERS-EX-5926-in.idf,Halifax Intl AP_NS,HALIFAX INTL,CAN_NS_Halifax.Intl.AP.713950_CWEC2020.zip
ERS-EX-59276-in.idf,Toronto City Centre_ON,TORONTO CITY CENTRE,CAN_ON_Toronto.City.Centre.712650_CWEC2020.zip
ERS-EX-59326-in.idf,Toronto City Centre_ON,TORONTO CITY CENTRE,CAN_ON_Toronto.City.Centre.712650_CWEC2020.zip
ERS-EX-59361-in.idf,Toronto City Centre_ON,TORONTO CITY CENTRE,CAN_ON_Toronto.City.Centre.712650_CWEC2020.zip
ERS-EX-59396-in.idf,Toronto City Centre_ON,TORONTO CITY CENTRE,CAN_ON_Toronto.City.Centre.712650_CWEC2020.zip
ERS-EX-59402-in.idf,Toronto City Centre_ON,TORONTO CITY CENTRE,CAN_ON_Toronto.City.Centre.712650_CWEC2020.zip
ERS-EX-5942-in.idf,Greenwood AP_NS,GREENWOOD,CAN_NS_Greenwood.AP.713970_CWEC2020.zip
ERS-EX-59420-in.idf,Toronto City Centre_ON,TORONTO CITY CENTRE,CAN_ON_Toronto.City.Centre.712650_CWEC2020.zip
ERS-EX-59441-in.idf,Toronto City Centre_ON,TORONTO CITY CENTRE,CAN_ON_Toronto.City.Centre.712650_CWEC2020.zip
ERS-EX-59454-in.idf,Toronto City Centre_ON,TORONTO CITY CENTRE,CAN_ON_Toronto.City.Centre.712650_CWEC2020.zip
ERS-EX-5946-in.idf,Greenwood AP_NS,GREENWOOD,CAN_NS_Greenwood.AP.713970_CWEC2020.zip
ERS-EX-59493-in.idf,Toronto City Centre_ON,TORONTO CITY CENTRE,CAN_ON_Toronto.City.Centre.712650_CWEC2020.zip
ERS-EX-59514-in.idf,Toronto City Centre_ON,TORONTO CITY CENTRE,CAN_ON_Toronto.City.Centre.712650_CWEC2020.zip
ERS-EX-59576-in.idf,Toronto City Centre_ON,TORONTO CITY CENTRE,CAN_ON_Toronto.City.Centre.712650_CWEC2020.zip
ERS-EX-59588-in.idf,Toronto City Centre_ON,TORONTO CITY CENTRE,CAN_ON_Toronto.City.Centre.712650_CWEC2020.zip
ERS-EX-59596-in.idf,Toronto City Centre_ON,TORONTO CITY CENTRE,CAN_ON_Toronto.City.Centre.712650_CWEC2020.zip
ERS-EX-59603-in.idf,Toronto City Centre_ON,TORONTO CITY CENTRE,CAN_ON_Toronto.City.Centre.712650_CWEC2020.zip
ERS-EX-59604-in.idf,Toronto City Centre_ON,TORONTO CITY CENTRE,CAN_ON_Toronto.City.Centre.712650_CWEC2020.zip
ERS-EX-59631-in.idf,Muskoka_ON,MUSKOKA,CAN_ON_Muskoka.715320_CWEC2020.zip
ERS-EX-5968-in.idf,Halifax Intl AP_NS,HALIFAX INTL,CAN_NS_Halifax.Intl.AP.713950_CWEC2020.zip
ERS-EX-59726-in.idf,Muskoka_ON,MUSKOKA,CAN_ON_Muskoka.715320_CWEC2020.zip
ERS-EX-59756-in.idf,Muskoka_ON,MUSKOKA,CAN_ON_Muskoka.715320_CWEC2020.zip
ERS-EX-5977-in.idf,Halifax Intl AP_NS,HALIFAX INTL,CAN_NS_Halifax.Intl.AP.713950_CWEC2020.zip
ERS-EX-59772-in.idf,Toronto Intl AP_ON,TORONTO INTL,CAN_ON_Toronto.Intl.AP.716240_CWEC2020.zip
ERS-EX-59786-in.idf,Toronto Intl AP_ON,TORONTO INTL,CAN_ON_Toronto.Intl.AP.716240_CWEC2020.zip
ERS-EX-59842-in.idf,Toronto Intl AP_ON,TORONTO INTL,CAN_ON_Toronto.Intl.AP.716240_CWEC2020.zip
ERS-EX-59847-in.idf,Toronto Intl AP_ON,TORONTO INTL,CAN_ON_Toronto.Intl.AP.716240_CWEC2020.zip
ERS-EX-5985-in.idf,Halifax Intl AP_NS,HALIFAX INTL,CAN_NS_Halifax.Intl.AP.713950_CWEC2020.zip
ERS-EX-59859-in.idf,Toronto Intl AP_ON,TORONTO INTL,CAN_ON_Toronto.Intl.AP.716240_CWEC2020.zip
ERS-EX-59939-in.idf,Toronto City Centre_ON,TORONTO CITY CENTRE,CAN_ON_Toronto.City.Centre.712650_CWEC2020.zip
ERS-EX-59947-in.idf,Toronto City Centre_ON,TORONTO CITY CENTRE,CAN_ON_Toronto.City.Centre.712650_CWEC2020.zip
ERS-EX-59955-in.idf,Toronto Intl AP_ON,TORONTO INTL,CAN_ON_Toronto.Intl.AP.716240_CWEC2020.zip
ERS-EX-59959-in.idf,Toronto City Centre_ON,TORONTO CITY CENTRE,CAN_ON_Toronto.City.Centre.712650_CWEC2020.zip
ERS-EX-60026-in.idf,Toronto City Centre_ON,TORONTO CITY CENTRE,CAN_ON_Toronto.City.Centre.712650_CWEC2020.zip
ERS-EX-6004-in.idf,Greenwood AP_NS,GREENWOOD,CAN_NS_Greenwood.AP.713970_CWEC2020.zip
ERS-EX-60049-in.idf,Toronto City Centre_ON,TORONTO CITY CENTRE,CAN_ON_Toronto.City.Centre.712650_CWEC2020.zip
ERS-EX-60057-in.idf,Toronto Intl AP_ON,TORONTO INTL,CAN_ON_Toronto.Intl.AP.716240_CWEC2020.zip
ERS-EX-60068-in.idf,Toronto City Centre_ON,TORONTO CITY CENTRE,CAN_ON_Toronto.City.Centre.712650_CWEC2020.zip
ERS-EX-60071-in.idf,Toronto City Centre_ON,TORONTO CITY CENTRE,CAN_ON_Toronto.City.Centre.712650_CWEC2020.zip
ERS-EX-60099-in.idf,Toronto City Centre_ON,TORONTO CITY CENTRE,CAN_ON_Toronto.City.Centre.712650_CWEC2020.zip
ERS-EX-60105-in.idf,Toronto City Centre_ON,TORONTO CITY CENTRE,CAN_ON_Toronto.City.Centre.712650_CWEC2020.zip
ERS-EX-60115-in.idf,Toronto City Centre_ON,TORONTO CITY CENTRE,CAN_ON_Toronto.City.Centre.712650_CWEC2020.zip
ERS-EX-60124-in.idf,Toronto City Centre_ON,TORONTO CITY CENTRE,CAN_ON_Toronto.City.Centre.712650_CWEC2020.zip
ERS-EX-6013-in.idf,Greenwood AP_NS,GREENWOOD,CAN_NS_Greenwood.AP.713970_CWEC2020.zip
ERS-EX-6014-in.idf,Halifax Intl AP_NS,HALIFAX INTL,CAN_NS_Halifax.Intl.AP.713950_CWEC2020.zip
ERS-EX-6015-in.idf,Halifax Intl AP_NS,HALIFAX INTL,CAN_NS_Halifax.Intl.AP.713950_CWEC2020.zip
ERS-EX-60160-in.idf,Toronto City Centre_ON,TORONTO CITY CENTRE,CAN_ON_Toronto.City.Centre.712650_CWEC2020.zip
ERS-EX-60200-in.idf,Toronto City Centre_ON,TORONTO CITY CENTRE,CAN_ON_Toronto.City.Centre.712650_CWEC2020.zip
ERS-EX-60227-in.idf,Toronto City Centre_ON,TORONTO CITY CENTRE,CAN_ON_Toronto.City.Centre.712650_CWEC2020.zip
ERS-EX-60250-in.idf,Toronto City Centre_ON,TORONTO CITY CENTRE,CAN_ON_Toronto.City.Centre.712650_CWEC2020.zip
ERS-EX-60253-in.idf,Toronto City Centre_ON,TORONTO CITY CENTRE,CAN_ON_Toronto.City.Centre.712650_CWEC2020.zip
ERS-EX-6027-in.idf,Halifax Intl AP_NS,HALIFAX INTL,CAN_NS_Halifax.Intl.AP.713950_CWEC2020.zip
ERS-EX-60292-in.idf,Toronto City Centre_ON,TORONTO CITY CENTRE,CAN_ON_Toronto.City.Centre.712650_CWEC2020.zip
ERS-EX-60294-in.idf,Toronto City Centre_ON,TORONTO CITY CENTRE,CAN_ON_Toronto.City.Centre.712650_CWEC2020.zip
ERS-EX-60296-in.idf,Toronto City Centre_ON,TORONTO CITY CENTRE,CAN_ON_Toronto.City.Centre.712650_CWEC2020.zip
ERS-EX-60313-in.idf,Toronto City Centre_ON,TORONTO CITY CENTRE,CAN_ON_Toronto.City.Centre.712650_CWEC2020.zip
ERS-EX-60315-in.idf,Toronto City Centre_ON,TORONTO CITY CENTRE,CAN_ON_Toronto.City.Centre.712650_CWEC2020.zip
ERS-EX-6032-in.idf,Greenwood AP_NS,GREENWOOD,CAN_NS_Greenwood.AP.713970_CWEC2020.zip
ERS-EX-60335-in.idf,Toronto City Centre_ON,TORONTO CITY CENTRE,CAN_ON_Toronto.City.Centre.712650_CWEC2020.zip
ERS-EX-60340-in.idf,Toronto City Centre_ON,TORONTO CITY CENTRE,CAN_ON_Toronto.City.Centre.712650_CWEC2020.zip
ERS-EX-60341-in.idf,Toronto City Centre_ON,TORONTO CITY CENTRE,CAN_ON_Toronto.City.Centre.712650_CWEC2020.zip
ERS-EX-60359-in.idf,Toronto City Centre_ON,TORONTO CITY CENTRE,CAN_ON_Toronto.City.Centre.712650_CWEC2020.zip
ERS-EX-60362-in.idf,Erieau AUT_ON,ERIEAU,CAN_ON_Erieau.AUT.714650_CWEC2020.zip
ERS-EX-60373-in.idf,Toronto City Centre_ON,TORONTO CITY CENTRE,CAN_ON_Toronto.City.Centre.712650_CWEC2020.zip
ERS-EX-60384-in.idf,Toronto City Centre_ON,TORONTO CITY CENTRE,CAN_ON_Toronto.City.Centre.712650_CWEC2020.zip
ERS-EX-60389-in.idf,Toronto City Centre_ON,TORONTO CITY CENTRE,CAN_ON_Toronto.City.Centre.712650_CWEC2020.zip
ERS-EX-60404-in.idf,Toronto City Centre_ON,TORONTO CITY CENTRE,CAN_ON_Toronto.City.Centre.712650_CWEC2020.zip
ERS-EX-60410-in.idf,Toronto City Centre_ON,TORONTO CITY CENTRE,CAN_ON_Toronto.City.Centre.712650_CWEC2020.zip
ERS-EX-60430-in.idf,Toronto City Centre_ON,TORONTO CITY CENTRE,CAN_ON_Toronto.City.Centre.712650_CWEC2020.zip
ERS-EX-60463-in.idf,Toronto City Centre_ON,TORONTO CITY CENTRE,CAN_ON_Toronto.City.Centre.712650_CWEC2020.zip
ERS-EX-60485-in.idf,Toronto City Centre_ON,TORONTO CITY CENTRE,CAN_ON_Toronto.City.Centre.712650_CWEC2020.zip
ERS-EX-60503-in.idf,Erieau AUT_ON,ERIEAU,CAN_ON_Erieau.AUT.714650_CWEC2020.zip
ERS-EX-60510-in.idf,Erieau AUT_ON,ERIEAU,CAN_ON_Erieau.AUT.714650_CWEC2020.zip
ERS-EX-60536-in.idf,Erieau AUT_ON,ERIEAU,CAN_ON_Erieau.AUT.714650_CWEC2020.zip
ERS-EX-60548-in.idf,Erieau AUT_ON,ERIEAU,CAN_ON_Erieau.AUT.714650_CWEC2020.zip
ERS-EX-60556-in.idf,Erieau AUT_ON,ERIEAU,CAN_ON_Erieau.AUT.714650_CWEC2020.zip
ERS-EX-60570-in.idf,Erieau AUT_ON,ERIEAU,CAN_ON_Erieau.AUT.714650_CWEC2020.zip
ERS-EX-60571-in.idf,Erieau AUT_ON,ERIEAU,CAN_ON_Erieau.AUT.714650_CWEC2020.zip
ERS-EX-60740-in.idf,Erieau AUT_ON,ERIEAU,CAN_ON_Erieau.AUT.714650_CWEC2020.zip
ERS-EX-60746-in.idf,Erieau AUT_ON,ERIEAU,CAN_ON_Erieau.AUT.714650_CWEC2020.zip
ERS-EX-60788-in.idf,Ottawa Intl AP_ON,OTTAWA INTL,CAN_ON_Ottawa.Intl.AP.716280_CWEC2020.zip
ERS-EX-60801-in.idf,Ottawa Intl AP_ON,OTTAWA INTL,CAN_ON_Ottawa.Intl.AP.716280_CWEC2020.zip
ERS-EX-60825-in.idf,Ottawa Intl AP_ON,OTTAWA INTL,CAN_ON_Ottawa.Intl.AP.716280_CWEC2020.zip
ERS-EX-60830-in.idf,Ottawa Intl AP_ON,OTTAWA INTL,CAN_ON_Ottawa.Intl.AP.716280_CWEC2020.zip
ERS-EX-60868-in.idf,Ottawa Intl AP_ON,OTTAWA INTL,CAN_ON_Ottawa.Intl.AP.716280_CWEC2020.zip
ERS-EX-60889-in.idf,Ottawa Intl AP_ON,OTTAWA INTL,CAN_ON_Ottawa.Intl.AP.716280_CWEC2020.zip
ERS-EX-6089-in.idf,Saint John AP_NB,SAINT JOHN,CAN_NB_Saint.John.AP.716090_CWEC2020.zip
ERS-EX-60915-in.idf,Toronto City Centre_ON,TORONTO CITY CENTRE,CAN_ON_Toronto.City.Centre.712650_CWEC2020.zip
ERS-EX-60976-in.idf,Windsor AP_ON,WINDSOR,CAN_ON_Windsor.AP.715380_CWEC2020.zip
ERS-EX-60981-in.idf,London AP_ON,LONDON,CAN_ON_London.AP.716230_CWEC2020.zip
ERS-EX-6102-in.idf,Saint John AP_NB,SAINT JOHN,CAN_NB_Saint.John.AP.716090_CWEC2020.zip
ERS-EX-61047-in.idf,London AP_ON,LONDON,CAN_ON_London.AP.716230_CWEC2020.zip
ERS-EX-61049-in.idf,London AP_ON,LONDON,CAN_ON_London.AP.716230_CWEC2020.zip
ERS-EX-61065-in.idf,London AP_ON,LONDON,CAN_ON_London.AP.716230_CWEC2020.zip
ERS-EX-61076-in.idf,London AP_ON,LONDON,CAN_ON_London.AP.716230_CWEC2020.zip
ERS-EX-61088-in.idf,London AP_ON,LONDON,CAN_ON_London.AP.716230_CWEC2020.zip
ERS-EX-61096-in.idf,London AP_ON,LONDON,CAN_ON_London.AP.716230_CWEC2020.zip
ERS-EX-61104-in.idf,Windsor AP_ON,WINDSOR,CAN_ON_Windsor.AP.715380_CWEC2020.zip
ERS-EX-61118-in.idf,Windsor AP_ON,WINDSOR,CAN_ON_Windsor.AP.715380_CWEC2020.zip
ERS-EX-61129-in.idf,Windsor AP_ON,WINDSOR,CAN_ON_Windsor.AP.715380_CWEC2020.zip
ERS-EX-61161-in.idf,Windsor AP_ON,WINDSOR,CAN_ON_Windsor.AP.715380_CWEC2020.zip
ERS-EX-6117-in.idf,Halifax Intl AP_NS,HALIFAX INTL,CAN_NS_Halifax.Intl.AP.713950_CWEC2020.zip
ERS-EX-61193-in.idf,Erieau AUT_ON,ERIEAU,CAN_ON_Erieau.AUT.714650_CWEC2020.zip
ERS-EX-61222-in.idf,Erieau AUT_ON,ERIEAU,CAN_ON_Erieau.AUT.714650_CWEC2020.zip
ERS-EX-6123-in.idf,Fredericton_NB,FREDERICTON,CAN_NB_Fredericton.717000_CWEC2020.zip
ERS-EX-61293-in.idf,Toronto City Centre_ON,TORONTO CITY CENTRE,CAN_ON_Toronto.City.Centre.712650_CWEC2020.zip
ERS-EX-61339-in.idf,Erieau AUT_ON,ERIEAU,CAN_ON_Erieau.AUT.714650_CWEC2020.zip
ERS-EX-6134-in.idf,Moncton Intl AP_NB,MONCTON INTL,CAN_NB_Moncton.Intl.AP.717050_CWEC2020.zip
ERS-EX-61345-in.idf,Erieau AUT_ON,ERIEAU,CAN_ON_Erieau.AUT.714650_CWEC2020.zip
ERS-EX-61346-in.idf,Erieau AUT_ON,ERIEAU,CAN_ON_Erieau.AUT.714650_CWEC2020.zip
ERS-EX-61429-in.idf,London AP_ON,LONDON,CAN_ON_London.AP.716230_CWEC2020.zip
ERS-EX-61492-in.idf,Toronto Intl AP_ON,TORONTO INTL,CAN_ON_Toronto.Intl.AP.716240_CWEC2020.zip
ERS-EX-61503-in.idf,Toronto Intl AP_ON,TORONTO INTL,CAN_ON_Toronto.Intl.AP.716240_CWEC2020.zip
ERS-EX-61534-in.idf,Toronto Intl AP_ON,TORONTO INTL,CAN_ON_Toronto.Intl.AP.716240_CWEC2020.zip
ERS-EX-61542-in.idf,Toronto Intl AP_ON,TORONTO INTL,CAN_ON_Toronto.Intl.AP.716240_CWEC2020.zip
ERS-EX-61595-in.idf,Erieau AUT_ON,ERIEAU,CAN_ON_Erieau.AUT.714650_CWEC2020.zip
ERS-EX-61619-in.idf,Ottawa Intl AP_ON,OTTAWA INTL,CAN_ON_Ottawa.Intl.AP.716280_CWEC2020.zip
ERS-EX-61696-in.idf,Toronto City Centre_ON,TORONTO CITY CENTRE,CAN_ON_Toronto.City.Centre.712650_CWEC2020.zip
ERS-EX-61702-in.idf,Toronto City Centre_ON,TORONTO CITY CENTRE,CAN_ON_Toronto.City.Centre.712650_CWEC2020.zip
ERS-EX-6171-in.idf,Moncton Intl AP_NB,MONCTON INTL,CAN_NB_Moncton.Intl.AP.717050_CWEC2020.zip
ERS-EX-61722-in.idf,Toronto City Centre_ON,TORONTO CITY CENTRE,CAN_ON_Toronto.City.Centre.712650_CWEC2020.zip
ERS-EX-61754-in.idf,Toronto City Centre_ON,TORONTO CITY CENTRE,CAN_ON_Toronto.City.Centre.712650_CWEC2020.zip
ERS-EX-61766-in.idf,Toronto City Centre_ON,TORONTO CITY CENTRE,CAN_ON_Toronto.City.Centre.712650_CWEC2020.zip
ERS-EX-61800-in.idf,Toronto City Centre_ON,TORONTO CITY CENTRE,CAN_ON_Toronto.City.Centre.712650_CWEC2020.zip
ERS-EX-61804-in.idf,Toronto City Centre_ON,TORONTO CITY CENTRE,CAN_ON_Toronto.City.Centre.712650_CWEC2020.zip
ERS-EX-6185-in.idf,Halifax Intl AP_NS,HALIFAX INTL,CAN_NS_Halifax.Intl.AP.713950_CWEC2020.zip
ERS-EX-61850-in.idf,Toronto City Centre_ON,TORONTO CITY CENTRE,CAN_ON_Toronto.City.Centre.712650_CWEC2020.zip
ERS-EX-61906-in.idf,Toronto City Centre_ON,TORONTO CITY CENTRE,CAN_ON_Toronto.City.Centre.712650_CWEC2020.zip
ERS-EX-61921-in.idf,Toronto City Centre_ON,TORONTO CITY CENTRE,CAN_ON_Toronto.City.Centre.712650_CWEC2020.zip
ERS-EX-61925-in.idf,Toronto City Centre_ON,TORONTO CITY CENTRE,CAN_ON_Toronto.City.Centre.712650_CWEC2020.zip
ERS-EX-61927-in.idf,Toronto City Centre_ON,TORONTO CITY CENTRE,CAN_ON_Toronto.City.Centre.712650_CWEC2020.zip
ERS-EX-61948-in.idf,Toronto City Centre_ON,TORONTO CITY CENTRE,CAN_ON_Toronto.City.Centre.712650_CWEC2020.zip
ERS-EX-61961-in.idf,Toronto City Centre_ON,TORONTO CITY CENTRE,CAN_ON_Toronto.City.Centre.712650_CWEC2020.zip
ERS-EX-61982-in.idf,Toronto Intl AP_ON,TORONTO INTL,CAN_ON_Toronto.Intl.AP.716240_CWEC2020.zip
ERS-EX-62015-in.idf,Toronto City Centre_ON,TORONTO CITY CENTRE,CAN_ON_Toronto.City.Centre.712650_CWEC2020.zip
ERS-EX-62023-in.idf,Toronto City Centre_ON,TORONTO CITY CENTRE,CAN_ON_Toronto.City.Centre.712650_CWEC2020.zip
ERS-EX-62031-in.idf,Toronto City Centre_ON,TORONTO CITY CENTRE,CAN_ON_Toronto.City.Centre.712650_CWEC2020.zip
ERS-EX-62033-in.idf,Toronto City Centre_ON,TORONTO CITY CENTRE,CAN_ON_Toronto.City.Centre.712650_CWEC2020.zip
ERS-EX-62038-in.idf,Toronto City Centre_ON,TORONTO CITY CENTRE,CAN_ON_Toronto.City.Centre.712650_CWEC2020.zip
ERS-EX-62043-in.idf,Toronto City Centre_ON,TORONTO CITY CENTRE,CAN_ON_Toronto.City.Centre.712650_CWEC2020.zip
ERS-EX-62046-in.idf,Toronto City Centre_ON,TORONTO CITY CENTRE,CAN_ON_Toronto.City.Centre.712650_CWEC2020.zip
ERS-EX-62054-in.idf,Toronto City Centre_ON,TORONTO CITY CENTRE,CAN_ON_Toronto.City.Centre.712650_CWEC2020.zip
ERS-EX-62072-in.idf,Toronto Intl AP_ON,TORONTO INTL,CAN_ON_Toronto.Intl.AP.716240_CWEC2020.zip
ERS-EX-62082-in.idf,Toronto City Centre_ON,TORONTO CITY CENTRE,CAN_ON_Toronto.City.Centre.712650_CWEC2020.zip
ERS-EX-62120-in.idf,Toronto Intl AP_ON,TORONTO INTL,CAN_ON_Toronto.Intl.AP.716240_CWEC2020.zip
ERS-EX-62156-in.idf,Toronto City Centre_ON,TORONTO CITY CENTRE,CAN_ON_Toronto.City.Centre.712650_CWEC2020.zip
ERS-EX-6216-in.idf,Fredericton_NB,FREDERICTON,CAN_NB_Fredericton.717000_CWEC2020.zip
ERS-EX-62172-in.idf,Toronto City Centre_ON,TORONTO CITY CENTRE,CAN_ON_Toronto.City.Centre.712650_CWEC2020.zip
ERS-EX-62182-in.idf,Toronto City Centre_ON,TORONTO CITY CENTRE,CAN_ON_Toronto.City.Centre.712650_CWEC2020.zip
ERS-EX-62191-in.idf,Toronto City Centre_ON,TORONTO CITY CENTRE,CAN_ON_Toronto.City.Centre.712650_CWEC2020.zip
ERS-EX-62200-in.idf,Toronto City Centre_ON,TORONTO CITY CENTRE,CAN_ON_Toronto.City.Centre.712650_CWEC2020.zip
ERS-EX-62265-in.idf,Toronto City Centre_ON,TORONTO CITY CENTRE,CAN_ON_Toronto.City.Centre.712650_CWEC2020.zip
ERS-EX-62280-in.idf,Toronto City Centre_ON,TORONTO CITY CENTRE,CAN_ON_Toronto.City.Centre.712650_CWEC2020.zip
ERS-EX-62320-in.idf,Toronto City Centre_ON,TORONTO CITY CENTRE,CAN_ON_Toronto.City.Centre.712650_CWEC2020.zip
ERS-EX-62325-in.idf,Toronto City Centre_ON,TORONTO CITY CENTRE,CAN_ON_Toronto.City.Centre.712650_CWEC2020.zip
ERS-EX-6234-in.idf,Moncton Intl AP_NB,MONCTON INTL,CAN_NB_Moncton.Intl.AP.717050_CWEC2020.zip
ERS-EX-62367-in.idf,Toronto City Centre_ON,TORONTO CITY CENTRE,CAN_ON_Toronto.City.Centre.712650_CWEC2020.zip
ERS-EX-62368-in.idf,Toronto City Centre_ON,TORONTO CITY CENTRE,CAN_ON_Toronto.City.Centre.712650_CWEC2020.zip
ERS-EX-62376-in.idf,Toronto City Centre_ON,TORONTO CITY CENTRE,CAN_ON_Toronto.City.Centre.712650_CWEC2020.zip
ERS-EX-62381-in.idf,Toronto City Centre_ON,TORONTO CITY CENTRE,CAN_ON_Toronto.City.Centre.712650_CWEC2020.zip
ERS-EX-6241-in.idf,Moncton Intl AP_NB,MONCTON INTL,CAN_NB_Moncton.Intl.AP.717050_CWEC2020.zip
ERS-EX-62435-in.idf,Toronto City Centre_ON,TORONTO CITY CENTRE,CAN_ON_Toronto.City.Centre.712650_CWEC2020.zip
ERS-EX-6245-in.idf,Moncton Intl AP_NB,MONCTON INTL,CAN_NB_Moncton.Intl.AP.717050_CWEC2020.zip
ERS-EX-62467-in.idf,Toronto City Centre_ON,TORONTO CITY CENTRE,CAN_ON_Toronto.City.Centre.712650_CWEC2020.zip
ERS-EX-62511-in.idf,Windsor AP_ON,WINDSOR,CAN_ON_Windsor.AP.715380_CWEC2020.zip
ERS-EX-62515-in.idf,Windsor AP_ON,WINDSOR,CAN_ON_Windsor.AP.715380_CWEC2020.zip
ERS-EX-62526-in.idf,Windsor AP_ON,WINDSOR,CAN_ON_Windsor.AP.715380_CWEC2020.zip
ERS-EX-62556-in.idf,Toronto City Centre_ON,TORONTO CITY CENTRE,CAN_ON_Toronto.City.Centre.712650_CWEC2020.zip
ERS-EX-62571-in.idf,Toronto City Centre_ON,TORONTO CITY CENTRE,CAN_ON_Toronto.City.Centre.712650_CWEC2020.zip
ERS-EX-62584-in.idf,Toronto City Centre_ON,TORONTO CITY CENTRE,CAN_ON_Toronto.City.Centre.712650_CWEC2020.zip
ERS-EX-62606-in.idf,Toronto City Centre_ON,TORONTO CITY CENTRE,CAN_ON_Toronto.City.Centre.712650_CWEC2020.zip
ERS-EX-62614-in.idf,Toronto City Centre_ON,TORONTO CITY CENTRE,CAN_ON_Toronto.City.Centre.712650_CWEC2020.zip
ERS-EX-62647-in.idf,Toronto City Centre_ON,TORONTO CITY CENTRE,CAN_ON_Toronto.City.Centre.712650_CWEC2020.zip
ERS-EX-6272-in.idf,Moncton Intl AP_NB,MONCTON INTL,CAN_NB_Moncton.Intl.AP.717050_CWEC2020.zip
ERS-EX-62734-in.idf,Halifax Intl AP_NS,HALIFAX INTL,CAN_NS_Halifax.Intl.AP.713950_CWEC2020.zip
ERS-EX-62745-in.idf,Halifax Intl AP_NS,HALIFAX INTL,CAN_NS_Halifax.Intl.AP.713950_CWEC2020.zip
ERS-EX-62750-in.idf,Halifax Intl AP_NS,HALIFAX INTL,CAN_NS_Halifax.Intl.AP.713950_CWEC2020.zip
ERS-EX-62751-in.idf,Halifax Intl AP_NS,HALIFAX INTL,CAN_NS_Halifax.Intl.AP.713950_CWEC2020.zip
ERS-EX-62790-in.idf,Halifax Intl AP_NS,HALIFAX INTL,CAN_NS_Halifax.Intl.AP.713950_CWEC2020.zip
ERS-EX-62821-in.idf,Halifax Intl AP_NS,HALIFAX INTL,CAN_NS_Halifax.Intl.AP.713950_CWEC2020.zip
ERS-EX-62849-in.idf,Greenwood AP_NS,GREENWOOD,CAN_NS_Greenwood.AP.713970_CWEC2020.zip
ERS-EX-62869-in.idf,Greenwood AP_NS,GREENWOOD,CAN_NS_Greenwood.AP.713970_CWEC2020.zip
ERS-EX-6289-in.idf,Moncton Intl AP_NB,MONCTON INTL,CAN_NB_Moncton.Intl.AP.717050_CWEC2020.zip
ERS-EX-62891-in.idf,Yarmouth AP_NS,YARMOUTH,CAN_NS_Yarmouth.AP.716030_CWEC2020.zip
ERS-EX-62914-in.idf,Halifax Intl AP_NS,HALIFAX INTL,CAN_NS_Halifax.Intl.AP.713950_CWEC2020.zip
ERS-EX-62921-in.idf,Halifax Intl AP_NS,HALIFAX INTL,CAN_NS_Halifax.Intl.AP.713950_CWEC2020.zip
ERS-EX-62926-in.idf,Halifax Intl AP_NS,HALIFAX INTL,CAN_NS_Halifax.Intl.AP.713950_CWEC2020.zip
ERS-EX-62939-in.idf,Yarmouth AP_NS,YARMOUTH,CAN_NS_Yarmouth.AP.716030_CWEC2020.zip
ERS-EX-62978-in.idf,Halifax Intl AP_NS,HALIFAX INTL,CAN_NS_Halifax.Intl.AP.713950_CWEC2020.zip
ERS-EX-62979-in.idf,Halifax Intl AP_NS,HALIFAX INTL,CAN_NS_Halifax.Intl.AP.713950_CWEC2020.zip
ERS-EX-63003-in.idf,Halifax Intl AP_NS,HALIFAX INTL,CAN_NS_Halifax.Intl.AP.713950_CWEC2020.zip
ERS-EX-63045-in.idf,Halifax Intl AP_NS,HALIFAX INTL,CAN_NS_Halifax.Intl.AP.713950_CWEC2020.zip
ERS-EX-63100-in.idf,Yarmouth AP_NS,YARMOUTH,CAN_NS_Yarmouth.AP.716030_CWEC2020.zip
ERS-EX-63107-in.idf,Halifax Intl AP_NS,HALIFAX INTL,CAN_NS_Halifax.Intl.AP.713950_CWEC2020.zip
ERS-EX-63162-in.idf,Halifax Intl AP_NS,HALIFAX INTL,CAN_NS_Halifax.Intl.AP.713950_CWEC2020.zip
ERS-EX-63194-in.idf,Halifax Intl AP_NS,HALIFAX INTL,CAN_NS_Halifax.Intl.AP.713950_CWEC2020.zip
ERS-EX-6321-in.idf,Moncton Intl AP_NB,MONCTON INTL,CAN_NB_Moncton.Intl.AP.717050_CWEC2020.zip
ERS-EX-6361-in.idf,Halifax Intl AP_NS,HALIFAX INTL,CAN_NS_Halifax.Intl.AP.713950_CWEC2020.zip
ERS-EX-6409-in.idf,Bathurst AP_NB,BATHURST,CAN_NB_Bathurst.AP.715740_CWEC2020.zip
ERS-EX-6453-in.idf,Moncton Intl AP_NB,MONCTON INTL,CAN_NB_Moncton.Intl.AP.717050_CWEC2020.zip
ERS-EX-6462-in.idf,Moncton Intl AP_NB,MONCTON INTL,CAN_NB_Moncton.Intl.AP.717050_CWEC2020.zip
ERS-EX-6492-in.idf,Moncton Intl AP_NB,MONCTON INTL,CAN_NB_Moncton.Intl.AP.717050_CWEC2020.zip
ERS-EX-6546-in.idf,Bathurst AP_NB,BATHURST,CAN_NB_Bathurst.AP.715740_CWEC2020.zip
ERS-EX-6557-in.idf,Fredericton_NB,FREDERICTON,CAN_NB_Fredericton.717000_CWEC2020.zip
ERS-EX-6580-in.idf,Saint John AP_NB,SAINT JOHN,CAN_NB_Saint.John.AP.716090_CWEC2020.zip
ERS-EX-6595-in.idf,Saint John AP_NB,SAINT JOHN,CAN_NB_Saint.John.AP.716090_CWEC2020.zip
ERS-EX-6600-in.idf,Saint John AP_NB,SAINT JOHN,CAN_NB_Saint.John.AP.716090_CWEC2020.zip
ERS-EX-6653-in.idf,Saint John AP_NB,SAINT JOHN,CAN_NB_Saint.John.AP.716090_CWEC2020.zip
ERS-EX-6688-in.idf,Saint John AP_NB,SAINT JOHN,CAN_NB_Saint.John.AP.716090_CWEC2020.zip
ERS-EX-6713-in.idf,Saint John AP_NB,SAINT JOHN,CAN_NB_Saint.John.AP.716090_CWEC2020.zip
ERS-EX-6714-in.idf,Saint John AP_NB,SAINT JOHN,CAN_NB_Saint.John.AP.716090_CWEC2020.zip
ERS-EX-6726-in.idf,Saint John AP_NB,SAINT JOHN,CAN_NB_Saint.John.AP.716090_CWEC2020.zip
ERS-EX-6839-in.idf,Fredericton_NB,FREDERICTON,CAN_NB_Fredericton.717000_CWEC2020.zip
ERS-EX-6881-in.idf,Fredericton_NB,FREDERICTON,CAN_NB_Fredericton.717000_CWEC2020.zip
ERS-EX-6895-in.idf,Fredericton_NB,FREDERICTON,CAN_NB_Fredericton.717000_CWEC2020.zip
ERS-EX-6928-in.idf,Fredericton_NB,FREDERICTON,CAN_NB_Fredericton.717000_CWEC2020.zip
ERS-EX-6970-in.idf,Fredericton_NB,FREDERICTON,CAN_NB_Fredericton.717000_CWEC2020.zip
ERS-EX-6988-in.idf,Saint John AP_NB,SAINT JOHN,CAN_NB_Saint.John.AP.716090_CWEC2020.zip
ERS-EX-6992-in.idf,Fredericton_NB,FREDERICTON,CAN_NB_Fredericton.717000_CWEC2020.zip
ERS-EX-6996-in.idf,Fredericton_NB,FREDERICTON,CAN_NB_Fredericton.717000_CWEC2020.zip
ERS-EX-7017-in.idf,Bathurst AP_NB,BATHURST,CAN_NB_Bathurst.AP.715740_CWEC2020.zip
ERS-EX-7025-in.idf,Fredericton_NB,FREDERICTON,CAN_NB_Fredericton.717000_CWEC2020.zip
ERS-EX-7060-in.idf,Halifax Intl AP_NS,HALIFAX INTL,CAN_NS_Halifax.Intl.AP.713950_CWEC2020.zip
ERS-EX-7061-in.idf,Halifax Intl AP_NS,HALIFAX INTL,CAN_NS_Halifax.Intl.AP.713950_CWEC2020.zip
ERS-EX-7070-in.idf,Halifax Intl AP_NS,HALIFAX INTL,CAN_NS_Halifax.Intl.AP.713950_CWEC2020.zip
ERS-EX-7074-in.idf,Halifax Intl AP_NS,HALIFAX INTL,CAN_NS_Halifax.Intl.AP.713950_CWEC2020.zip
ERS-EX-7120-in.idf,Halifax Intl AP_NS,HALIFAX INTL,CAN_NS_Halifax.Intl.AP.713950_CWEC2020.zip
ERS-EX-7123-in.idf,Halifax Intl AP_NS,HALIFAX INTL,CAN_NS_Halifax.Intl.AP.713950_CWEC2020.zip
ERS-EX-7124-in.idf,Greenwood AP_NS,GREENWOOD,CAN_NS_Greenwood.AP.713970_CWEC2020.zip
ERS-EX-7164-in.idf,Halifax Intl AP_NS,HALIFAX INTL,CAN_NS_Halifax.Intl.AP.713950_CWEC2020.zip
ERS-EX-7170-in.idf,Halifax Intl AP_NS,HALIFAX INTL,CAN_NS_Halifax.Intl.AP.713950_CWEC2020.zip
ERS-EX-7181-in.idf,Halifax Intl AP_NS,HALIFAX INTL,CAN_NS_Halifax.Intl.AP.713950_CWEC2020.zip
ERS-EX-7194-in.idf,Halifax Intl AP_NS,HALIFAX INTL,CAN_NS_Halifax.Intl.AP.713950_CWEC2020.zip
ERS-EX-7203-in.idf,Halifax Intl AP_NS,HALIFAX INTL,CAN_NS_Halifax.Intl.AP.713950_CWEC2020.zip
ERS-EX-7209-in.idf,Halifax Intl AP_NS,HALIFAX INTL,CAN_NS_Halifax.Intl.AP.713950_CWEC2020.zip
ERS-EX-7212-in.idf,Halifax Intl AP_NS,HALIFAX INTL,CAN_NS_Halifax.Intl.AP.713950_CWEC2020.zip
ERS-EX-7227-in.idf,Bathurst AP_NB,BATHURST,CAN_NB_Bathurst.AP.715740_CWEC2020.zip
ERS-EX-7232-in.idf,Bathurst AP_NB,BATHURST,CAN_NB_Bathurst.AP.715740_CWEC2020.zip
ERS-EX-7268-in.idf,Bathurst AP_NB,BATHURST,CAN_NB_Bathurst.AP.715740_CWEC2020.zip
ERS-EX-7280-in.idf,Bathurst AP_NB,BATHURST,CAN_NB_Bathurst.AP.715740_CWEC2020.zip
ERS-EX-7294-in.idf,Bathurst AP_NB,BATHURST,CAN_NB_Bathurst.AP.715740_CWEC2020.zip
ERS-EX-7402-in.idf,Halifax Intl AP_NS,HALIFAX INTL,CAN_NS_Halifax.Intl.AP.713950_CWEC2020.zip
ERS-EX-7403-in.idf,Halifax Intl AP_NS,HALIFAX INTL,CAN_NS_Halifax.Intl.AP.713950_CWEC2020.zip
ERS-EX-7412-in.idf,Halifax Intl AP_NS,HALIFAX INTL,CAN_NS_Halifax.Intl.AP.713950_CWEC2020.zip
ERS-EX-7438-in.idf,Halifax Intl AP_NS,HALIFAX INTL,CAN_NS_Halifax.Intl.AP.713950_CWEC2020.zip
ERS-EX-7439-in.idf,Halifax Intl AP_NS,HALIFAX INTL,CAN_NS_Halifax.Intl.AP.713950_CWEC2020.zip
ERS-EX-7462-in.idf,Greenwood AP_NS,GREENWOOD,CAN_NS_Greenwood.AP.713970_CWEC2020.zip
ERS-EX-7485-in.idf,Greenwood AP_NS,GREENWOOD,CAN_NS_Greenwood.AP.713970_CWEC2020.zip
ERS-EX-7495-in.idf,Greenwood AP_NS,GREENWOOD,CAN_NS_Greenwood.AP.713970_CWEC2020.zip
ERS-EX-7525-in.idf,Halifax Intl AP_NS,HALIFAX INTL,CAN_NS_Halifax.Intl.AP.713950_CWEC2020.zip
ERS-EX-7534-in.idf,Greenwood AP_NS,GREENWOOD,CAN_NS_Greenwood.AP.713970_CWEC2020.zip
ERS-EX-7556-in.idf,Halifax Intl AP_NS,HALIFAX INTL,CAN_NS_Halifax.Intl.AP.713950_CWEC2020.zip
ERS-EX-7557-in.idf,Greenwood AP_NS,GREENWOOD,CAN_NS_Greenwood.AP.713970_CWEC2020.zip
ERS-EX-7561-in.idf,Halifax Intl AP_NS,HALIFAX INTL,CAN_NS_Halifax.Intl.AP.713950_CWEC2020.zip
ERS-EX-7562-in.idf,Greenwood AP_NS,GREENWOOD,CAN_NS_Greenwood.AP.713970_CWEC2020.zip
ERS-EX-7565-in.idf,Halifax Intl AP_NS,HALIFAX INTL,CAN_NS_Halifax.Intl.AP.713950_CWEC2020.zip
ERS-EX-7568-in.idf,Greenwood AP_NS,GREENWOOD,CAN_NS_Greenwood.AP.713970_CWEC2020.zip
ERS-EX-7576-in.idf,Halifax Intl AP_NS,HALIFAX INTL,CAN_NS_Halifax.Intl.AP.713950_CWEC2020.zip
ERS-EX-7577-in.idf,Greenwood AP_NS,GREENWOOD,CAN_NS_Greenwood.AP.713970_CWEC2020.zip
ERS-EX-7585-in.idf,Halifax Intl AP_NS,HALIFAX INTL,CAN_NS_Halifax.Intl.AP.713950_CWEC2020.zip
ERS-EX-7619-in.idf,Greenwood AP_NS,GREENWOOD,CAN_NS_Greenwood.AP.713970_CWEC2020.zip
ERS-EX-7632-in.idf,Halifax Intl AP_NS,HALIFAX INTL,CAN_NS_Halifax.Intl.AP.713950_CWEC2020.zip
ERS-EX-7657-in.idf,Halifax Intl AP_NS,HALIFAX INTL,CAN_NS_Halifax.Intl.AP.713950_CWEC2020.zip
ERS-EX-7658-in.idf,Halifax Intl AP_NS,HALIFAX INTL,CAN_NS_Halifax.Intl.AP.713950_CWEC2020.zip
ERS-EX-7662-in.idf,Halifax Intl AP_NS,HALIFAX INTL,CAN_NS_Halifax.Intl.AP.713950_CWEC2020.zip
ERS-EX-7664-in.idf,Halifax Intl AP_NS,HALIFAX INTL,CAN_NS_Halifax.Intl.AP.713950_CWEC2020.zip
ERS-EX-7678-in.idf,Halifax Intl AP_NS,HALIFAX INTL,CAN_NS_Halifax.Intl.AP.713950_CWEC2020.zip
ERS-EX-7694-in.idf,Sydney AP_NS,SYDNEY,CAN_NS_Sydney.AP.717070_CWEC2020.zip
ERS-EX-7702-in.idf,Sydney AP_NS,SYDNEY,CAN_NS_Sydney.AP.717070_CWEC2020.zip
ERS-EX-7753-in.idf,Yarmouth AP_NS,YARMOUTH,CAN_NS_Yarmouth.AP.716030_CWEC2020.zip
ERS-EX-7756-in.idf,Greenwood AP_NS,GREENWOOD,CAN_NS_Greenwood.AP.713970_CWEC2020.zip
ERS-EX-7760-in.idf,Yarmouth AP_NS,YARMOUTH,CAN_NS_Yarmouth.AP.716030_CWEC2020.zip
ERS-EX-7804-in.idf,Greenwood AP_NS,GREENWOOD,CAN_NS_Greenwood.AP.713970_CWEC2020.zip
ERS-EX-7807-in.idf,Yarmouth AP_NS,YARMOUTH,CAN_NS_Yarmouth.AP.716030_CWEC2020.zip
ERS-EX-7830-in.idf,Greenwood AP_NS,GREENWOOD,CAN_NS_Greenwood.AP.713970_CWEC2020.zip
ERS-EX-78371-in.idf,Edmonton Intl AP_AB,EDMONTON INTL,CAN_AB_Edmonton.Intl.AP.711230_CWEC2020.zip
ERS-EX-78375-in.idf,Edmonton Intl AP_AB,EDMONTON INTL,CAN_AB_Edmonton.Intl.AP.711230_CWEC2020.zip
ERS-EX-78381-in.idf,Edmonton Intl AP_AB,EDMONTON INTL,CAN_AB_Edmonton.Intl.AP.711230_CWEC2020.zip
ERS-EX-78393-in.idf,Edmonton Intl AP_AB,EDMONTON INTL,CAN_AB_Edmonton.Intl.AP.711230_CWEC2020.zip
ERS-EX-78397-in.idf,Edmonton Intl AP_AB,EDMONTON INTL,CAN_AB_Edmonton.Intl.AP.711230_CWEC2020.zip
ERS-EX-78398-in.idf,Edmonton Intl AP_AB,EDMONTON INTL,CAN_AB_Edmonton.Intl.AP.711230_CWEC2020.zip
ERS-EX-78419-in.idf,Edmonton Intl AP_AB,EDMONTON INTL,CAN_AB_Edmonton.Intl.AP.711230_CWEC2020.zip
ERS-EX-78423-in.idf,Edmonton Intl AP_AB,EDMONTON INTL,CAN_AB_Edmonton.Intl.AP.711230_CWEC2020.zip
ERS-EX-78436-in.idf,Edmonton Intl AP_AB,EDMONTON INTL,CAN_AB_Edmonton.Intl.AP.711230_CWEC2020.zip
ERS-EX-78437-in.idf,Edmonton Intl AP_AB,EDMONTON INTL,CAN_AB_Edmonton.Intl.AP.711230_CWEC2020.zip
ERS-EX-78441-in.idf,Edmonton Intl AP_AB,EDMONTON INTL,CAN_AB_Edmonton.Intl.AP.711230_CWEC2020.zip
ERS-EX-78446-in.idf,Edmonton Intl AP_AB,EDMONTON INTL,CAN_AB_Edmonton.Intl.AP.711230_CWEC2020.zip
ERS-EX-78447-in.idf,Edmonton Intl AP_AB,EDMONTON INTL,CAN_AB_Edmonton.Intl.AP.711230_CWEC2020.zip
ERS-EX-78465-in.idf,Comox AP_BC,COMOX,CAN_BC_Comox.AP.718930_CWEC2020.zip
ERS-EX-78468-in.idf,Comox AP_BC,COMOX,CAN_BC_Comox.AP.718930_CWEC2020.zip
ERS-EX-78472-in.idf,Comox AP_BC,COMOX,CAN_BC_Comox.AP.718930_CWEC2020.zip
ERS-EX-7886-in.idf,Yarmouth AP_NS,YARMOUTH,CAN_NS_Yarmouth.AP.716030_CWEC2020.zip
ERS-EX-7892-in.idf,Yarmouth AP_NS,YARMOUTH,CAN_NS_Yarmouth.AP.716030_CWEC2020.zip
ERS-EX-7907-in.idf,Yarmouth AP_NS,YARMOUTH,CAN_NS_Yarmouth.AP.716030_CWEC2020.zip
ERS-EX-7915-in.idf,Greenwood AP_NS,GREENWOOD,CAN_NS_Greenwood.AP.713970_CWEC2020.zip
ERS-EX-7933-in.idf,Yarmouth AP_NS,YARMOUTH,CAN_NS_Yarmouth.AP.716030_CWEC2020.zip
ERS-EX-7939-in.idf,Yarmouth AP_NS,YARMOUTH,CAN_NS_Yarmouth.AP.716030_CWEC2020.zip
ERS-EX-7982-in.idf,Sydney AP_NS,SYDNEY,CAN_NS_Sydney.AP.717070_CWEC2020.zip
ERS-EX-7995-in.idf,Sydney AP_NS,SYDNEY,CAN_NS_Sydney.AP.717070_CWEC2020.zip
ERS-EX-8015-in.idf,Halifax Intl AP_NS,HALIFAX INTL,CAN_NS_Halifax.Intl.AP.713950_CWEC2020.zip
ERS-EX-8038-in.idf,Halifax Intl AP_NS,HALIFAX INTL,CAN_NS_Halifax.Intl.AP.713950_CWEC2020.zip
ERS-EX-8057-in.idf,Sydney AP_NS,SYDNEY,CAN_NS_Sydney.AP.717070_CWEC2020.zip
ERS-EX-8068-in.idf,Sydney AP_NS,SYDNEY,CAN_NS_Sydney.AP.717070_CWEC2020.zip
ERS-EX-8123-in.idf,Sydney AP_NS,SYDNEY,CAN_NS_Sydney.AP.717070_CWEC2020.zip
ERS-EX-8130-in.idf,Halifax Intl AP_NS,HALIFAX INTL,CAN_NS_Halifax.Intl.AP.713950_CWEC2020.zip
ERS-EX-8131-in.idf,Halifax Intl AP_NS,HALIFAX INTL,CAN_NS_Halifax.Intl.AP.713950_CWEC2020.zip
ERS-EX-8157-in.idf,Sydney AP_NS,SYDNEY,CAN_NS_Sydney.AP.717070_CWEC2020.zip
ERS-EX-8158-in.idf,Sydney AP_NS,SYDNEY,CAN_NS_Sydney.AP.717070_CWEC2020.zip
ERS-EX-8167-in.idf,Sydney AP_NS,SYDNEY,CAN_NS_Sydney.AP.717070_CWEC2020.zip
ERS-EX-8180-in.idf,Sydney AP_NS,SYDNEY,CAN_NS_Sydney.AP.717070_CWEC2020.zip
ERS-EX-8184-in.idf,Sydney AP_NS,SYDNEY,CAN_NS_Sydney.AP.717070_CWEC2020.zip
ERS-EX-8192-in.idf,Halifax Intl AP_NS,HALIFAX INTL,CAN_NS_Halifax.Intl.AP.713950_CWEC2020.zip
ERS-EX-8227-in.idf,Sydney AP_NS,SYDNEY,CAN_NS_Sydney.AP.717070_CWEC2020.zip
ERS-EX-8228-in.idf,Sydney AP_NS,SYDNEY,CAN_NS_Sydney.AP.717070_CWEC2020.zip
ERS-EX-8234-in.idf,Sydney AP_NS,SYDNEY,CAN_NS_Sydney.AP.717070_CWEC2020.zip
ERS-EX-8242-in.idf,Sydney AP_NS,SYDNEY,CAN_NS_Sydney.AP.717070_CWEC2020.zip
ERS-EX-8254-in.idf,Sydney AP_NS,SYDNEY,CAN_NS_Sydney.AP.717070_CWEC2020.zip
ERS-EX-8266-in.idf,Sydney AP_NS,SYDNEY,CAN_NS_Sydney.AP.717070_CWEC2020.zip
ERS-EX-8272-in.idf,Halifax Intl AP_NS,HALIFAX INTL,CAN_NS_Halifax.Intl.AP.713950_CWEC2020.zip
ERS-EX-8288-in.idf,Halifax Intl AP_NS,HALIFAX INTL,CAN_NS_Halifax.Intl.AP.713950_CWEC2020.zip
ERS-EX-8289-in.idf,Halifax Intl AP_NS,HALIFAX INTL,CAN_NS_Halifax.Intl.AP.713950_CWEC2020.zip
ERS-EX-8302-in.idf,Halifax Intl AP_NS,HALIFAX INTL,CAN_NS_Halifax.Intl.AP.713950_CWEC2020.zip
ERS-EX-8327-in.idf,Greenwood AP_NS,GREENWOOD,CAN_NS_Greenwood.AP.713970_CWEC2020.zip
ERS-EX-8381-in.idf,Halifax Intl AP_NS,HALIFAX INTL,CAN_NS_Halifax.Intl.AP.713950_CWEC2020.zip
ERS-EX-8390-in.idf,Halifax Intl AP_NS,HALIFAX INTL,CAN_NS_Halifax.Intl.AP.713950_CWEC2020.zip
ERS-EX-8406-in.idf,Yarmouth AP_NS,YARMOUTH,CAN_NS_Yarmouth.AP.716030_CWEC2020.zip
ERS-EX-8427-in.idf,Halifax Intl AP_NS,HALIFAX INTL,CAN_NS_Halifax.Intl.AP.713950_CWEC2020.zip
ERS-EX-8445-in.idf,Halifax Intl AP_NS,HALIFAX INTL,CAN_NS_Halifax.Intl.AP.713950_CWEC2020.zip
ERS-EX-8470-in.idf,Windsor AP_ON,WINDSOR,CAN_ON_Windsor.AP.715380_CWEC2020.zip
ERS-EX-8493-in.idf,Windsor AP_ON,WINDSOR,CAN_ON_Windsor.AP.715380_CWEC2020.zip
ERS-EX-8513-in.idf,Windsor AP_ON,WINDSOR,CAN_ON_Windsor.AP.715380_CWEC2020.zip
ERS-EX-8516-in.idf,Windsor AP_ON,WINDSOR,CAN_ON_Windsor.AP.715380_CWEC2020.zip
ERS-EX-8521-in.idf,Windsor AP_ON,WINDSOR,CAN_ON_Windsor.AP.715380_CWEC2020.zip
ERS-EX-8554-in.idf,Point Petre AUT_ON,POINT PETRE,CAN_ON_Point.Petre.AUT.714300_CWEC2020.zip
ERS-EX-8561-in.idf,Point Petre AUT_ON,POINT PETRE,CAN_ON_Point.Petre.AUT.714300_CWEC2020.zip
ERS-EX-8588-in.idf,Trenton AP_ON,TRENTON,CAN_ON_Trenton.AP.716210_CWEC2020.zip
ERS-EX-8605-in.idf,Montreal Intl AP_QC,MONTREAL INTL,CAN_QC_Montreal.Intl.AP.716270_CWEC2020.zip
ERS-EX-8607-in.idf,Montreal Intl AP_QC,MONTREAL INTL,CAN_QC_Montreal.Intl.AP.716270_CWEC2020.zip
ERS-EX-8608-in.idf,Trenton AP_ON,TRENTON,CAN_ON_Trenton.AP.716210_CWEC2020.zip
ERS-EX-8615-in.idf,Montreal Intl AP_QC,MONTREAL INTL,CAN_QC_Montreal.Intl.AP.716270_CWEC2020.zip
ERS-EX-8617-in.idf,Montreal Intl AP_QC,MONTREAL INTL,CAN_QC_Montreal.Intl.AP.716270_CWEC2020.zip
ERS-EX-8629-in.idf,Montreal Intl AP_QC,MONTREAL INTL,CAN_QC_Montreal.Intl.AP.716270_CWEC2020.zip
ERS-EX-8636-in.idf,Montreal Intl AP_QC,MONTREAL INTL,CAN_QC_Montreal.Intl.AP.716270_CWEC2020.zip
ERS-EX-8637-in.idf,Montreal Intl AP_QC,MONTREAL INTL,CAN_QC_Montreal.Intl.AP.716270_CWEC2020.zip
ERS-EX-8643-in.idf,Montreal Intl AP_QC,MONTREAL INTL,CAN_QC_Montreal.Intl.AP.716270_CWEC2020.zip
ERS-EX-8651-in.idf,Point Petre AUT_ON,POINT PETRE,CAN_ON_Point.Petre.AUT.714300_CWEC2020.zip
ERS-EX-8698-in.idf,Montreal Intl AP_QC,MONTREAL INTL,CAN_QC_Montreal.Intl.AP.716270_CWEC2020.zip
ERS-EX-8704-in.idf,Ottawa Intl AP_ON,OTTAWA INTL,CAN_ON_Ottawa.Intl.AP.716280_CWEC2020.zip
ERS-EX-8733-in.idf,Point Petre AUT_ON,POINT PETRE,CAN_ON_Point.Petre.AUT.714300_CWEC2020.zip
ERS-EX-8751-in.idf,Point Petre AUT_ON,POINT PETRE,CAN_ON_Point.Petre.AUT.714300_CWEC2020.zip
ERS-EX-8766-in.idf,Point Petre AUT_ON,POINT PETRE,CAN_ON_Point.Petre.AUT.714300_CWEC2020.zip
ERS-EX-8810-in.idf,Thunder Bay AP_ON,THUNDER BAY,CAN_ON_Thunder.Bay.AP.716670_CWEC2020.zip
ERS-EX-8930-in.idf,Toronto City Centre_ON,TORONTO CITY CENTRE,CAN_ON_Toronto.City.Centre.712650_CWEC2020.zip
ERS-EX-8958-in.idf,Toronto Intl AP_ON,TORONTO INTL,CAN_ON_Toronto.Intl.AP.716240_CWEC2020.zip
ERS-EX-8963-in.idf,Toronto City Centre_ON,TORONTO CITY CENTRE,CAN_ON_Toronto.City.Centre.712650_CWEC2020.zip
ERS-EX-8985-in.idf,Toronto City Centre_ON,TORONTO CITY CENTRE,CAN_ON_Toronto.City.Centre.712650_CWEC2020.zip
ERS-EX-9016-in.idf,Toronto City Centre_ON,TORONTO CITY CENTRE,CAN_ON_Toronto.City.Centre.712650_CWEC2020.zip
ERS-EX-9022-in.idf,Toronto City Centre_ON,TORONTO CITY CENTRE,CAN_ON_Toronto.City.Centre.712650_CWEC2020.zip
ERS-EX-9034-in.idf,Toronto City Centre_ON,TORONTO CITY CENTRE,CAN_ON_Toronto.City.Centre.712650_CWEC2020.zip
ERS-EX-9075-in.idf,Toronto City Centre_ON,TORONTO CITY CENTRE,CAN_ON_Toronto.City.Centre.712650_CWEC2020.zip
ERS-EX-9079-in.idf,Erieau AUT_ON,ERIEAU,CAN_ON_Erieau.AUT.714650_CWEC2020.zip
ERS-EX-9105-in.idf,Erieau AUT_ON,ERIEAU,CAN_ON_Erieau.AUT.714650_CWEC2020.zip
ERS-EX-9117-in.idf,London AP_ON,LONDON,CAN_ON_London.AP.716230_CWEC2020.zip
ERS-EX-9124-in.idf,London AP_ON,LONDON,CAN_ON_London.AP.716230_CWEC2020.zip
ERS-EX-9147-in.idf,London AP_ON,LONDON,CAN_ON_London.AP.716230_CWEC2020.zip
ERS-EX-9221-in.idf,London AP_ON,LONDON,CAN_ON_London.AP.716230_CWEC2020.zip
ERS-EX-9255-in.idf,London AP_ON,LONDON,CAN_ON_London.AP.716230_CWEC2020.zip
ERS-EX-9274-in.idf,London AP_ON,LONDON,CAN_ON_London.AP.716230_CWEC2020.zip
ERS-EX-9311-in.idf,London AP_ON,LONDON,CAN_ON_London.AP.716230_CWEC2020.zip
ERS-EX-9320-in.idf,London AP_ON,LONDON,CAN_ON_London.AP.716230_CWEC2020.zip
ERS-EX-9354-in.idf,London AP_ON,LONDON,CAN_ON_London.AP.716230_CWEC2020.zip
ERS-EX-9420-in.idf,London AP_ON,LONDON,CAN_ON_London.AP.716230_CWEC2020.zip
ERS-EX-9467-in.idf,London AP_ON,LONDON,CAN_ON_London.AP.716230_CWEC2020.zip
ERS-EX-9470-in.idf,London AP_ON,LONDON,CAN_ON_London.AP.716230_CWEC2020.zip
ERS-EX-9472-in.idf,London AP_ON,LONDON,CAN_ON_London.AP.716230_CWEC2020.zip
ERS-EX-9511-in.idf,London AP_ON,LONDON,CAN_ON_London.AP.716230_CWEC2020.zip
ERS-EX-9572-in.idf,London AP_ON,LONDON,CAN_ON_London.AP.716230_CWEC2020.zip
ERS-EX-9580-in.idf,London AP_ON,LONDON,CAN_ON_London.AP.716230_CWEC2020.zip
ERS-EX-9616-in.idf,London AP_ON,LONDON,CAN_ON_London.AP.716230_CWEC2020.zip
ERS-EX-9667-in.idf,London AP_ON,LONDON,CAN_ON_London.AP.716230_CWEC2020.zip
ERS-EX-9811-in.idf,London AP_ON,LONDON,CAN_ON_London.AP.716230_CWEC2020.zip
ERS-EX-9819-in.idf,London AP_ON,LONDON,CAN_ON_London.AP.716230_CWEC2020.zip
ERS-EX-9864-in.idf,London AP_ON,LONDON,CAN_ON_London.AP.716230_CWEC2020.zip
ERS-EX-9961-in.idf,London AP_ON,LONDON,CAN_ON_London.AP.716230_CWEC2020.zip
ERS-EX-9985-in.idf,London AP_ON,LONDON,CAN_ON_London.AP.716230_CWEC2020.zip
ERS-EX-9995-in.idf,London AP_ON,LONDON,CAN_ON_London.AP.716230_CWEC2020.zip
